ID,Full Name,NIC,Phone,District,Date,Comment
"SL-PET-10463","වසන්ත කුමාරසිංහ (Wasantha Kumarasinghe)","19*****820","0773910294","colombo","2026-09-22T09:50:00.000Z","ගරු ජනාධිපතිතුමනි, කරුණාවෙන් සලකා බලන්න."
"SL-PET-10464","රොෂාන් සෙනෙවිරත්න (Roshan Senevirathne)","19*****918","0714910294","overseas","2026-09-22T09:45:10.000Z","ඕස්ට්‍රේලියාවේ සිටින අප සැමගේ සහයෝගය."
"SL-PET-10465","හර්ෂ විජේතුංග (Harsha Wijethunga)","19*****820","0781920394","overseas","2026-09-22T09:40:00.000Z","ඩුබායි සිට ශ්‍රී ලාංකික අපේ පූර්ණ සහයෝගය."
"SL-PET-10466","දර්ශන බණ්ඩාර (Darshana Bandara)","19*****918","0764910293","anuradhapura","2026-09-22T09:35:45.000Z","අපි සියලු දෙනාම පෙත්සම සමග අත්වැල් බැඳගනිමු."
"SL-PET-10467","ඩබ්. ඒ. දයානන්ද (W. A. Dayananda)","19*****820","0772910482","matara","2026-09-22T09:30:10.000Z","සාධාරණත්වය ඉටු කරන්න."
"SL-PET-10468","ජයන්ත වික්‍රමසිංහ (Jayantha Wickramasinghe)","19*****819","0713910294","galle","2026-09-22T09:25:20.000Z","සමාව ලබා දී උන්වහන්සේ මුදාහරින්න."
"SL-PET-25123","Lomitha Liyanage","20*****147","0718767686","ratnapura","2026-09-22T09:22:48.605Z",""
"SL-PET-49488","R.pangngnanada himi","96*****33V","0717554468","colombo","2026-09-22T09:22:06.792Z","නිදහස් විය යුතු හිමි නමකි"
"SL-PET-40903","එන්.සුමනරතනාලංකාර හිමි","85*****79V","0775328922","polonnaruwa","2026-09-22T09:21:29.535Z",""
"SL-PET-10469","අතුල කරුණාරත්න (Athula Karunarathne)","19*****820","0701920482","kurunegala","2026-09-22T09:20:00.000Z","ඥානසාර හිමියන් වෙනුවෙන් අපේ අත්සන."
"SL-PET-13694","Gayan Gamage","19*****110","773081400","colombo","2026-09-22T09:18:13.221Z",""
"SL-PET-91566","සිතුම් රුවන්පතිරන","20*****633","+94759010960","matara","2026-09-22T09:15:54.909Z",""
"SL-PET-10470","ආරියරත්න කවිරත්න (Ariyarathne Kawirathne)","19*****918","0784910294","kalutara","2026-09-22T09:15:30.000Z","ප්‍රජාතන්ත්‍රවාදී හඬට කන් දෙන්න."
"SL-PET-39543","H P Dilhani Niranjala","19*****532","0772145597","gampaha","2026-09-22T09:14:53.749Z",""
"SL-PET-15741","B A sandeepa dulshan","20*****099","0777492727","kalutara","2026-09-22T09:13:24.534Z",""
"SL-PET-81316","Amila Sanjeewa","87*****26V","0766647905","colombo","2026-09-22T09:11:30.959Z",""
"SL-PET-63078","රුවන් ද සිල්වා","63*****19V","0777764163","gampaha","2026-09-22T09:11:11.599Z","ගරු ජනාධිපතිතුමනි. නිදහස ලබාදෙන ලෙස කාරුණිකව ඉල්ලා සිටිමි."
"SL-PET-57660","ගීත් කාවින්ද පෙරේරා","92*****49V","0759880680","colombo","2026-09-22T09:10:53.085Z","සුවපත් වේවා"
"SL-PET-14967","දිලිප් චාමර මදනායක","91*****95V","0714327103","galle","2026-09-22T09:10:24.731Z",""
"SL-PET-10471","චතුරංග වීරසිංහ (Chathuranga Weerasinghe)","19*****820","0762910482","kandy","2026-09-22T09:10:15.000Z","උතුම් දළදා සමිඳු පිහිටෙන් නිදහස ලැබේවා."
"SL-PET-22797","R P Roshan Wasantha","80*****40V","0762418846","gampaha","2026-09-22T09:09:50.700Z",""
"SL-PET-27581","ගිගුම්මඩුවේ විමලබුද්දි","19*****538","0777771115","colombo","2026-09-22T09:08:58.326Z",""
"SL-PET-92270","මේනක මුදිත බණ්ඩාර","94*****06V","0770775813","polonnaruwa","2026-09-22T09:07:05.739Z","මගේ ප්‍රාර්ථනාව - සියලු සත්වයන් සුවසේ වෙසෙත්වා!"
"SL-PET-10472","අනුර දිසානායක (Anura Dissanayake)","19*****829","0712910482","gampaha","2026-09-22T09:05:40.000Z","පෙත්සම සාර්ථක වේවා!"
"SL-PET-69882","වතුරාව මානගෙයි සම්පත් දිනූෂ වීරමුණි","19*****790","0703020888","gampaha","2026-09-22T09:04:23.057Z","රට ජාතිය ආගම වෙනුවෙන් හඬක් නැගූ අපේ හාමුදුරුවන්ට ඉක්මනින් නිදහස ලැබේවා"
"SL-PET-62807","K.B.S.R Bandara","78*****89V","0755841299","colombo","2026-09-22T09:02:41.021Z",""
"SL-PET-82608","Chamindu Jayalath","96*****75V","0717208983","galle","2026-09-22T09:02:20.750Z",""
"SL-PET-54419","නීලක සමන්","88*****15V","0778124845","kurunegala","2026-09-22T09:00:52.103Z","නිදහස රැගෙන නැවැත මහන වෙත්වා"
"SL-PET-30800","Badulle Samahitha Thero","19*****055","0772436282","galle","2026-09-22T09:00:36.142Z",""
"SL-PET-10473","තිළිණ ප්‍රනාන්දු (Thilina Fernando)","19*****918","0774910293","colombo","2026-09-22T09:00:20.000Z","අධිකරණ තීන්දුවලට ගරු කරමින්ම ජනාධිපති සමාව අයදිමු."
"SL-PET-94598","KBD Lakshan","98*****25V","0773015467","trincomalee","2026-09-22T08:59:05.924Z","සියලු සත්වයෝ සුවපත් වේවා .."
"SL-PET-77005","අනෝමා ප්‍රේමරත්න","81*****11V","0771612152","ratnapura","2026-09-22T08:57:35.714Z","සමාව දෙන්න කරුණාකර හාමුදුරුවන්ට"
"SL-PET-39112","Tharanga Kuruppu Arachchige","74*****50V","0435194428","colombo","2026-09-22T08:55:16.601Z","දැනට පදිංච්ය Australia but ද්ව්ත්ව පුරවැසිකම හිමියි Home town Angulana Moratuwa"
"SL-PET-10474","සම්පත් ලියනගේ (Sampath Liyanage)","19*****820","0704910294","trincomalee","2026-09-22T08:55:00.000Z","ත්‍රිවිධ හමුදා හා පුරවැසි ප්‍රජාවේ සුභපැතුම්."
"SL-PET-17376","A.w amalsha udeen","19*****354","0753775147","galle","2026-09-22T08:53:35.390Z","ජාතික සමගිය වෙනුවෙන් හා අන්තවාදීන්ට විරුධව ගෙන ගිය වැඩ පිලිවෙල සලකා බලා සමාව දෙන්න"
"SL-PET-66646","Weerasekara Thathsara Dasantha","20*****949","0768128984","galle","2026-09-22T08:53:16.405Z","මගේ අදහස නම් හාමුදුරුවෝ බුද්ධ ශාසනයේ චිරස්ථිතිය උදෙසා කැප කිරීම් කළ ස්වාමීන් වහන්සේ නමක්."
"SL-PET-42493","රන්ජීව විජයතුංග","78*****19V","0420629165","colombo","2026-09-22T08:53:06.941Z",""
"SL-PET-37060","A.M. Thushara Sanjeewa Aththanayaka","19*****191","0779092305","ratnapura","2026-09-22T08:52:18.592Z","උන්වහන්සේට ඉක්මනින් ජනාධිපති සමාව හිමිවේවා.."
"SL-PET-11217","ප්‍රජා හිතකාමී පුරවැසි (Citizen)","74*****58V","0765713331","colombo","2026-09-22T08:51:35.994Z",""
"SL-PET-20670","Ranil Lasantha","88*****18V","0778683037","galle","2026-09-22T08:50:26.062Z",""
"SL-PET-10475","ධම්මික හේරත් (Dhammika Herath)","19*****820","0782910492","ampara","2026-09-22T08:50:10.000Z","නැගෙනහිර පළාතේ ජනතාවගේ පූර්ණ සහයෝගය."
"SL-PET-47995","පේරමණ්ඩියේ ඉන්දරතන හිමි","91*****89V","0712117345","gampaha","2026-09-22T08:50:00.194Z",""
"SL-PET-10476","සරත් මොනරවිල (Sarath Monarawila)","19*****948","0723910294","monaragala","2026-09-22T08:45:30.000Z","දුෂ්කර ගම්මානවල පුරවැසියන්ගේ හඬ."
"SL-PET-10477","ජීවන්ත රොද්‍රිගෝ (Jeevantha Rodrigo)","19*****820","0761920394","nuwaraeliya","2026-09-22T08:40:15.000Z","සියලු ජනතාව වෙනුවෙන් ජනාධිපති සමාව ඉල්ලමු."
"SL-PET-17110","තිත්තගල්ලෙ ආනදසිරි හිමි","87*****97V","0776752816","galle","2026-09-22T08:35:11.643Z","නිදහස"
"SL-PET-10478","නිහාල් ජයවර්ධන (Nihal Jayawardena)","19*****820","0773910294","polonnaruwa","2026-09-22T08:32:00.000Z","ඓතිහාසික පෙත්සමට මාගේ පුරවැසි අත්සන."
"SL-PET-10479","කසුන් මදුශංක (Kasun Madushanka)","19*****910","0714910294","puttalam","2026-09-22T08:25:10.000Z","තරුණ පරපුරේ හඬ, උන්වහන්සේ නිදහස් කරන්න."
"SL-PET-10480","මහින්ද සිරිවර්ධන (Mahinda Siriwardena)","19*****829","0781920491","hambantota","2026-09-22T08:18:30.000Z","අපගේ සහයෝගය නිරතුරුවම උන්වහන්සේ සමගයි."
"SL-PET-10481","ලක්ෂ්මන් රණවීර (Lakshman Ranaweera)","19*****920","0702910482","matale","2026-09-22T08:10:45.000Z","ඥානසාර හිමියන්ට නිදහස ලබාදෙන්න."
"SL-PET-10482","කුමාර පතිරණ (Kumara Pathirana)","19*****918","0763910294","kegalle","2026-09-22T08:00:22.000Z","ජාතික සමගිය සහ නිදහස පතා පෙත්සමට අත්සන් කරමි."
"SL-PET-12604","එච්. එම්. තක්ෂිලා අතුකෝරල","92*****45V","0782456026","kurunegala","2026-09-22T07:59:59.965Z","සාමකාමී ශ්‍රී ලංකාවක් උදෙසා උන්වහන්සේ නිදහස් කරන්න."
"SL-PET-11950","නලින් ගුණසේකර (නලින්)","19*****292","0765131984","kurunegala","2026-09-22T07:59:58.759Z",""
"SL-PET-11908","දිසානායක නුවන්","19*****455","0701342771","puttalam","2026-09-22T07:59:58.712Z","උතුම් දළදා සමිඳු පිහිටෙන් නිදහස ලැබේවා."
"SL-PET-10604","ඩබ්. එම්. සරත් රාජපක්ෂ","77*****33V","0721382403","anuradhapura","2026-09-22T07:59:57.085Z",""
"SL-PET-12319","තිසර මෙන්ඩිස් (තිසර)","67*****87V","0781688029","galle","2026-09-22T07:59:55.325Z",""
"SL-PET-10592","ඩබ්. එම්. චතුරංග ප්‍රේමචන්ද්‍ර","19*****549","0763838838","kalutara","2026-09-22T07:59:52.827Z","බුද්ධ ශාසනයේ ආරක්ෂාව උදෙසා උන්වහන්සේ මුදාහරින්න."
"SL-PET-11103","පී. බී. ගයාන් මද්දුමගේ","20*****825","0785972209","kandy","2026-09-22T07:59:50.261Z","සමාව ලබා දී උන්වහන්සේ මුදාහරින්න."
"SL-PET-12288","කේ. ඒ. සුනෙත්‍රා නවරත්න","79*****71V","0752512522","gampaha","2026-09-22T07:59:47.795Z",""
"SL-PET-11454","ආර්. එම්. මහින්ද සුමනසේකර","63*****42V","0789744551","trincomalee","2026-09-22T07:59:47.732Z","පෙත්සම සාර්ථක වේවා!"
"SL-PET-13823","එච්. එම්. තිලක් ආටිගල","72*****96V","0722915079","badulla","2026-09-22T07:59:47.497Z","අපේ පූර්ණ සහයෝගය පෙත්සමට හිමිවේ."
"SL-PET-10681","කුමුදුනී ආටිගල (කුමුදුනී)","19*****428","0782348221","nuwaraeliya","2026-09-22T07:59:47.408Z","රට ජාතිය ආගම වෙනුවෙන් හඬක් නැගූ හිමියන්ට නිදහස ලැබේවා."
"SL-PET-12881","දුමින්ද ජයවර්ධන","92*****35V","0774788012","ampara","2026-09-22T07:59:47.348Z",""
"SL-PET-12954","සිරිවර්ධන වසන්ත","66*****61V","0781595601","anuradhapura","2026-09-22T07:59:46.868Z","ත්‍රිවිධ හමුදා හා පුරවැසි ප්‍රජාවේ පූර්ණ සුභපැතුම්."
"SL-PET-11201","ඩබ්. එම්. ජීවන්ත රණවීර","80*****49V","0789037861","kalutara","2026-09-22T07:59:36.848Z",""
"SL-PET-13280","එච්. එම්. තිළිණ කහඳගමගේ","19*****934","0727685464","anuradhapura","2026-09-22T07:59:32.804Z","ඥානසාර හිමියන්ට කඩිනම් ජනාධිපති සමාව ලබා දෙන්න."
"SL-PET-13654","ආර්. එම්. නිරංජලා සේනාරත්න","69*****78V","0753735656","matara","2026-09-22T07:59:30.269Z",""
"SL-PET-10889","එච්. එම්. දුමින්ද කුමාරසිංහ","97*****82V","0728056635","anuradhapura","2026-09-22T07:59:29.907Z","බුද්ධ ශාසනයේ ආරක්ෂාව උදෙසා උන්වහන්සේ මුදාහරින්න."
"SL-PET-11162","පී. බී. ශිරාන් ධර්මප්‍රිය","95*****10V","0703103132","kegalle","2026-09-22T07:59:26.902Z",""
"SL-PET-13723","ආර්. එම්. චතුරංග දසනායක","19*****184","0774340344","badulla","2026-09-22T07:59:22.899Z","අපේ පූර්ණ සහයෝගය පෙත්සමට හිමිවේ."
"SL-PET-13163","චාන්දනී රත්නායක","80*****34V","0728792659","matara","2026-09-22T07:59:18.356Z","සාධාරණත්වය ඉටු කරන්න."
"SL-PET-10987","මධුෂිකා මාරසිංහ","19*****290","0713427363","anuradhapura","2026-09-22T07:59:03.311Z",""
"SL-PET-13231","කේ. ඒ. කෞශල්‍යා මාරසිංහ","19*****803","0751443619","trincomalee","2026-09-22T07:59:00.559Z",""
"SL-PET-10775","නුවන් හේරත් (නුවන්)","97*****75V","0777724491","galle","2026-09-22T07:58:49.898Z",""
"SL-PET-13691","විජේසිංහ දිනේෂ්","20*****454","0727787675","matara","2026-09-22T07:58:47.788Z",""
"SL-PET-11871","ආර්. එම්. තිස්ස අබේසේකර","88*****50V","0724172031","ratnapura","2026-09-22T07:58:20.937Z","අපගේ ආශිර්වාදය හා සහයෝගය උන්වහන්සේ සමගයි."
"SL-PET-11586","ඩබ්. එම්. සිතුම් හේරත්","20*****808","0773639159","galle","2026-09-22T07:58:11.041Z",""
"SL-PET-12278","ආර්. එම්. රුවන් ජයසිංහ","65*****57V","0725171741","kurunegala","2026-09-22T07:58:10.697Z","පෙත්සම සාර්ථක වේවා!"
"SL-PET-13152","ඩබ්. එම්. ඉසුරු ගුණතිලක","82*****34V","0713036613","colombo","2026-09-22T07:57:58.855Z","ත්‍රිවිධ හමුදා හා පුරවැසි ප්‍රජාවේ පූර්ණ සුභපැතුම්."
"SL-PET-13384","සුනේත්‍රා සිල්වා (සුනේත්‍රා)","64*****21V","0754901652","matale","2026-09-22T07:57:56.641Z",""
"SL-PET-13887","පූජ්‍ය බදුල්ලේ ඥානවිමල හිමි","20*****108","0715531751","kalutara","2026-09-22T07:57:54.193Z",""
"SL-PET-10769","චතුරංග රාජපක්ෂ","20*****205","0709583527","matara","2026-09-22T07:57:46.480Z","උතුම් දළදා සමිඳු පිහිටෙන් නිදහස ලැබේවා."
"SL-PET-12719","කේ. ඒ. රංජිත් කුමාරසිංහ","19*****917","0763183902","kalutara","2026-09-22T07:57:46.070Z",""
"SL-PET-13398","පී. බී. රුචිරා ජයවර්ධන","65*****57V","0705512658","ampara","2026-09-22T07:57:37.240Z","අපේ ප්‍රාර්ථනාව කඩිනමින් ඉටුවේවා!"
"SL-PET-12772","කේ. ඒ. රවින්ද්‍ර කළුවිතාරණ","19*****485","0758221069","kurunegala","2026-09-22T07:57:35.826Z","රට ජාතිය ආගම වෙනුවෙන් හඬක් නැගූ හිමියන්ට නිදහස ලැබේවා."
"SL-PET-12442","එච්. එම්. ඉසුරු සමරසේකර","87*****88V","0716450016","kandy","2026-09-22T07:57:34.014Z",""
"SL-PET-11660","මද්දුමගේ සුනිල්","83*****60V","0705463654","kandy","2026-09-22T07:57:32.185Z",""
"SL-PET-10766","ජයවර්ධන චතුරංග","19*****224","0719935504","nuwaraeliya","2026-09-22T07:57:32.001Z",""
"SL-PET-11214","ආර්. එම්. ධම්මික ප්‍රේමචන්ද්‍ර","64*****87V","0722739837","kurunegala","2026-09-22T07:57:27.753Z",""
"SL-PET-12668","පී. බී. අනුරාධා විජේසිංහ","72*****70V","0762470849","matara","2026-09-22T07:57:27.156Z","නිරෝගී සුවය හා නිදහස ලැබේවා."
"SL-PET-11662","ඩබ්. එම්. තිළිණ කුලතුංග","19*****114","0721404790","colombo","2026-09-22T07:57:24.966Z","අපේ ප්‍රාර්ථනාව කඩිනමින් ඉටුවේවා!"
"SL-PET-12337","දිනුෂිකා දිසානායක","82*****48V","0764520376","trincomalee","2026-09-22T07:57:02.147Z",""
"SL-PET-13556","ඩබ්. එම්. කෞශල්‍යා රාජපක්ෂ","90*****95V","0769649181","gampaha","2026-09-22T07:57:00.125Z",""
"SL-PET-13794","කේ. ඒ. අනෝමා කළුවිතාරණ","20*****844","0715676748","kurunegala","2026-09-22T07:56:56.558Z",""
"SL-PET-11745","අමිල තිලකරත්න","20*****626","0783028821","colombo","2026-09-22T07:56:49.049Z","නිරෝගී සුවය හා නිදහස ලැබේවා."
"SL-PET-11461","සචින් විජේරත්න (සචින්)","84*****22V","0756406409","colombo","2026-09-22T07:56:48.114Z",""
"SL-PET-13890","ඩබ්. එම්. චාන්දනී දේවප්‍රිය","86*****73V","0764190949","hambantota","2026-09-22T07:56:44.315Z","සියලු සත්වයෝ සුවපත් වෙත්වා! ඉක්මන් නිදහස පතමු."
"SL-PET-11965","එච්. එම්. චතුරිකා ජයවර්ධන","96*****69V","0718700915","colombo","2026-09-22T07:56:36.045Z",""
"SL-PET-11842","ඩබ්. එම්. සචින් කහඳගමගේ","19*****104","0757190218","matara","2026-09-22T07:56:34.783Z",""
"SL-PET-13572","අතුරලියේ සුමනසාර හිමි","77*****62V","0722543172","colombo","2026-09-22T07:56:26.978Z","අධිකරණ තීන්දුවලට ගරු කරමින්ම ජනාධිපති සමාව අයදිමු."
"SL-PET-10564","මාලා මෙන්ඩිස් (මාලා)","77*****95V","0755652194","matale","2026-09-22T07:56:22.606Z",""
"SL-PET-11352","ඩබ්. එම්. ගයාන් දිසානායක","82*****69V","0708044073","gampaha","2026-09-22T07:56:21.466Z",""
"SL-PET-12069","ප්‍රනාන්දු කුමුදු","20*****766","0775140093","polonnaruwa","2026-09-22T07:56:10.243Z",""
"SL-PET-13819","ඩබ්. එම්. දිනූෂ රත්නායක","19*****979","0784586893","matara","2026-09-22T07:56:07.998Z",""
"SL-PET-13659","ඩබ්. එම්. අනුර මෙන්ඩිස්","82*****48V","0787542411","matale","2026-09-22T07:56:01.492Z",""
"SL-PET-11691","ඩබ්. එම්. චතුරිකා දැදිගම","89*****27V","0788258090","ratnapura","2026-09-22T07:55:44.976Z","උතුම් දළදා සමිඳු පිහිටෙන් නිදහස ලැබේවා."
"SL-PET-11106","දිනූෂ සමරසේකර","78*****63V","0768283481","anuradhapura","2026-09-22T07:55:29.447Z",""
"SL-PET-13357","ප්‍රදීප් වික්‍රමසිංහ","61*****54V","0718907466","matara","2026-09-22T07:55:26.643Z",""
"SL-PET-13681","වික්‍රමරත්න සරත්","20*****315","0771250420","kandy","2026-09-22T07:55:20.519Z",""
"SL-PET-10514","හිරුණි අතුකෝරල (හිරුණි)","19*****474","0728747009","colombo","2026-09-22T07:55:12.004Z",""
"SL-PET-12360","සෙනෙවිරත්න රොෂාන්","61*****31V","0708950780","kandy","2026-09-22T07:55:01.977Z",""
"SL-PET-10731","පූජ්‍ය වටපොත සෝභිත හිමි","19*****850","0713288823","hambantota","2026-09-22T07:54:48.842Z",""
"SL-PET-11858","ආර්. එම්. රංජිත් විජේසූරිය","86*****87V","0751192888","colombo","2026-09-22T07:54:42.535Z","නිරෝගී සුවය හා නිදහස ලැබේවා."
"SL-PET-13664","ඩබ්. එම්. අමිල විතානගේ","19*****926","0786713200","matale","2026-09-22T07:54:30.636Z","සාමකාමී ශ්‍රී ලංකාවක් උදෙසා උන්වහන්සේ නිදහස් කරන්න."
"SL-PET-13498","වසන්ති දේවප්‍රිය (වසන්ති)","88*****47V","0773732078","kandy","2026-09-22T07:54:26.638Z","උතුම් දළදා සමිඳු පිහිටෙන් නිදහස ලැබේවා."
"SL-PET-12031","ඩබ්. එම්. වසන්ත තිලකරත්න","90*****78V","0721949360","overseas","2026-09-22T07:53:50.304Z",""
"SL-PET-12469","පූජ්‍ය කුරුණෑගල මේධානන්ද හිමි","19*****942","0783647564","gampaha","2026-09-22T07:53:49.036Z",""
"SL-PET-12623","පී. බී. තිස්ස වසන්ත","70*****63V","0763477691","ampara","2026-09-22T07:53:46.912Z","පෙත්සම සාර්ථක වේවා!"
"SL-PET-11898","ආර්. එම්. රුවන් ප්‍රනාන්දු","19*****970","0709610219","colombo","2026-09-22T07:53:46.576Z",""
"SL-PET-13286","එච්. එම්. අයේෂා විජේතුංග","63*****16V","0751908337","monaragala","2026-09-22T07:53:39.355Z",""
"SL-PET-13190","එච්. එම්. දිනූෂ දසනායක","19*****429","0729840329","overseas","2026-09-22T07:53:27.743Z",""
"SL-PET-11370","ලලිත් ප්‍රනාන්දු","80*****79V","0754774517","anuradhapura","2026-09-22T07:53:16.223Z",""
"SL-PET-11130","කුමුදුනී වසන්ත (කුමුදුනී)","95*****33V","0705944327","polonnaruwa","2026-09-22T07:53:09.188Z",""
"SL-PET-12565","පූජ්‍ය තිස්සමහාරාමයේ ධම්මදින්න හිමි","66*****32V","0786737122","ampara","2026-09-22T07:52:58.362Z","බුද්ධ ශාසනයේ ආරක්ෂාව උදෙසා උන්වහන්සේ මුදාහරින්න."
"SL-PET-11527","ආර්. එම්. සජිත් ඉලංගකෝන්","19*****356","0702482683","colombo","2026-09-22T07:52:57.519Z",""
"SL-PET-13726","කේ. ඒ. මනෝජා ගුණතිලක","19*****131","0779796133","gampaha","2026-09-22T07:52:47.393Z",""
"SL-PET-12334","සිල්වා රුචිරා","71*****44V","0757683318","monaragala","2026-09-22T07:51:54.277Z",""
"SL-PET-10519","කේ. ඒ. බුද්ධික රාජපක්ෂ","72*****92V","0771414897","gampaha","2026-09-22T07:51:19.853Z",""
"SL-PET-12701","කේ. ඒ. රොෂාන් සෝමරත්න","87*****51V","0777809929","kegalle","2026-09-22T07:51:05.684Z","ලක්ෂ 50 ක ජනතා හඬට ඇහුම්කන් දෙන්න."
"SL-PET-11790","පී. බී. දිනූෂ ගුණසේකර","94*****35V","0786509701","badulla","2026-09-22T07:51:00.695Z",""
"SL-PET-13634","ආර්. එම්. චතුරංග දේවප්‍රිය","86*****34V","0704300335","colombo","2026-09-22T07:50:54.142Z",""
"SL-PET-10483","අසංක ධර්මප්‍රිය (Asanka Dharmapriya)","19*****810","0771029481","badulla","2026-09-22T07:50:00.000Z","සාමකාමී සමාජයක් වෙනුවෙන් උන්වහන්සේට සමාව ඉල්ලමු."
"SL-PET-12182","මධුෂිකා අතුකෝරල","19*****366","0713928577","colombo","2026-09-22T07:49:46.825Z","නිරෝගී සුවය හා නිදහස ලැබේවා."
"SL-PET-10663","රංජිත් මාරසිංහ (රංජිත්)","66*****86V","0755726974","nuwaraeliya","2026-09-22T07:49:37.526Z",""
"SL-PET-11309","පූජ්‍ය තිස්සමහාරාමයේ පඤ්ඤානන්ද හිමි","82*****77V","0704978419","kurunegala","2026-09-22T07:49:22.356Z",""
"SL-PET-10528","ඩබ්. එම්. සුනිල් කළුවිතාරණ","69*****91V","0707958783","kandy","2026-09-22T07:49:11.116Z",""
"SL-PET-13497","සම්පත් ප්‍රේමචන්ද්‍ර (සම්පත්)","92*****65V","0715646159","hambantota","2026-09-22T07:48:58.751Z","සාධාරණත්වය ඉටු කරන්න."
"SL-PET-11610","එච්. එම්. රුක්මන් වික්‍රමසිංහ","95*****67V","0712418910","polonnaruwa","2026-09-22T07:48:54.316Z",""
"SL-PET-11116","ජනක ආටිගල","19*****501","0721988865","colombo","2026-09-22T07:48:42.860Z","ලක්ෂ 50 ක ජනතා හඬට ඇහුම්කන් දෙන්න."
"SL-PET-12644","පී. බී. රොෂාන් දේවප්‍රිය","83*****93V","0757927953","kurunegala","2026-09-22T07:48:34.486Z",""
"SL-PET-12441","ආර්. එම්. චම්පා ගුණතිලක","85*****54V","0782605635","anuradhapura","2026-09-22T07:48:17.890Z",""
"SL-PET-11513","අබේසේකර කුමාර","67*****68V","0775339097","kandy","2026-09-22T07:48:02.780Z","උතුම් දළදා සමිඳු පිහිටෙන් නිදහස ලැබේවා."
"SL-PET-11045","මල්කාන්ති කළුවිතාරණ","93*****61V","0721678605","ratnapura","2026-09-22T07:47:53.941Z",""
"SL-PET-12547","එච්. එම්. රවින්ද්‍ර සේනාරත්න","19*****583","0753824156","overseas","2026-09-22T07:47:38.934Z","සියලු සත්වයෝ සුවපත් වෙත්වා! ඉක්මන් නිදහස පතමු."
"SL-PET-13263","එච්. එම්. සුනිල් රණවීර","87*****70V","0725253850","kalutara","2026-09-22T07:47:06.401Z",""
"SL-PET-11028","කේ. ඒ. ජගත් දසනායක","66*****49V","0786045737","kegalle","2026-09-22T07:47:02.980Z","අපේ ප්‍රාර්ථනාව කඩිනමින් ඉටුවේවා!"
"SL-PET-13396","සනත් මදුශංක","90*****65V","0709724526","polonnaruwa","2026-09-22T07:46:51.425Z",""
"SL-PET-12357","කළුවිතාරණ සුනෙත්‍රා","60*****95V","0725857664","ratnapura","2026-09-22T07:46:40.979Z","අපේ පූර්ණ සහයෝගය පෙත්සමට හිමිවේ."
"SL-PET-12637","ශ්‍රියානි දැදිගම","19*****767","0709533875","colombo","2026-09-22T07:46:38.667Z",""
"SL-PET-11796","රණවීර ලක්ෂිකා","95*****39V","0728121305","trincomalee","2026-09-22T07:46:34.926Z",""
"SL-PET-12330","අතුකෝරල සචින්","87*****57V","0701449669","kandy","2026-09-22T07:45:30.893Z",""
"SL-PET-10634","ඩබ්. එම්. ලක්ෂිකා ආටිගල","19*****847","0709440380","galle","2026-09-22T07:45:12.037Z",""
"SL-PET-13920","ඩබ්. එම්. ප්‍රමෝද් ප්‍රේමචන්ද්‍ර","69*****46V","0712817222","matale","2026-09-22T07:45:05.497Z","පෙත්සම සාර්ථක වේවා!"
"SL-PET-13469","කේ. ඒ. ලක්ෂ්මන් දේවප්‍රිය","20*****815","0701844010","trincomalee","2026-09-22T07:44:58.647Z",""
"SL-PET-10515","ඩබ්. එම්. චමින්ද ජයවර්ධන","19*****820","0713781090","matara","2026-09-22T07:44:57.621Z","ප්‍රජාතන්ත්‍රවාදී මහජන හඬට සවන් දෙන්න."
"SL-PET-10945","මදුශංක අයේෂා","19*****717","0705053632","nuwaraeliya","2026-09-22T07:44:44.148Z",""
"SL-PET-11914","කේ. ඒ. තිසර ප්‍රනාන්දු","20*****578","0713210025","kegalle","2026-09-22T07:44:43.078Z",""
"SL-PET-11940","කේ. ඒ. රංජිත් විජේරත්න","19*****720","0776744725","hambantota","2026-09-22T07:44:18.533Z",""
"SL-PET-11738","පී. බී. චාන්දනී හපුආරච්චි","19*****323","0764699576","kurunegala","2026-09-22T07:44:02.984Z",""
"SL-PET-12681","කේ. ඒ. මනෝජ් නවරත්න","19*****299","0705158724","gampaha","2026-09-22T07:43:01.350Z","නිරෝගී සුවය හා නිදහස ලැබේවා."
"SL-PET-10935","විතානගේ ශ්‍රියානි","62*****89V","0768778082","polonnaruwa","2026-09-22T07:42:54.785Z",""
"SL-PET-13248","ඩබ්. එම්. කුමුදුනී අබේසේකර","86*****79V","0729458206","matara","2026-09-22T07:42:40.239Z",""
"SL-PET-13110","අනුරාධා ජයසිංහ","77*****19V","0764194329","monaragala","2026-09-22T07:42:17.891Z",""
"SL-PET-11207","ඩබ්. එම්. රුක්මන් විජේසිංහ","66*****82V","0718846473","kandy","2026-09-22T07:42:13.006Z",""
"SL-PET-13081","පී. බී. ජනක නවරත්න","19*****887","0784708994","puttalam","2026-09-22T07:41:57.154Z",""
"SL-PET-13844","පූජ්‍ය කොටුගොඩ ආනන්ද හිමි","85*****66V","0772727627","kurunegala","2026-09-22T07:41:53.320Z",""
"SL-PET-13318","කේ. ඒ. තිසර දසනායක","75*****66V","0766105070","polonnaruwa","2026-09-22T07:40:55.756Z","පෙත්සම සාර්ථක වේවා!"
"SL-PET-12624","කේ. ඒ. අනෝජ් දේවප්‍රිය","19*****916","0722270698","monaragala","2026-09-22T07:40:26.221Z","සියලු සත්වයෝ සුවපත් වෙත්වා! ඉක්මන් නිදහස පතමු."
"SL-PET-13127","ඩබ්. එම්. සරත් මදුශංක","89*****90V","0704079353","anuradhapura","2026-09-22T07:40:21.029Z",""
"SL-PET-13696","කේ. ඒ. අසංක දේවප්‍රිය","80*****70V","0756159580","kalutara","2026-09-22T07:40:20.303Z","ලක්ෂ 50 ක ජනතා හඬට ඇහුම්කන් දෙන්න."
"SL-PET-11001","කේ. ඒ. තක්ෂිලා සිරිවර්ධන","20*****579","0704670296","anuradhapura","2026-09-22T07:40:16.685Z",""
"SL-PET-10484","රංජිත් අබේසේකර (Ranjith Abeysekara)","19*****820","0712948102","ratnapura","2026-09-22T07:40:15.000Z","ජනාධිපති සමාව ලබා දෙන්න."
"SL-PET-11190","කේ. ඒ. සමිත ඉලංගකෝන්","61*****53V","0759405322","badulla","2026-09-22T07:40:02.690Z",""
"SL-PET-13538","ඩබ්. එම්. ධම්මික කුමාරසිංහ","80*****82V","0779619185","monaragala","2026-09-22T07:39:41.820Z",""
"SL-PET-11507","පී. බී. කසුන් දසනායක","19*****275","0714345423","polonnaruwa","2026-09-22T07:39:40.617Z",""
"SL-PET-13593","තිළිණ සුමනසේකර","97*****25V","0711034412","trincomalee","2026-09-22T07:39:32.477Z","සාමකාමී ශ්‍රී ලංකාවක් උදෙසා උන්වහන්සේ නිදහස් කරන්න."
"SL-PET-10640","සුනිල් රත්නායක (සුනිල්)","91*****20V","0707659060","matale","2026-09-22T07:38:47.819Z",""
"SL-PET-11059","පී. බී. ජගත් බණ්ඩාර","19*****345","0766681029","gampaha","2026-09-22T07:38:38.676Z","ඥානසාර හිමියන්ට කඩිනම් ජනාධිපති සමාව ලබා දෙන්න."
"SL-PET-13328","ආර්. එම්. ලලිත් කුලතුංග","75*****94V","0762562863","matale","2026-09-22T07:38:35.109Z",""
"SL-PET-13852","ශ්‍රියානි විජේතුංග","19*****374","0787176916","matale","2026-09-22T07:38:18.821Z","බුද්ධ ශාසනයේ ආරක්ෂාව උදෙසා උන්වහන්සේ මුදාහරින්න."
"SL-PET-13062","ජයවර්ධන බුද්ධික","19*****789","0706578918","colombo","2026-09-22T07:38:16.796Z",""
"SL-PET-11121","තරිඳු මහවිතාන (තරිඳු)","19*****789","0714890311","polonnaruwa","2026-09-22T07:38:13.966Z",""
"SL-PET-11747","පූජ්‍ය වටපොත විපස්සී හිමි","19*****195","0784819269","monaragala","2026-09-22T07:38:04.767Z","උතුම් දළදා සමිඳු පිහිටෙන් නිදහස ලැබේවා."
"SL-PET-13627","ආර්. එම්. තිලක් ධර්මප්‍රිය","95*****78V","0729611547","trincomalee","2026-09-22T07:37:54.229Z",""
"SL-PET-13889","චම්පා හපුආරච්චි (චම්පා)","75*****52V","0768334193","kegalle","2026-09-22T07:37:30.874Z",""
"SL-PET-12133","අනුර කහඳගමගේ","89*****21V","0716266296","ratnapura","2026-09-22T07:36:41.970Z","ත්‍රිවිධ හමුදා හා පුරවැසි ප්‍රජාවේ පූර්ණ සුභපැතුම්."
"SL-PET-13460","එච්. එම්. චම්පා රත්නායක","74*****35V","0776394562","gampaha","2026-09-22T07:36:24.682Z",""
"SL-PET-13276","පී. බී. දිනූෂ විජේතුංග","72*****43V","0716681319","galle","2026-09-22T07:36:13.218Z",""
"SL-PET-10863","කේ. ඒ. දුමින්ද මඩවලගේ","74*****87V","0766794980","kurunegala","2026-09-22T07:36:02.049Z",""
"SL-PET-10605","එච්. එම්. සමිත සිරිවර්ධන","19*****440","0786660987","gampaha","2026-09-22T07:35:40.275Z","ප්‍රජාතන්ත්‍රවාදී මහජන හඬට සවන් දෙන්න."
"SL-PET-13267","පී. බී. ප්‍රදීප් කළුවිතාරණ","19*****119","0772213977","badulla","2026-09-22T07:35:34.745Z",""
"SL-PET-12860","ඩබ්. එම්. ධම්මික රත්නායක","19*****654","0761833307","kurunegala","2026-09-22T07:35:33.125Z","ඥානසාර හිමියන්ට කඩිනම් ජනාධිපති සමාව ලබා දෙන්න."
"SL-PET-12868","විජේසිංහ කුමුදු","94*****24V","0777974000","colombo","2026-09-22T07:35:20.545Z","සියලු සත්වයෝ සුවපත් වෙත්වා! ඉක්මන් නිදහස පතමු."
"SL-PET-13784","පෙරේරා කෞශල්‍යා","19*****469","0769410952","kegalle","2026-09-22T07:35:09.965Z",""
"SL-PET-11976","පී. බී. අනුරාධා සේනාරත්න","19*****729","0767899612","galle","2026-09-22T07:34:19.799Z",""
"SL-PET-12690","කේ. ඒ. ප්‍රමෝද් ජයවර්ධන","19*****739","0702108592","overseas","2026-09-22T07:34:18.034Z",""
"SL-PET-12529","රුවන් කුමාරසිංහ (රුවන්)","19*****115","0766923071","matale","2026-09-22T07:33:51.355Z",""
"SL-PET-12555","ඩබ්. එම්. ප්‍රේමරත්න නවරත්න","91*****30V","0764091736","nuwaraeliya","2026-09-22T07:33:39.694Z","ගරු ජනාධිපතිතුමනි, කරුණාවෙන් සලකා බලන්න."
"SL-PET-10894","අනුරාධා ප්‍රනාන්දු (අනුරාධා)","72*****48V","0789395960","kegalle","2026-09-22T07:33:03.529Z",""
"SL-PET-10662","එච්. එම්. චතුරංග දසනායක","97*****97V","0768603920","monaragala","2026-09-22T07:32:47.205Z",""
"SL-PET-10532","පී. බී. චමින්ද රණසිංහ","19*****639","0724500325","colombo","2026-09-22T07:32:37.538Z",""
"SL-PET-12414","පූජ්‍ය මල්වත්තේ සුමංගල හිමි","20*****123","0701428105","kurunegala","2026-09-22T07:32:29.712Z",""
"SL-PET-11897","රවින්ද්‍ර ආටිගල (රවින්ද්‍ර)","20*****394","0701585131","anuradhapura","2026-09-22T07:32:20.638Z",""
"SL-PET-11380","ගුණසේකර තිළිණ","19*****665","0773488418","polonnaruwa","2026-09-22T07:31:09.409Z",""
"SL-PET-13839","ආර්. එම්. දීපිකා සමරසේකර","63*****82V","0761852487","matale","2026-09-22T07:31:03.271Z",""
"SL-PET-10699","කේ. ඒ. මධුෂිකා කහඳගමගේ","19*****955","0706859862","colombo","2026-09-22T07:30:59.953Z","නිරෝගී සුවය හා නිදහස ලැබේවා."
"SL-PET-11597","කුමුදු මද්දුමගේ","19*****898","0726807931","ratnapura","2026-09-22T07:30:53.378Z",""
"SL-PET-11510","ආර්. එම්. චාන්දනී කුමාරසිංහ","19*****713","0762352580","kurunegala","2026-09-22T07:30:39.626Z",""
"SL-PET-13917","වික්‍රමරත්න දර්ශන","76*****24V","0778258981","anuradhapura","2026-09-22T07:30:39.063Z","ගරු ජනාධිපතිතුමනි, කරුණාවෙන් සලකා බලන්න."
"SL-PET-12077","ඩබ්. එම්. ලක්ෂිකා දැදිගම","69*****66V","0712541378","trincomalee","2026-09-22T07:30:33.815Z",""
"SL-PET-11539","පූජ්‍ය තිස්සමහාරාමයේ සුමන හිමි","62*****58V","0752571269","anuradhapura","2026-09-22T07:30:32.517Z",""
"SL-PET-13459","පී. බී. සනත් විජේරත්න","75*****98V","0708058771","galle","2026-09-22T07:30:29.933Z",""
"SL-PET-11629","එච්. එම්. සිතුම් දැදිගම","19*****310","0704590810","galle","2026-09-22T07:28:46.206Z","රට ජාතිය ආගම වෙනුවෙන් හඬක් නැගූ හිමියන්ට නිදහස ලැබේවා."
"SL-PET-13084","වික්‍රමරත්න පියුමි","19*****222","0768546956","colombo","2026-09-22T07:28:28.399Z","රට ජාතිය ආගම වෙනුවෙන් හඬක් නැගූ හිමියන්ට නිදහස ලැබේවා."
"SL-PET-11070","එච්. එම්. කුමාර කුමාරසිංහ","83*****14V","0766635612","badulla","2026-09-22T07:28:18.288Z","ඥානසාර හිමියන්ට කඩිනම් ජනාධිපති සමාව ලබා දෙන්න."
"SL-PET-11397","පූජ්‍ය බදුල්ලේ මේධානන්ද හිමි","90*****22V","0713259865","ratnapura","2026-09-22T07:27:36.560Z",""
"SL-PET-13618","ඩබ්. එම්. කෞශල්‍යා රත්නායක","19*****237","0725996408","colombo","2026-09-22T07:27:30.057Z",""
"SL-PET-12067","කේ. ඒ. අමිල රණසිංහ","19*****449","0722942689","kandy","2026-09-22T07:27:20.995Z",""
"SL-PET-13284","එච්. එම්. හේමන්ත අබේසේකර","19*****868","0778656532","monaragala","2026-09-22T07:27:16.240Z",""
"SL-PET-10765","දර්ශන විජේරත්න (දර්ශන)","88*****95V","0727902172","anuradhapura","2026-09-22T07:26:51.799Z",""
"SL-PET-12063","එච්. එම්. නිලන්ති ධර්මප්‍රිය","19*****491","0703428780","badulla","2026-09-22T07:26:51.052Z",""
"SL-PET-13494","සුමනපාල හිරුණි","19*****298","0755323036","colombo","2026-09-22T07:26:38.028Z",""
"SL-PET-11245","කෙවින් වික්‍රමසිංහ (කෙවින්)","19*****880","0769381555","hambantota","2026-09-22T07:26:29.479Z",""
"SL-PET-10689","චතුරිකා ඉලංගකෝන් (චතුරිකා)","20*****842","0752481101","kegalle","2026-09-22T07:26:15.030Z","අධිකරණ තීන්දුවලට ගරු කරමින්ම ජනාධිපති සමාව අයදිමු."
"SL-PET-13109","ප්‍රනාන්දු ජගත්","84*****66V","0753021487","galle","2026-09-22T07:26:09.777Z","පෙත්සම සාර්ථක වේවා!"
"SL-PET-10485","ප්‍රදීප් චන්දන (Pradeep Chandana)","19*****948","0754910294","matara","2026-09-22T07:25:40.000Z","අත්සන් ලක්ෂ 50 කට මාගේ අත්සනද එක් කළෙමි."
"SL-PET-12078","පූජ්‍ය නාරද විපස්සී හිමි","64*****88V","0753623640","kalutara","2026-09-22T07:25:14.903Z","රට ජාතිය ආගම වෙනුවෙන් හඬක් නැගූ හිමියන්ට නිදහස ලැබේවා."
"SL-PET-13513","ඩබ්. එම්. රොමේෂ් බණ්ඩාර","19*****623","0712529863","trincomalee","2026-09-22T07:24:38.297Z","ගරු ජනාධිපතිතුමනි, කරුණාවෙන් සලකා බලන්න."
"SL-PET-12141","අසංක මෙන්ඩිස්","89*****14V","0766553410","monaragala","2026-09-22T07:24:01.059Z",""
"SL-PET-11335","ආටිගල නිරෝෂා","92*****94V","0753295759","ratnapura","2026-09-22T07:23:12.215Z","අධිකරණ තීන්දුවලට ගරු කරමින්ම ජනාධිපති සමාව අයදිමු."
"SL-PET-13287","ඩබ්. එම්. උදාරි මාරසිංහ","82*****79V","0717093016","trincomalee","2026-09-22T07:21:44.807Z","අපේ ප්‍රාර්ථනාව කඩිනමින් ඉටුවේවා!"
"SL-PET-11890","රණසිංහ සචින්","63*****41V","0771825204","kandy","2026-09-22T07:21:25.244Z",""
"SL-PET-12843","සුනෙත්‍රා තිලකරත්න (සුනෙත්‍රා)","90*****95V","0701719199","kalutara","2026-09-22T07:21:16.712Z",""
"SL-PET-13272","අතුල ලියනගේ","93*****13V","0771365104","ratnapura","2026-09-22T07:20:50.341Z",""
"SL-PET-11017","එච්. එම්. නයනා ගුණසේකර","19*****856","0777678604","monaragala","2026-09-22T07:20:39.346Z",""
"SL-PET-10619","ආර්. එම්. අයේෂා පතිරණ","20*****598","0779110033","kandy","2026-09-22T07:20:24.210Z",""
"SL-PET-10875","එච්. එම්. රුක්මන් නවරත්න","20*****403","0728255448","ratnapura","2026-09-22T07:20:19.436Z",""
"SL-PET-12210","කේ. ඒ. අනෝමා හේරත්","68*****71V","0719346183","gampaha","2026-09-22T07:20:08.007Z",""
"SL-PET-11082","ආර්. එම්. ජගත් හපුආරච්චි","19*****213","0757135588","monaragala","2026-09-22T07:19:35.634Z","අපගේ ආශිර්වාදය හා සහයෝගය උන්වහන්සේ සමගයි."
"SL-PET-11896","ආර්. එම්. ඉසුරු ප්‍රේමචන්ද්‍ර","19*****936","0753571813","kalutara","2026-09-22T07:19:35.310Z",""
"SL-PET-13370","ආර්. එම්. රුක්මන් පතිරණ","82*****45V","0782812089","kurunegala","2026-09-22T07:19:33.919Z","සාධාරණත්වය ඉටු කරන්න."
"SL-PET-11899","එච්. එම්. රුචිරා මදුශංක","79*****20V","0763376207","ratnapura","2026-09-22T07:19:30.991Z","ප්‍රජාතන්ත්‍රවාදී මහජන හඬට සවන් දෙන්න."
"SL-PET-12306","රුවන් සමරසේකර","19*****459","0787566978","matara","2026-09-22T07:19:30.432Z",""
"SL-PET-12485","ආර්. එම්. කුමුදුනී අතුකෝරල","90*****11V","0781861125","galle","2026-09-22T07:19:12.041Z",""
"SL-PET-13631","ආර්. එම්. ගයාන් කරුණාරත්න","19*****471","0757423359","kandy","2026-09-22T07:18:06.129Z",""
"SL-PET-11164","ඩබ්. එම්. දිල්හානි සුමනසේකර","19*****913","0722007363","kurunegala","2026-09-22T07:17:40.101Z","සාමකාමී ශ්‍රී ලංකාවක් උදෙසා උන්වහන්සේ නිදහස් කරන්න."
"SL-PET-12006","නුවන් මහවිතාන (නුවන්)","66*****42V","0713387968","badulla","2026-09-22T07:17:36.997Z",""
"SL-PET-12578","එච්. එම්. තිසර මදුශංක","20*****174","0756522389","colombo","2026-09-22T07:17:30.949Z",""
"SL-PET-12436","කේ. ඒ. නිලන්ති සුමනසේකර","71*****53V","0774408384","puttalam","2026-09-22T07:17:05.091Z",""
"SL-PET-12495","ඩබ්. එම්. කුමුදුනී පෙරේරා","70*****64V","0778057270","gampaha","2026-09-22T07:15:47.743Z",""
"SL-PET-12876","එච්. එම්. හිරුණි සුමනසේකර","20*****309","0779497312","kalutara","2026-09-22T07:14:23.923Z",""
"SL-PET-12887","ඩබ්. එම්. චන්දන සමරසේකර","95*****18V","0722531282","kegalle","2026-09-22T07:14:02.819Z","අපේ ප්‍රාර්ථනාව කඩිනමින් ඉටුවේවා!"
"SL-PET-11740","කේ. ඒ. සුනෙත්‍රා වසන්ත","95*****73V","0771323441","kalutara","2026-09-22T07:13:47.137Z",""
"SL-PET-12387","පී. බී. සුනිල් සෝමරත්න","84*****22V","0706191246","gampaha","2026-09-22T07:13:23.364Z","බුද්ධ ශාසනයේ ආරක්ෂාව උදෙසා උන්වහන්සේ මුදාහරින්න."
"SL-PET-11177","පී. බී. රුක්මන් කහඳගමගේ","82*****67V","0767954529","matale","2026-09-22T07:12:42.196Z","රට ජාතිය ආගම වෙනුවෙන් හඬක් නැගූ හිමියන්ට නිදහස ලැබේවා."
"SL-PET-10486","ඩී. එම්. සෝමරත්න (D. M. Somarathne)","19*****948","0783920194","anuradhapura","2026-09-22T07:12:30.000Z","උතුම් ශාසන මෙහෙවර උදෙසා උන්වහන්සේ නිදහස් කරන්න."
"SL-PET-11987","සුජාතා වසන්ත","92*****93V","0727992820","matara","2026-09-22T07:12:08.073Z",""
"SL-PET-12879","චාන්දනී විජේසිංහ","92*****85V","0761909910","badulla","2026-09-22T07:11:41.942Z",""
"SL-PET-11917","ඉලංගකෝන් නිලන්ති","20*****676","0787550974","kurunegala","2026-09-22T07:11:33.447Z","සමාව ලබා දී උන්වහන්සේ මුදාහරින්න."
"SL-PET-13849","බණ්ඩාර මල්කාන්ති","19*****218","0773067634","matara","2026-09-22T07:11:14.829Z",""
"SL-PET-12406","කේ. ඒ. අසංක සෙනෙවිරත්න","19*****567","0764851579","kegalle","2026-09-22T07:11:00.621Z",""
"SL-PET-10563","ආර්. එම්. රුක්මන් විජේතුංග","85*****66V","0712902448","kandy","2026-09-22T07:10:40.422Z",""
"SL-PET-12936","ඩබ්. එම්. දිනේෂ් රත්නායක","19*****418","0755662633","hambantota","2026-09-22T07:10:32.489Z","ඥානසාර හිමියන්ට කඩිනම් ජනාධිපති සමාව ලබා දෙන්න."
"SL-PET-12982","කුමුදු දේවප්‍රිය","97*****34V","0714647093","gampaha","2026-09-22T07:10:02.876Z",""
"SL-PET-13900","පී. බී. නිලන්ති ජයවර්ධන","69*****76V","0757868768","anuradhapura","2026-09-22T07:09:26.030Z",""
"SL-PET-11310","සිතුම් ලියනගේ (සිතුම්)","19*****645","0785226040","colombo","2026-09-22T07:08:18.668Z",""
"SL-PET-11109","රේණුකා සිල්වා (රේණුකා)","19*****672","0766662756","polonnaruwa","2026-09-22T07:07:39.185Z",""
"SL-PET-13174","පී. බී. චමින්ද හපුආරච්චි","83*****56V","0723080472","galle","2026-09-22T07:06:59.741Z",""
"SL-PET-10923","තිළිණ බණ්ඩාර (තිළිණ)","97*****51V","0716914801","kandy","2026-09-22T07:06:41.366Z","අපේ පූර්ණ සහයෝගය පෙත්සමට හිමිවේ."
"SL-PET-12000","කේ. ඒ. ජගත් සුමනපාල","91*****85V","0771196705","badulla","2026-09-22T07:06:24.735Z","නිරෝගී සුවය හා නිදහස ලැබේවා."
"SL-PET-10487","රවින්ද්‍ර කුමාර (Ravindra Kumara)","19*****039","0774910293","galle","2026-09-22T07:05:12.000Z","කඩිනමින් නිදහස ලබාදීමට පෙත්සමට අත්සන් තබමි."
"SL-PET-12587","කේ. ඒ. ගයත්‍රි සුමනසේකර","63*****44V","0711691013","gampaha","2026-09-22T07:04:46.769Z",""
"SL-PET-10579","ආර්. එම්. ශිරාන් ආටිගල","20*****685","0775853388","polonnaruwa","2026-09-22T07:04:09.285Z","ත්‍රිවිධ හමුදා හා පුරවැසි ප්‍රජාවේ පූර්ණ සුභපැතුම්."
"SL-PET-10752","රණසිංහ කසුන්","60*****93V","0721930116","hambantota","2026-09-22T07:03:22.166Z",""
"SL-PET-13334","ලක්ෂිකා දේවප්‍රිය (ලක්ෂිකා)","64*****68V","0707494066","polonnaruwa","2026-09-22T07:02:21.365Z",""
"SL-PET-12200","ඩබ්. එම්. අනෝමා ප්‍රේමචන්ද්‍ර","86*****86V","0771763355","matara","2026-09-22T07:02:04.821Z",""
"SL-PET-11421","පී. බී. දිනූෂ ගුණතිලක","97*****90V","0766016530","kegalle","2026-09-22T07:01:59.659Z","අධිකරණ තීන්දුවලට ගරු කරමින්ම ජනාධිපති සමාව අයදිමු."
"SL-PET-13139","කේ. ඒ. ඉසුරු මඩවලගේ","90*****81V","0788871019","monaragala","2026-09-22T07:01:37.371Z",""
"SL-PET-13520","පී. බී. කුමුදු මදුශංක","60*****87V","0771752835","gampaha","2026-09-22T07:01:25.002Z","අපේ පූර්ණ සහයෝගය පෙත්සමට හිමිවේ."
"SL-PET-13434","ඩබ්. එම්. හර්ෂ ප්‍රනාන්දු","67*****61V","0782096130","colombo","2026-09-22T07:01:00.892Z",""
"SL-PET-13774","රුචිරා මහවිතාන","19*****165","0711223671","polonnaruwa","2026-09-22T07:00:44.476Z",""
"SL-PET-10520","ඩබ්. එම්. සනත් කුමාරසිංහ","74*****20V","0768138468","puttalam","2026-09-22T07:00:03.322Z",""
"SL-PET-11851","පී. බී. උදාරි තිලකරත්න","95*****59V","0754489937","galle","2026-09-22T06:59:47.900Z","නිරෝගී සුවය හා නිදහස ලැබේවා."
"SL-PET-11640","පී. බී. සදුනි බණ්ඩාර","90*****15V","0772590182","ampara","2026-09-22T06:59:10.679Z",""
"SL-PET-10801","කේ. ඒ. ජීවන්ත රණවීර","70*****43V","0755970322","kurunegala","2026-09-22T06:58:58.838Z",""
"SL-PET-13412","ගයත්‍රි වික්‍රමසිංහ (ගයත්‍රි)","97*****13V","0779443040","colombo","2026-09-22T06:58:58.831Z",""
"SL-PET-12080","ඩබ්. එම්. රුචිරා ප්‍රේමචන්ද්‍ර","97*****80V","0775462536","matale","2026-09-22T06:58:46.313Z",""
"SL-PET-13765","කේ. ඒ. දිල්හානි පතිරණ","19*****568","0723763936","galle","2026-09-22T06:58:11.964Z",""
"SL-PET-10673","පී. බී. නිරංජලා විතානගේ","19*****399","0763920827","ratnapura","2026-09-22T06:57:45.702Z","අපේ පූර්ණ සහයෝගය පෙත්සමට හිමිවේ."
"SL-PET-11905","ඩබ්. එම්. රවින්ද්‍ර සිල්වා","19*****471","0757312058","kandy","2026-09-22T06:57:12.138Z","සමාව ලබා දී උන්වහන්සේ මුදාහරින්න."
"SL-PET-13021","පූජ්‍ය රත්නපුරේ රේවත හිමි","19*****984","0775026621","colombo","2026-09-22T06:56:25.565Z",""
"SL-PET-10971","පූජ්‍ය මාදුළුවාවේ සුමන හිමි","79*****30V","0701567172","puttalam","2026-09-22T06:56:03.544Z",""
"SL-PET-12467","අයේෂා සිරිවර්ධන (අයේෂා)","20*****557","0759016882","kurunegala","2026-09-22T06:56:03.132Z",""
"SL-PET-12201","ඩබ්. එම්. ලක්ෂ්මන් මඩවලගේ","97*****90V","0766582445","gampaha","2026-09-22T06:55:21.613Z",""
"SL-PET-12147","කේ. ඒ. චම්පා ගුණතිලක","93*****10V","0779064418","galle","2026-09-22T06:54:03.125Z",""
"SL-PET-12142","ඩබ්. එම්. රේණුකා නවරත්න","19*****368","0705604252","kalutara","2026-09-22T06:53:42.041Z","පෙත්සම සාර්ථක වේවා!"
"SL-PET-12696","නවරත්න චතුර","71*****85V","0722189485","monaragala","2026-09-22T06:53:24.070Z",""
"SL-PET-11781","සදුනි දැදිගම (සදුනි)","19*****403","0708348057","gampaha","2026-09-22T06:53:02.147Z","සාධාරණත්වය ඉටු කරන්න."
"SL-PET-11131","පූජ්‍ය තිස්සමහාරාමයේ සුමන හිමි","19*****813","0707035451","overseas","2026-09-22T06:52:19.685Z",""
"SL-PET-12882","ධම්මික පෙරේරා (ධම්මික)","20*****575","0707918151","kandy","2026-09-22T06:52:16.284Z","අධිකරණ තීන්දුවලට ගරු කරමින්ම ජනාධිපති සමාව අයදිමු."
"SL-PET-11221","පී. බී. තිසර තිලකරත්න","19*****671","0775918218","ratnapura","2026-09-22T06:52:10.433Z",""
"SL-PET-13107","ආර්. එම්. මාලා දසනායක","19*****984","0776625172","nuwaraeliya","2026-09-22T06:50:11.876Z",""
"SL-PET-10750","ආර්. එම්. ලක්ෂිකා දසනායක","96*****67V","0758280226","kandy","2026-09-22T06:49:57.621Z","සාධාරණත්වය ඉටු කරන්න."
"SL-PET-10767","පී. බී. ලලිත් හපුආරච්චි","20*****830","0702965581","anuradhapura","2026-09-22T06:49:29.389Z",""
"SL-PET-13915","දිනුෂිකා ගුණසේකර (දිනුෂිකා)","19*****357","0763584458","matara","2026-09-22T06:48:24.498Z",""
"SL-PET-12250","එච්. එම්. මනෝරි හේරත්","95*****58V","0708577792","galle","2026-09-22T06:48:20.556Z",""
"SL-PET-11569","පී. බී. උදාරි නවරත්න","19*****126","0719133647","badulla","2026-09-22T06:48:07.084Z",""
"SL-PET-12923","ගුණතිලක අතුල","96*****78V","0721323848","galle","2026-09-22T06:48:06.235Z",""
"SL-PET-11741","ආර්. එම්. හර්ෂ වසන්ත","90*****59V","0708129885","matale","2026-09-22T06:48:00.007Z",""
"SL-PET-10543","රොමේෂ් මෙන්ඩිස්","60*****29V","0716857227","colombo","2026-09-22T06:47:24.022Z","අපේ ප්‍රාර්ථනාව කඩිනමින් ඉටුවේවා!"
"SL-PET-13266","ඩබ්. එම්. දුමින්ද කුලතුංග","79*****96V","0713024101","matale","2026-09-22T06:46:52.855Z",""
"SL-PET-13811","එච්. එම්. කෙවින් තිලකරත්න","83*****77V","0771055290","colombo","2026-09-22T06:46:44.225Z","පෙත්සම සාර්ථක වේවා!"
"SL-PET-13393","එච්. එම්. තක්ෂිලා රාජපක්ෂ","19*****277","0756927824","gampaha","2026-09-22T06:46:09.411Z",""
"SL-PET-11824","දිල්හානි වික්‍රමසිංහ","19*****688","0719305183","hambantota","2026-09-22T06:45:46.933Z",""
"SL-PET-12369","කේ. ඒ. කෙවින් දිසානායක","99*****46V","0789289076","kurunegala","2026-09-22T06:45:44.355Z","ලක්ෂ 50 ක ජනතා හඬට ඇහුම්කන් දෙන්න."
"SL-PET-10488","චමින්ද විජේසූරිය (Chaminda Wijesooriya)","19*****819","0718392019","kurunegala","2026-09-22T06:45:00.000Z","ගරු ජනාධිපතිතුමනි, සාධාරණ තීන්දුවක් ලබා දෙන්න."
"SL-PET-11591","පී. බී. ජගත් හපුආරච්චි","19*****950","0762362382","kandy","2026-09-22T06:44:01.070Z","බුද්ධ ශාසනයේ ආරක්ෂාව උදෙසා උන්වහන්සේ මුදාහරින්න."
"SL-PET-11132","එච්. එම්. ජීවන්ත සුමනසේකර","20*****788","0784599287","overseas","2026-09-22T06:43:32.911Z",""
"SL-PET-11498","පී. බී. රොෂාන් ධර්මප්‍රිය","84*****93V","0701409771","ratnapura","2026-09-22T06:43:17.315Z","රට ජාතිය ආගම වෙනුවෙන් හඬක් නැගූ හිමියන්ට නිදහස ලැබේවා."
"SL-PET-12164","පූජ්‍ය මාදුළුවාවේ සුමන හිමි","87*****36V","0764117295","kurunegala","2026-09-22T06:42:31.694Z",""
"SL-PET-11663","පී. බී. මහින්ද අබේසේකර","82*****79V","0787785247","kandy","2026-09-22T06:42:29.942Z",""
"SL-PET-11988","දිනුෂිකා නවරත්න (දිනුෂිකා)","19*****404","0786126018","kandy","2026-09-22T06:42:08.226Z",""
"SL-PET-12751","පී. බී. කෞශල්‍යා ලියනගේ","71*****95V","0708878756","matale","2026-09-22T06:42:05.262Z",""
"SL-PET-13651","පී. බී. සුනෙත්‍රා මද්දුමගේ","19*****977","0708213328","matale","2026-09-22T06:41:51.531Z",""
"SL-PET-13183","විජේසිංහ මහේෂ්","19*****497","0775494349","galle","2026-09-22T06:41:48.886Z",""
"SL-PET-11344","සරත් පෙරේරා (සරත්)","78*****54V","0784616783","kurunegala","2026-09-22T06:41:48.625Z",""
"SL-PET-10677","ආර්. එම්. සම්පත් දසනායක","84*****88V","0767044865","hambantota","2026-09-22T06:41:12.944Z",""
"SL-PET-12989","කරුණාරත්න කුමාර","87*****17V","0758433161","kurunegala","2026-09-22T06:41:10.941Z",""
"SL-PET-11835","ආර්. එම්. මහින්ද දේවප්‍රිය","86*****82V","0706844363","hambantota","2026-09-22T06:39:40.886Z",""
"SL-PET-13211","පී. බී. සුපුන් රාජපක්ෂ","92*****82V","0717995000","nuwaraeliya","2026-09-22T06:39:31.346Z",""
"SL-PET-10996","රත්නායක සුනෙත්‍රා","19*****121","0774128136","anuradhapura","2026-09-22T06:38:34.349Z",""
"SL-PET-12550","එච්. එම්. හර්ෂ සෝමරත්න","19*****544","0777124918","badulla","2026-09-22T06:38:15.936Z",""
"SL-PET-11529","කේ. ඒ. අමිල ජයසිංහ","19*****418","0715753171","colombo","2026-09-22T06:37:59.165Z","සාමකාමී ශ්‍රී ලංකාවක් උදෙසා උන්වහන්සේ නිදහස් කරන්න."
"SL-PET-12237","ජනක සුමනසේකර","91*****80V","0778236636","kandy","2026-09-22T06:34:48.216Z",""
"SL-PET-12246","පී. බී. හර්ෂ ආටිගල","87*****10V","0784782465","colombo","2026-09-22T06:33:21.639Z","අපගේ ආශිර්වාදය හා සහයෝගය උන්වහන්සේ සමගයි."
"SL-PET-12847","එච්. එම්. අජිත් කහඳගමගේ","20*****918","0712296325","colombo","2026-09-22T06:33:20.073Z","සමාව ලබා දී උන්වහන්සේ මුදාහරින්න."
"SL-PET-11742","එච්. එම්. අයේෂා විජේමාන්න","71*****67V","0774551453","colombo","2026-09-22T06:32:03.473Z","ලක්ෂ 50 ක ජනතා හඬට ඇහුම්කන් දෙන්න."
"SL-PET-11735","එච්. එම්. ධම්මික නවරත්න","19*****680","0716587048","matara","2026-09-22T06:31:59.904Z","සාධාරණත්වය ඉටු කරන්න."
"SL-PET-12027","එච්. එම්. වසන්ත වික්‍රමසිංහ","86*****43V","0722145021","polonnaruwa","2026-09-22T06:31:42.541Z",""
"SL-PET-11077","මහින්ද විජේමාන්න","19*****378","0773316980","gampaha","2026-09-22T06:30:53.190Z",""
"SL-PET-13772","වික්‍රමසිංහ සුනෙත්‍රා","19*****498","0755308758","badulla","2026-09-22T06:30:17.238Z",""
"SL-PET-10489","එම්. ඩී. නිමල් පෙරේරා (M. D. Nimal Perera)","19*****823","0703819204","kalutara","2026-09-22T06:30:10.000Z","අපේ සහයෝගය උන්වහන්සේ වෙනුවෙන් නිරතුරුවම ඇත."
"SL-PET-11892","කහඳගමගේ කුමාර","19*****971","0708568380","puttalam","2026-09-22T06:29:57.427Z","අපගේ ආශිර්වාදය හා සහයෝගය උන්වහන්සේ සමගයි."
"SL-PET-10574","කේ. ඒ. තක්ෂිලා සිල්වා","20*****657","0751113259","nuwaraeliya","2026-09-22T06:29:53.821Z",""
"SL-PET-11628","ඩබ්. එම්. මාලා සිරිවර්ධන","74*****97V","0729517737","ratnapura","2026-09-22T06:29:32.649Z",""
"SL-PET-10855","එච්. එම්. තිසර කළුවිතාරණ","88*****85V","0711990602","galle","2026-09-22T06:29:10.346Z",""
"SL-PET-11817","සුමනපාල අනෝජ්","68*****77V","0766718123","kandy","2026-09-22T06:29:06.582Z",""
"SL-PET-11952","කේ. ඒ. ජනක කුමාරසිංහ","92*****79V","0784082606","galle","2026-09-22T06:28:41.425Z","සාමකාමී ශ්‍රී ලංකාවක් උදෙසා උන්වහන්සේ නිදහස් කරන්න."
"SL-PET-13457","පූජ්‍ය කොටුගොඩ සෝභිත හිමි","96*****58V","0729299111","badulla","2026-09-22T06:28:06.716Z",""
"SL-PET-11363","ප්‍රේමරත්න අතුකෝරල","19*****929","0768269676","ampara","2026-09-22T06:26:38.164Z","අපේ ප්‍රාර්ථනාව කඩිනමින් ඉටුවේවා!"
"SL-PET-12566","සිතුම් දේවප්‍රිය","19*****159","0757625473","monaragala","2026-09-22T06:26:21.071Z","අපේ පූර්ණ සහයෝගය පෙත්සමට හිමිවේ."
"SL-PET-11068","ජයසිංහ සදුනි","19*****175","0754608464","kalutara","2026-09-22T06:25:29.123Z","ලක්ෂ 50 ක ජනතා හඬට ඇහුම්කන් දෙන්න."
"SL-PET-13453","කේ. ඒ. රොමේෂ් දසනායක","63*****21V","0752011615","matale","2026-09-22T06:24:41.883Z",""
"SL-PET-13153","එච්. එම්. මධුෂිකා කහඳගමගේ","68*****78V","0712295956","puttalam","2026-09-22T06:24:21.994Z","සාධාරණත්වය ඉටු කරන්න."
"SL-PET-11946","ඩබ්. එම්. සුනේත්‍රා නවරත්න","69*****97V","0721910736","kegalle","2026-09-22T06:24:07.577Z",""
"SL-PET-13168","කේ. ඒ. සරත් සෝමරත්න","89*****25V","0789181813","matara","2026-09-22T06:23:06.486Z",""
"SL-PET-10490","ජගත් ජයසිංහ (Jagath Jayasinghe)","19*****821","0761920481","kandy","2026-09-22T06:22:40.000Z","ලක්ෂ 50 ක මහජන හඬට සවන් දෙන්න."
"SL-PET-13027","කේ. ඒ. කෙවින් කළුවිතාරණ","74*****45V","0787944562","monaragala","2026-09-22T06:22:29.524Z",""
"SL-PET-10943","තරිඳු විජේතුංග (තරිඳු)","19*****379","0774750617","colombo","2026-09-22T06:22:05.742Z",""
"SL-PET-11733","එච්. එම්. කුමුදු හපුආරච්චි","66*****11V","0761383678","kurunegala","2026-09-22T06:21:39.719Z",""
"SL-PET-12531","දිනූෂ ගුණසේකර","19*****804","0717389356","galle","2026-09-22T06:21:25.551Z",""
"SL-PET-11257","රණවීර සුදර්ශනී","64*****45V","0789235469","kegalle","2026-09-22T06:21:20.729Z","අපේ ප්‍රාර්ථනාව කඩිනමින් ඉටුවේවා!"
"SL-PET-12756","පී. බී. සුනිල් විජේරත්න","71*****73V","0757445632","kurunegala","2026-09-22T06:21:17.603Z",""
"SL-PET-12706","කේ. ඒ. ශ්‍රියානි රණසිංහ","68*****85V","0711171414","polonnaruwa","2026-09-22T06:21:02.807Z","රට ජාතිය ආගම වෙනුවෙන් හඬක් නැගූ හිමියන්ට නිදහස ලැබේවා."
"SL-PET-11608","ඩබ්. එම්. අමිල ජයසිංහ","98*****93V","0729832417","kurunegala","2026-09-22T06:21:02.796Z",""
"SL-PET-11719","ඩබ්. එම්. වසන්ති රණසිංහ","94*****44V","0756517567","monaragala","2026-09-22T06:20:26.467Z",""
"SL-PET-12320","පී. බී. ලලිත් වසන්ත","19*****585","0786519943","monaragala","2026-09-22T06:20:23.361Z",""
"SL-PET-12716","සම්පත් ජයසිංහ","66*****42V","0755237880","kurunegala","2026-09-22T06:19:56.075Z",""
"SL-PET-11560","පී. බී. සදුනි ඉලංගකෝන්","65*****27V","0771543477","puttalam","2026-09-22T06:18:31.188Z",""
"SL-PET-10491","කේ. ආර්. ගුණසේකර (K. R. Gunasekara)","19*****948","0772910492","gampaha","2026-09-22T06:18:15.000Z","ජාතියේ යුතුකම ඉටු කරමු. උන්වහන්සේට වහාම නිදහස ලබාදෙන්න."
"SL-PET-12203","පී. බී. ජීවන්ත දේවප්‍රිය","67*****36V","0711660258","polonnaruwa","2026-09-22T06:17:41.371Z","අපේ ප්‍රාර්ථනාව කඩිනමින් ඉටුවේවා!"
"SL-PET-12269","ආර්. එම්. ශ්‍රියානි ගුණතිලක","80*****40V","0785114301","colombo","2026-09-22T06:16:32.626Z",""
"SL-PET-10970","එච්. එම්. කුමුදු රණසිංහ","20*****641","0728415513","matara","2026-09-22T06:16:28.982Z",""
"SL-PET-13800","කේ. ඒ. චම්පා මඩවලගේ","80*****18V","0719155147","monaragala","2026-09-22T06:16:17.998Z",""
"SL-PET-12261","පී. බී. වසන්ත විජේසිංහ","92*****58V","0785601370","gampaha","2026-09-22T06:15:22.855Z","සියලු සත්වයෝ සුවපත් වෙත්වා! ඉක්මන් නිදහස පතමු."
"SL-PET-10492","සුනිල් ශාන්ත බණ්ඩාර (Sunil Shantha Bandara)","19*****842","0714829104","colombo","2026-09-22T06:14:20.000Z","උන්වහන්සේ වෙනුවෙන් කඩිනම් ජනාධිපති සමාව ඉල්ලා සිටිමු."
"SL-PET-13313","පූජ්‍ය බදුල්ලේ ධම්මජෝති හිමි","99*****81V","0782297744","matara","2026-09-22T06:14:19.532Z",""
"SL-PET-12030","එච්. එම්. මනෝජා දසනායක","19*****842","0711579544","ratnapura","2026-09-22T06:14:14.604Z","උතුම් දළදා සමිඳු පිහිටෙන් නිදහස ලැබේවා."
"SL-PET-12491","සෙනෙවිරත්න චතුරංග","19*****221","0707869991","kegalle","2026-09-22T06:14:13.067Z",""
"SL-PET-11923","මාරසිංහ අයේෂා","66*****57V","0725285401","nuwaraeliya","2026-09-22T06:13:53.522Z","ප්‍රජාතන්ත්‍රවාදී මහජන හඬට සවන් දෙන්න."
"SL-PET-11104","කේ. ඒ. තිළිණ අතුකෝරල","77*****73V","0784820301","gampaha","2026-09-22T06:13:42.291Z",""
"SL-PET-11995","පූජ්‍ය පොළොන්නරුවේ ඥානවිමල හිමි","19*****889","0774076304","ampara","2026-09-22T06:13:29.307Z",""
"SL-PET-10926","රණවීර සුපුන්","19*****307","0721183131","trincomalee","2026-09-22T06:12:44.694Z","අපේ පූර්ණ සහයෝගය පෙත්සමට හිමිවේ."
"SL-PET-12988","එච්. එම්. නයනා සෝමරත්න","19*****537","0762769275","kurunegala","2026-09-22T06:12:31.007Z",""
"SL-PET-13450","සුමනපාල සංජීව","93*****86V","0768808755","monaragala","2026-09-22T06:11:44.911Z",""
"SL-PET-12262","ඩබ්. එම්. රොමේෂ් වික්‍රමසිංහ","75*****21V","0704524427","anuradhapura","2026-09-22T06:11:33.873Z",""
"SL-PET-11638","හර්ෂ හේරත්","67*****10V","0723130728","ampara","2026-09-22T06:09:30.992Z",""
"SL-PET-12801","සනත් මදුශංක","70*****96V","0727490160","anuradhapura","2026-09-22T06:09:29.525Z",""
"SL-PET-10719","පූජ්‍ය මල්වත්තේ ධම්මරක්ඛිත හිමි","19*****284","0707711585","trincomalee","2026-09-22T06:08:26.615Z",""
"SL-PET-10892","ඩබ්. එම්. තිළිණ ලියනගේ","73*****69V","0777575123","kurunegala","2026-09-22T06:06:58.495Z",""
"SL-PET-11035","රණවීර වසන්ති","70*****77V","0764781482","kandy","2026-09-22T06:06:07.757Z",""
"SL-PET-11446","පූජ්‍ය ගංගොඩවිල ඥානාලෝක හිමි","19*****969","0763638364","colombo","2026-09-22T06:05:52.935Z",""
"SL-PET-12370","අතුරලියේ චන්දරතන හිමි","87*****71V","0716992985","matara","2026-09-22T06:05:45.369Z",""
"SL-PET-11622","පූජ්‍ය අස්ගිරියේ ධම්මදින්න හිමි","19*****242","0787078146","kurunegala","2026-09-22T06:03:57.883Z",""
"SL-PET-12052","චන්දන ගුණසේකර (චන්දන)","75*****61V","0783552158","matale","2026-09-22T06:03:17.590Z",""
"SL-PET-11425","කේ. ඒ. නයනා රත්නායක","19*****164","0753712199","polonnaruwa","2026-09-22T06:03:03.393Z","පෙත්සම සාර්ථක වේවා!"
"SL-PET-11503","කේ. ඒ. තක්ෂිලා සිල්වා","84*****23V","0783600838","gampaha","2026-09-22T06:02:46.686Z",""
"SL-PET-12960","ඩබ්. එම්. මනෝරි මද්දුමගේ","19*****927","0769350478","matale","2026-09-22T06:02:38.880Z",""
"SL-PET-11373","මනෝජා මහවිතාන","89*****14V","0781482757","anuradhapura","2026-09-22T06:02:07.242Z","අපේ ප්‍රාර්ථනාව කඩිනමින් ඉටුවේවා!"
"SL-PET-12073","කේ. ඒ. තිස්ස පතිරණ","19*****496","0757269792","kalutara","2026-09-22T06:01:59.729Z","බුද්ධ ශාසනයේ ආරක්ෂාව උදෙසා උන්වහන්සේ මුදාහරින්න."
"SL-PET-12304","අජිත් තිලකරත්න","65*****76V","0771798787","ratnapura","2026-09-22T06:01:42.412Z",""
"SL-PET-12682","ආර්. එම්. පියුමි ලියනගේ","66*****92V","0755258917","kandy","2026-09-22T06:00:55.900Z",""
"SL-PET-12486","හේරත් සරත්","65*****64V","0711870025","ratnapura","2026-09-22T06:00:41.679Z",""
"SL-PET-11124","කළුවිතාරණ ප්‍රේමරත්න","19*****677","0781941204","nuwaraeliya","2026-09-22T06:00:36.436Z",""
"SL-PET-13241","පූජ්‍ය රත්නපුරේ චන්දරතන හිමි","95*****84V","0773459469","polonnaruwa","2026-09-22T05:59:53.185Z",""
"SL-PET-13831","ආර්. එම්. තිළිණ වික්‍රමසිංහ","95*****12V","0788355852","polonnaruwa","2026-09-22T05:59:04.529Z",""
"SL-PET-13478","චම්පා තිලකරත්න","19*****665","0713911851","gampaha","2026-09-22T05:55:44.071Z","සමාව ලබා දී උන්වහන්සේ මුදාහරින්න."
"SL-PET-12726","කේ. ඒ. තිලක් රත්නායක","74*****15V","0727150923","polonnaruwa","2026-09-22T05:55:39.547Z",""
"SL-PET-13574","රණවීර ලක්ෂිකා","19*****363","0767591081","ratnapura","2026-09-22T05:55:35.030Z","සියලු සත්වයෝ සුවපත් වෙත්වා! ඉක්මන් නිදහස පතමු."
"SL-PET-10859","පූජ්‍ය කුරුණෑගල ඥානාරාම හිමි","19*****612","0718205120","trincomalee","2026-09-22T05:55:24.678Z",""
"SL-PET-13217","හර්ෂ රණවීර","81*****12V","0772941685","kegalle","2026-09-22T05:55:17.988Z","අපේ පූර්ණ සහයෝගය පෙත්සමට හිමිවේ."
"SL-PET-11277","ලක්ෂිකා රණසිංහ","60*****68V","0702186876","gampaha","2026-09-22T05:54:02.415Z","අධිකරණ තීන්දුවලට ගරු කරමින්ම ජනාධිපති සමාව අයදිමු."
"SL-PET-11998","එච්. එම්. ජනක සිරිවර්ධන","87*****19V","0711616731","hambantota","2026-09-22T05:52:51.091Z","සමාව ලබා දී උන්වහන්සේ මුදාහරින්න."
"SL-PET-12258","ධර්මප්‍රිය රේණුකා","97*****81V","0702671081","matara","2026-09-22T05:52:06.869Z",""
"SL-PET-11428","තරිඳු බණ්ඩාර","19*****520","0703441737","gampaha","2026-09-22T05:52:03.604Z",""
"SL-PET-13366","දුමින්ද හපුආරච්චි (දුමින්ද)","67*****98V","0709728610","hambantota","2026-09-22T05:50:50.972Z","සාමකාමී ශ්‍රී ලංකාවක් උදෙසා උන්වහන්සේ නිදහස් කරන්න."
"SL-PET-10965","අසංක දසනායක","63*****11V","0709922335","trincomalee","2026-09-22T05:50:29.958Z",""
"SL-PET-12856","ඩබ්. එම්. රුක්මන් තිලකරත්න","92*****19V","0762925380","galle","2026-09-22T05:49:30.591Z","ප්‍රජාතන්ත්‍රවාදී මහජන හඬට සවන් දෙන්න."
"SL-PET-13686","මාරසිංහ සුපුන්","86*****24V","0752023150","colombo","2026-09-22T05:49:06.576Z","බුද්ධ ශාසනයේ ආරක්ෂාව උදෙසා උන්වහන්සේ මුදාහරින්න."
"SL-PET-11754","ඩබ්. එම්. සිතුම් පතිරණ","86*****24V","0779061282","kurunegala","2026-09-22T05:46:32.124Z","බුද්ධ ශාසනයේ ආරක්ෂාව උදෙසා උන්වහන්සේ මුදාහරින්න."
"SL-PET-10718","ආර්. එම්. සිතුම් ජයවර්ධන","86*****59V","0711674872","ratnapura","2026-09-22T05:45:53.394Z","සාමකාමී ශ්‍රී ලංකාවක් උදෙසා උන්වහන්සේ නිදහස් කරන්න."
"SL-PET-12071","පී. බී. සුදර්ශනී පතිරණ","82*****12V","0718382465","galle","2026-09-22T05:45:34.204Z","අපේ පූර්ණ සහයෝගය පෙත්සමට හිමිවේ."
"SL-PET-13171","සංජීව මාරසිංහ (සංජීව)","67*****52V","0703610053","anuradhapura","2026-09-22T05:44:40.310Z",""
"SL-PET-13504","එච්. එම්. චන්දන සේනාරත්න","87*****46V","0711023242","matara","2026-09-22T05:44:05.855Z",""
"SL-PET-11526","ආර්. එම්. නලින් විජේසූරිය","20*****656","0721763063","ampara","2026-09-22T05:43:44.060Z",""
"SL-PET-10778","පී. බී. තිළිණ හේරත්","19*****338","0773571708","gampaha","2026-09-22T05:43:36.674Z",""
"SL-PET-10811","අසංක මද්දුමගේ (අසංක)","98*****68V","0767853148","kalutara","2026-09-22T05:42:26.627Z","අධිකරණ තීන්දුවලට ගරු කරමින්ම ජනාධිපති සමාව අයදිමු."
"SL-PET-10803","පී. බී. වසන්ති මද්දුමගේ","19*****673","0772690316","nuwaraeliya","2026-09-22T05:41:25.204Z",""
"SL-PET-12967","පී. බී. සිතුම් ජයවර්ධන","19*****403","0773252332","anuradhapura","2026-09-22T05:41:17.935Z",""
"SL-PET-13918","ඩබ්. එම්. සමිත විජේමාන්න","20*****307","0722944256","kurunegala","2026-09-22T05:40:24.388Z",""
"SL-PET-13132","ශ්‍රියානි සිල්වා","90*****41V","0788809628","anuradhapura","2026-09-22T05:39:31.063Z",""
"SL-PET-12232","වික්‍රමරත්න සචින්","19*****576","0788969125","overseas","2026-09-22T05:39:19.637Z",""
"SL-PET-13188","වසන්ත මාලක","87*****51V","0764996262","matara","2026-09-22T05:38:35.499Z","ත්‍රිවිධ හමුදා හා පුරවැසි ප්‍රජාවේ පූර්ණ සුභපැතුම්."
"SL-PET-13720","එච්. එම්. සනත් සිල්වා","19*****956","0726249091","gampaha","2026-09-22T05:37:44.375Z",""
"SL-PET-10813","ආර්. එම්. ලක්ෂ්මන් අතුකෝරල","87*****21V","0708565855","kurunegala","2026-09-22T05:37:37.638Z",""
"SL-PET-11732","රවින්ද්‍ර සේනාරත්න (රවින්ද්‍ර)","76*****99V","0772348580","matale","2026-09-22T05:37:01.064Z",""
"SL-PET-11000","ඩබ්. එම්. තිලක් සිල්වා","19*****861","0786150740","colombo","2026-09-22T05:36:47.973Z",""
"SL-PET-12007","අතුකෝරල කුසුම්","20*****290","0788344315","ampara","2026-09-22T05:36:17.358Z",""
"SL-PET-11957","කේ. ඒ. මාලා දිසානායක","67*****93V","0701000182","gampaha","2026-09-22T05:35:12.927Z","ලක්ෂ 50 ක ජනතා හඬට ඇහුම්කන් දෙන්න."
"SL-PET-10751","චතුරිකා කහඳගමගේ","98*****34V","0779738976","polonnaruwa","2026-09-22T05:35:09.179Z","ගරු ජනාධිපතිතුමනි, කරුණාවෙන් සලකා බලන්න."
"SL-PET-10602","ඉන්දිරා අතුකෝරල","19*****579","0703219926","gampaha","2026-09-22T05:35:00.580Z","ත්‍රිවිධ හමුදා හා පුරවැසි ප්‍රජාවේ පූර්ණ සුභපැතුම්."
"SL-PET-11830","ආර්. එම්. සුනිල් සිරිවර්ධන","85*****36V","0779274449","kurunegala","2026-09-22T05:33:48.688Z","අධිකරණ තීන්දුවලට ගරු කරමින්ම ජනාධිපති සමාව අයදිමු."
"SL-PET-12293","අනුරාධා වසන්ත (අනුරාධා)","19*****479","0765393139","gampaha","2026-09-22T05:33:24.861Z",""
"SL-PET-12171","දැදිගම මහේෂ්","81*****40V","0767082104","ratnapura","2026-09-22T05:32:19.148Z","ප්‍රජාතන්ත්‍රවාදී මහජන හඬට සවන් දෙන්න."
"SL-PET-13360","ඩබ්. එම්. අසංක ගුණතිලක","19*****887","0726104124","gampaha","2026-09-22T05:31:09.943Z",""
"SL-PET-10622","දිනේෂ් මාරසිංහ (දිනේෂ්)","76*****95V","0756748405","ratnapura","2026-09-22T05:29:29.759Z",""
"SL-PET-13415","ඩබ්. එම්. වසන්ත කහඳගමගේ","78*****14V","0787285209","overseas","2026-09-22T05:28:33.817Z",""
"SL-PET-12058","ගයත්‍රි විජේසූරිය","19*****903","0729090787","anuradhapura","2026-09-22T05:27:53.317Z","ත්‍රිවිධ හමුදා හා පුරවැසි ප්‍රජාවේ පූර්ණ සුභපැතුම්."
"SL-PET-12790","එච්. එම්. ජීවන්ත සෙනෙවිරත්න","91*****85V","0726941433","colombo","2026-09-22T05:26:40.492Z",""
"SL-PET-12087","චාන්දනී රණසිංහ","19*****445","0787581668","ampara","2026-09-22T05:26:03.508Z","පෙත්සම සාර්ථක වේවා!"
"SL-PET-13455","සෝමරත්න සරත්","97*****95V","0716163842","galle","2026-09-22T05:24:55.121Z",""
"SL-PET-10866","පූජ්‍ය තිස්සමහාරාමයේ සුමනසාර හිමි","20*****439","0788004309","ampara","2026-09-22T05:24:20.312Z",""
"SL-PET-10672","අතුරලියේ විපස්සී හිමි","20*****514","0716812360","gampaha","2026-09-22T05:23:40.822Z",""
"SL-PET-11127","ඩබ්. එම්. කුෂාන් රාජපක්ෂ","19*****224","0768568061","overseas","2026-09-22T05:22:29.537Z","සියලු සත්වයෝ සුවපත් වෙත්වා! ඉක්මන් නිදහස පතමු."
"SL-PET-11494","කේ. ඒ. දිනේෂ් ජයවර්ධන","19*****927","0775986018","galle","2026-09-22T05:21:37.553Z",""
"SL-PET-11699","මාලක ජයසිංහ","94*****33V","0754462711","anuradhapura","2026-09-22T05:21:34.309Z",""
"SL-PET-12546","එච්. එම්. කුමාර සේනාරත්න","19*****247","0712950803","anuradhapura","2026-09-22T05:20:44.978Z",""
"SL-PET-11443","ජගත් ප්‍රේමචන්ද්‍ර (ජගත්)","19*****961","0729865155","polonnaruwa","2026-09-22T05:20:41.261Z",""
"SL-PET-10687","නිරෝෂා තිලකරත්න","20*****685","0758417075","matale","2026-09-22T05:19:37.275Z",""
"SL-PET-11480","ඩබ්. එම්. ගයාන් සුමනසේකර","88*****53V","0707924639","polonnaruwa","2026-09-22T05:17:59.719Z",""
"SL-PET-12588","ඩබ්. එම්. අමිල කුලතුංග","70*****12V","0723902816","matara","2026-09-22T05:17:02.343Z",""
"SL-PET-11519","කේ. ඒ. හේමන්ත පෙරේරා","19*****948","0768518813","matara","2026-09-22T05:17:01.635Z",""
"SL-PET-12224","පූජ්‍ය මාදුළුවාවේ රේවත හිමි","19*****558","0709393165","matale","2026-09-22T05:16:53.785Z","ප්‍රජාතන්ත්‍රවාදී මහජන හඬට සවන් දෙන්න."
"SL-PET-11452","පියුමි හේරත්","19*****359","0752808580","kurunegala","2026-09-22T05:14:42.167Z",""
"SL-PET-12922","පී. බී. සනත් මද්දුමගේ","19*****705","0761464278","polonnaruwa","2026-09-22T05:14:08.375Z","ප්‍රජාතන්ත්‍රවාදී මහජන හඬට සවන් දෙන්න."
"SL-PET-11820","මල්කාන්ති පෙරේරා","61*****85V","0756567582","matara","2026-09-22T05:13:30.234Z",""
"SL-PET-11765","සරත් අබේසේකර","93*****43V","0788906795","polonnaruwa","2026-09-22T05:13:22.030Z",""
"SL-PET-13559","පූජ්‍ය කුරුණෑගල ආනන්ද හිමි","75*****48V","0716733844","anuradhapura","2026-09-22T05:13:13.605Z",""
"SL-PET-13274","පී. බී. නයනා විජේසූරිය","19*****690","0705432826","trincomalee","2026-09-22T05:12:59.004Z","උතුම් දළදා සමිඳු පිහිටෙන් නිදහස ලැබේවා."
"SL-PET-11173","කරුණාරත්න සුපුන්","20*****231","0711500649","kalutara","2026-09-22T05:12:58.558Z",""
"SL-PET-13014","ආර්. එම්. අනුරාධා කරුණාරත්න","90*****76V","0751679309","kurunegala","2026-09-22T05:11:54.328Z","අපේ පූර්ණ සහයෝගය පෙත්සමට හිමිවේ."
"SL-PET-13249","නයනා තිලකරත්න","19*****242","0705264935","kandy","2026-09-22T05:11:22.431Z","අපේ ප්‍රාර්ථනාව කඩිනමින් ඉටුවේවා!"
"SL-PET-11838","ආර්. එම්. ප්‍රදීප් මඩවලගේ","19*****269","0705172207","colombo","2026-09-22T05:10:53.999Z",""
"SL-PET-11783","ආර්. එම්. ජීවන්ත ධර්මප්‍රිය","76*****17V","0726216942","matara","2026-09-22T05:10:42.301Z",""
"SL-PET-11412","පී. බී. සුජාතා කුලතුංග","69*****37V","0723562774","badulla","2026-09-22T05:09:49.136Z",""
"SL-PET-12039","ඩබ්. එම්. ගයාන් ජයවර්ධන","81*****45V","0769537301","ratnapura","2026-09-22T05:06:59.010Z","අපගේ ආශිර්වාදය හා සහයෝගය උන්වහන්සේ සමගයි."
"SL-PET-12263","කේ. ඒ. වසන්ති සුමනසේකර","19*****106","0726339645","overseas","2026-09-22T05:06:26.193Z",""
"SL-PET-13598","ඩබ්. එම්. මාලක වික්‍රමසිංහ","71*****78V","0772521024","matale","2026-09-22T05:05:45.539Z",""
"SL-PET-11616","පූජ්‍ය රජවත්තේ රේවත හිමි","76*****58V","0774111227","kandy","2026-09-22T05:04:29.360Z",""
"SL-PET-12618","එච්. එම්. දර්ශන බණ්ඩාර","20*****509","0716903128","polonnaruwa","2026-09-22T05:03:04.282Z",""
"SL-PET-12794","එච්. එම්. දීපිකා සිරිවර්ධන","20*****354","0772851818","kalutara","2026-09-22T05:02:59.261Z",""
"SL-PET-13865","ඩබ්. එම්. දිනේෂ් විජේමාන්න","96*****65V","0721788919","polonnaruwa","2026-09-22T05:02:50.625Z",""
"SL-PET-11157","අතුල සිරිවර්ධන (අතුල)","19*****629","0708349771","badulla","2026-09-22T05:02:23.991Z",""
"SL-PET-12873","ඩබ්. එම්. ජීවන්ත ගුණසේකර","20*****402","0708946891","colombo","2026-09-22T05:01:57.242Z",""
"SL-PET-11620","පූජ්‍ය වටපොත ඥානවිමල හිමි","19*****538","0758940544","colombo","2026-09-22T05:01:53.690Z",""
"SL-PET-12338","එච්. එම්. සුජාතා මහවිතාන","84*****55V","0786488349","ratnapura","2026-09-22T05:01:12.936Z",""
"SL-PET-10714","කේ. ඒ. කෞශල්‍යා හපුආරච්චි","20*****653","0725988381","colombo","2026-09-22T05:00:33.924Z","රට ජාතිය ආගම වෙනුවෙන් හඬක් නැගූ හිමියන්ට නිදහස ලැබේවා."
"SL-PET-10710","ආර්. එම්. ප්‍රදීප් විජේසිංහ","62*****39V","0769166114","kurunegala","2026-09-22T04:58:51.257Z",""
"SL-PET-12452","වික්‍රමරත්න අනෝජ්","70*****13V","0725275570","kegalle","2026-09-22T04:58:41.811Z",""
"SL-PET-12216","කේ. ඒ. ධම්මික මඩවලගේ","20*****121","0784877952","kalutara","2026-09-22T04:57:15.175Z",""
"SL-PET-10946","එච්. එම්. සන්ධ්‍යා මහවිතාන","86*****53V","0716364410","matale","2026-09-22T04:56:09.766Z","අපේ පූර්ණ සහයෝගය පෙත්සමට හිමිවේ."
"SL-PET-11146","එච්. එම්. සුදර්ශනී විජේතුංග","60*****24V","0714170650","galle","2026-09-22T04:54:28.448Z",""
"SL-PET-10601","ජයවර්ධන ප්‍රදීප්","20*****489","0709641325","kurunegala","2026-09-22T04:54:20.844Z",""
"SL-PET-11153","ඩබ්. එම්. ශ්‍රියානි ආටිගල","19*****254","0703021235","anuradhapura","2026-09-22T04:50:16.084Z","ලක්ෂ 50 ක ජනතා හඬට ඇහුම්කන් දෙන්න."
"SL-PET-12068","කේ. ඒ. බුද්ධික ධර්මප්‍රිය","19*****625","0723744104","galle","2026-09-22T04:49:35.401Z","අපේ පූර්ණ සහයෝගය පෙත්සමට හිමිවේ."
"SL-PET-10880","ඩබ්. එම්. හේමන්ත රණවීර","95*****15V","0706941008","monaragala","2026-09-22T04:49:20.829Z",""
"SL-PET-13534","ආර්. එම්. සරත් මහවිතාන","19*****323","0722057485","polonnaruwa","2026-09-22T04:48:40.805Z",""
"SL-PET-12093","ශ්‍රියානි තිලකරත්න","83*****30V","0758204373","monaragala","2026-09-22T04:48:34.941Z",""
"SL-PET-11463","රුක්මන් විජේතුංග","73*****87V","0716898917","ratnapura","2026-09-22T04:47:43.378Z",""
"SL-PET-13198","ඩබ්. එම්. රවින්ද්‍ර වසන්ත","68*****29V","0767680254","monaragala","2026-09-22T04:47:17.574Z","ගරු ජනාධිපතිතුමනි, කරුණාවෙන් සලකා බලන්න."
"SL-PET-10642","ආර්. එම්. චතුරිකා රත්නායක","20*****312","0714672312","kegalle","2026-09-22T04:46:56.995Z","අපේ ප්‍රාර්ථනාව කඩිනමින් ඉටුවේවා!"
"SL-PET-11076","පී. බී. ජගත් මාරසිංහ","80*****60V","0761247984","anuradhapura","2026-09-22T04:43:52.866Z",""
"SL-PET-11185","මඩවලගේ චමින්ද","89*****24V","0767275576","matara","2026-09-22T04:43:37.664Z",""
"SL-PET-11084","සිරිවර්ධන සුදර්ශනී","75*****93V","0766976187","anuradhapura","2026-09-22T04:42:49.683Z","අපේ ප්‍රාර්ථනාව කඩිනමින් ඉටුවේවා!"
"SL-PET-12272","පී. බී. චතුරංග රණවීර","20*****899","0788312957","kurunegala","2026-09-22T04:41:52.123Z","පෙත්සම සාර්ථක වේවා!"
"SL-PET-11728","ඩබ්. එම්. දීපිකා දැදිගම","92*****25V","0723523002","kalutara","2026-09-22T04:41:23.866Z","සමාව ලබා දී උන්වහන්සේ මුදාහරින්න."
"SL-PET-12235","ආර්. එම්. සනත් බණ්ඩාර","64*****10V","0719373333","kalutara","2026-09-22T04:41:14.306Z",""
"SL-PET-11333","පී. බී. සිතුම් කළුවිතාරණ","68*****70V","0784623142","puttalam","2026-09-22T04:40:56.958Z","ප්‍රජාතන්ත්‍රවාදී මහජන හඬට සවන් දෙන්න."
"SL-PET-10822","ඩබ්. එම්. දීපිකා දේවප්‍රිය","78*****30V","0709234870","ratnapura","2026-09-22T04:40:28.529Z",""
"SL-PET-10756","සදුනි ගුණතිලක","19*****599","0788617657","overseas","2026-09-22T04:40:09.029Z","බුද්ධ ශාසනයේ ආරක්ෂාව උදෙසා උන්වහන්සේ මුදාහරින්න."
"SL-PET-11546","එච්. එම්. හිරුණි පෙරේරා","78*****52V","0719460154","monaragala","2026-09-22T04:39:47.894Z",""
"SL-PET-10562","ඩබ්. එම්. සංජීව රාජපක්ෂ","19*****267","0703349552","anuradhapura","2026-09-22T04:39:32.995Z",""
"SL-PET-11320","බෙල්ලන්විල ධම්මරක්ඛිත හිමි","90*****49V","0782897727","anuradhapura","2026-09-22T04:39:02.703Z",""
"SL-PET-12401","පතිරණ අසංක","19*****766","0716573844","nuwaraeliya","2026-09-22T04:37:55.167Z",""
"SL-PET-11134","සමිත නවරත්න","66*****22V","0776851156","matara","2026-09-22T04:37:08.113Z","නිරෝගී සුවය හා නිදහස ලැබේවා."
"SL-PET-11338","මනෝජා ප්‍රේමචන්ද්‍ර (මනෝජා)","19*****381","0776894050","anuradhapura","2026-09-22T04:35:23.107Z",""
"SL-PET-10723","බණ්ඩාර කුසුම්","19*****184","0727082357","kurunegala","2026-09-22T04:35:20.403Z",""
"SL-PET-10905","ආර්. එම්. අනුර නවරත්න","19*****386","0785557235","kurunegala","2026-09-22T04:34:17.819Z",""
"SL-PET-13530","රවින්ද්‍ර ජයසිංහ (රවින්ද්‍ර)","81*****86V","0772134166","badulla","2026-09-22T04:33:23.356Z",""
"SL-PET-11004","එච්. එම්. සිතුම් නවරත්න","62*****14V","0707507277","galle","2026-09-22T04:32:21.262Z",""
"SL-PET-12553","කෞශල්‍යා පතිරණ","96*****75V","0761552557","kalutara","2026-09-22T04:31:53.546Z","නිරෝගී සුවය හා නිදහස ලැබේවා."
"SL-PET-12061","කේ. ඒ. තිලක් මද්දුමගේ","76*****21V","0766522580","kegalle","2026-09-22T04:31:27.032Z",""
"SL-PET-12167","අතුරලියේ සෝභිත හිමි","19*****547","0752523434","overseas","2026-09-22T04:30:21.927Z",""
"SL-PET-13706","පී. බී. උදාරි හපුආරච්චි","19*****553","0765764532","matara","2026-09-22T04:28:51.822Z",""
"SL-PET-11886","ආර්. එම්. සරත් විජේමාන්න","95*****95V","0713887570","trincomalee","2026-09-22T04:28:31.980Z",""
"SL-PET-12823","අතුල සමරසේකර","79*****87V","0759381334","gampaha","2026-09-22T04:28:07.997Z",""
"SL-PET-12655","එච්. එම්. නිරංජලා බණ්ඩාර","19*****766","0724473828","kalutara","2026-09-22T04:27:56.381Z",""
"SL-PET-10728","පී. බී. චතුරංග කරුණාරත්න","96*****80V","0756446146","badulla","2026-09-22T04:27:39.463Z","උතුම් දළදා සමිඳු පිහිටෙන් නිදහස ලැබේවා."
"SL-PET-12821","සුපුන් ධර්මප්‍රිය","89*****44V","0766122255","trincomalee","2026-09-22T04:26:03.609Z",""
"SL-PET-10643","අතුකෝරල ශ්‍රියානි","98*****26V","0751344147","ampara","2026-09-22T04:25:36.132Z",""
"SL-PET-13165","ආර්. එම්. සමිත විතානගේ","19*****418","0759480013","ratnapura","2026-09-22T04:25:32.850Z","සාධාරණත්වය ඉටු කරන්න."
"SL-PET-11140","එච්. එම්. සුජාතා විජේතුංග","19*****725","0774345358","polonnaruwa","2026-09-22T04:22:26.091Z",""
"SL-PET-12113","කේ. ඒ. චම්පා බණ්ඩාර","19*****123","0785847562","galle","2026-09-22T04:19:17.168Z","සාමකාමී ශ්‍රී ලංකාවක් උදෙසා උන්වහන්සේ නිදහස් කරන්න."
"SL-PET-12312","ප්‍රමෝද් ධර්මප්‍රිය (ප්‍රමෝද්)","19*****441","0751827616","kalutara","2026-09-22T04:18:40.287Z",""
"SL-PET-12448","කේ. ඒ. ජීවන්ත ගුණතිලක","19*****625","0768106861","colombo","2026-09-22T04:18:19.873Z",""
"SL-PET-12064","කේ. ඒ. ලක්ෂ්මන් නවරත්න","19*****732","0763314336","kalutara","2026-09-22T04:17:29.509Z",""
"SL-PET-12688","එච්. එම්. නුවන් වසන්ත","19*****456","0765940516","colombo","2026-09-22T04:16:33.795Z",""
"SL-PET-12445","පී. බී. නිහාල් සුමනසේකර","82*****91V","0781316428","polonnaruwa","2026-09-22T04:16:21.754Z","ගරු ජනාධිපතිතුමනි, කරුණාවෙන් සලකා බලන්න."
"SL-PET-13209","පී. බී. චතුර මඩවලගේ","94*****41V","0712003492","kurunegala","2026-09-22T04:16:17.573Z",""
"SL-PET-12476","කේ. ඒ. කුමුදුනී මඩවලගේ","67*****56V","0718527129","kandy","2026-09-22T04:12:57.537Z","සාධාරණත්වය ඉටු කරන්න."
"SL-PET-13669","එච්. එම්. සුනෙත්‍රා විජේමාන්න","19*****334","0717389091","matara","2026-09-22T04:11:00.169Z","අපේ පූර්ණ සහයෝගය පෙත්සමට හිමිවේ."
"SL-PET-11635","පී. බී. අමිල තිලකරත්න","19*****459","0718244991","monaragala","2026-09-22T04:10:58.106Z",""
"SL-PET-13301","පී. බී. රුක්මන් නවරත්න","19*****204","0774321395","galle","2026-09-22T04:10:14.302Z",""
"SL-PET-11810","පී. බී. කුමුදුනී දේවප්‍රිය","20*****927","0722892416","polonnaruwa","2026-09-22T04:10:02.966Z",""
"SL-PET-13711","එච්. එම්. අනෝජ් මාරසිංහ","86*****21V","0721366329","colombo","2026-09-22T04:09:19.409Z",""
"SL-PET-12016","පී. බී. සුජාතා වික්‍රමසිංහ","19*****282","0786724053","ratnapura","2026-09-22T04:09:19.245Z","උතුම් දළදා සමිඳු පිහිටෙන් නිදහස ලැබේවා."
"SL-PET-11852","මදුශංක වසන්ති","20*****856","0776211912","badulla","2026-09-22T04:09:09.952Z",""
"SL-PET-11576","ආර්. එම්. සජිත් පෙරේරා","76*****85V","0726917435","matara","2026-09-22T04:09:08.070Z",""
"SL-PET-11750","ප්‍රේමචන්ද්‍ර ධම්මික","19*****417","0713803623","gampaha","2026-09-22T04:07:56.858Z","පෙත්සම සාර්ථක වේවා!"
"SL-PET-13246","වසන්ත විතානගේ","87*****60V","0772329422","kegalle","2026-09-22T04:07:52.765Z","බුද්ධ ශාසනයේ ආරක්ෂාව උදෙසා උන්වහන්සේ මුදාහරින්න."
"SL-PET-12227","ආර්. එම්. සම්පත් සෙනෙවිරත්න","98*****48V","0753991313","polonnaruwa","2026-09-22T04:07:52.385Z",""
"SL-PET-11238","ප්‍රේමචන්ද්‍ර සුපුන්","77*****60V","0766969946","badulla","2026-09-22T04:07:49.259Z",""
"SL-PET-10644","එච්. එම්. අමිල ජයවර්ධන","66*****98V","0757427328","galle","2026-09-22T04:07:34.058Z","ප්‍රජාතන්ත්‍රවාදී මහජන හඬට සවන් දෙන්න."
"SL-PET-13815","අසංක තිලකරත්න (අසංක)","19*****274","0718925597","kurunegala","2026-09-22T04:07:28.320Z","ලක්ෂ 50 ක ජනතා හඬට ඇහුම්කන් දෙන්න."
"SL-PET-11196","පූජ්‍ය නාරද සුමංගල හිමි","19*****387","0711841547","matale","2026-09-22T04:07:18.842Z",""
"SL-PET-13809","පූජ්‍ය වටපොත ඥානාරාම හිමි","95*****10V","0774385703","monaragala","2026-09-22T04:07:06.756Z",""
"SL-PET-10580","පූජ්‍ය කුරුණෑගල තිස්ස හිමි","19*****727","0752598287","puttalam","2026-09-22T04:06:40.489Z","ත්‍රිවිධ හමුදා හා පුරවැසි ප්‍රජාවේ පූර්ණ සුභපැතුම්."
"SL-PET-11665","ඩබ්. එම්. රවින්ද්‍ර තිලකරත්න","88*****56V","0727363852","kandy","2026-09-22T04:03:45.782Z","අපේ ප්‍රාර්ථනාව කඩිනමින් ඉටුවේවා!"
"SL-PET-13881","පූජ්‍ය තිස්සමහාරාමයේ සුමනසාර හිමි","19*****998","0704873987","galle","2026-09-22T04:02:27.250Z","බුද්ධ ශාසනයේ ආරක්ෂාව උදෙසා උන්වහන්සේ මුදාහරින්න."
"SL-PET-11031","කේ. ඒ. චතුර හපුආරච්චි","75*****32V","0752370912","kandy","2026-09-22T04:02:24.378Z","අධිකරණ තීන්දුවලට ගරු කරමින්ම ජනාධිපති සමාව අයදිමු."
"SL-PET-12114","ආර්. එම්. අනුරාධා සේනාරත්න","19*****290","0704223168","kandy","2026-09-22T04:00:44.881Z",""
"SL-PET-13652","ඩබ්. එම්. නයනා කුමාරසිංහ","72*****32V","0754032772","gampaha","2026-09-22T03:59:32.007Z","නිරෝගී සුවය හා නිදහස ලැබේවා."
"SL-PET-12218","පී. බී. කුමුදුනී මාරසිංහ","64*****26V","0766748919","overseas","2026-09-22T03:59:07.278Z",""
"SL-PET-12354","පූජ්‍ය වටපොත සීලරතන හිමි","19*****375","0707233082","kurunegala","2026-09-22T03:58:53.718Z","සියලු සත්වයෝ සුවපත් වෙත්වා! ඉක්මන් නිදහස පතමු."
"SL-PET-13385","පූජ්‍ය රජවත්තේ ඥානවිමල හිමි","72*****66V","0724861068","anuradhapura","2026-09-22T03:58:26.243Z","අපේ පූර්ණ සහයෝගය පෙත්සමට හිමිවේ."
"SL-PET-12228","ඩබ්. එම්. බුද්ධික පතිරණ","89*****51V","0726399597","badulla","2026-09-22T03:58:22.566Z",""
"SL-PET-10790","කේ. ඒ. කුමාර කළුවිතාරණ","65*****36V","0757132265","puttalam","2026-09-22T03:58:00.665Z",""
"SL-PET-11601","ආර්. එම්. කුමුදු විතානගේ","94*****11V","0782738807","ampara","2026-09-22T03:57:44.802Z",""
"SL-PET-13683","සන්ධ්‍යා විජේසූරිය (සන්ධ්‍යා)","81*****43V","0758135927","ampara","2026-09-22T03:56:37.199Z",""
"SL-PET-12461","ඩබ්. එම්. නිරෝෂා සමරසේකර","19*****587","0705654347","colombo","2026-09-22T03:55:54.634Z",""
"SL-PET-13864","පී. බී. රොමේෂ් තිලකරත්න","19*****576","0705678709","hambantota","2026-09-22T03:55:35.204Z",""
"SL-PET-13130","අනෝමා හපුආරච්චි (අනෝමා)","93*****70V","0712485415","gampaha","2026-09-22T03:55:28.741Z","සාමකාමී ශ්‍රී ලංකාවක් උදෙසා උන්වහන්සේ නිදහස් කරන්න."
"SL-PET-12685","සුමනසේකර නිලන්ති","70*****79V","0701087660","kandy","2026-09-22T03:54:39.085Z","අධිකරණ තීන්දුවලට ගරු කරමින්ම ජනාධිපති සමාව අයදිමු."
"SL-PET-13729","එච්. එම්. ජීවන්ත රත්නායක","63*****59V","0782769689","ampara","2026-09-22T03:52:59.144Z","පෙත්සම සාර්ථක වේවා!"
"SL-PET-10973","ඩබ්. එම්. වසන්ත සෙනෙවිරත්න","20*****648","0753064690","ampara","2026-09-22T03:52:22.682Z","බුද්ධ ශාසනයේ ආරක්ෂාව උදෙසා උන්වහන්සේ මුදාහරින්න."
"SL-PET-11112","කේ. ඒ. රුවන් තිලකරත්න","77*****94V","0778328123","puttalam","2026-09-22T03:52:14.026Z",""
"SL-PET-10897","කේ. ඒ. සමිත දසනායක","20*****157","0768430965","puttalam","2026-09-22T03:51:37.826Z","අපගේ ආශිර්වාදය හා සහයෝගය උන්වහන්සේ සමගයි."
"SL-PET-11909","ලක්ෂිකා අතුකෝරල (ලක්ෂිකා)","77*****73V","0701690339","polonnaruwa","2026-09-22T03:51:15.124Z","අධිකරණ තීන්දුවලට ගරු කරමින්ම ජනාධිපති සමාව අයදිමු."
"SL-PET-10776","කේ. ඒ. සුපුන් රාජපක්ෂ","19*****356","0785225418","colombo","2026-09-22T03:50:42.982Z",""
"SL-PET-12091","එච්. එම්. ප්‍රමෝද් දේවප්‍රිය","20*****997","0753911365","trincomalee","2026-09-22T03:50:28.037Z",""
"SL-PET-10629","සුදර්ශනී මාරසිංහ (සුදර්ශනී)","19*****649","0776458399","nuwaraeliya","2026-09-22T03:48:44.936Z",""
"SL-PET-12527","අසංක ධර්මප්‍රිය (අසංක)","19*****280","0725678825","trincomalee","2026-09-22T03:48:36.154Z",""
"SL-PET-10806","පී. බී. නයනා ධර්මප්‍රිය","19*****565","0715714214","ampara","2026-09-22T03:47:46.005Z","බුද්ධ ශාසනයේ ආරක්ෂාව උදෙසා උන්වහන්සේ මුදාහරින්න."
"SL-PET-13894","එච්. එම්. දිනුෂිකා කුමාරසිංහ","82*****24V","0718018714","kurunegala","2026-09-22T03:46:46.827Z",""
"SL-PET-13602","එච්. එම්. හිරුණි මදුශංක","86*****44V","0712146114","kurunegala","2026-09-22T03:46:04.287Z",""
"SL-PET-13293","ආර්. එම්. රොමේෂ් විජේසිංහ","97*****94V","0722354446","matara","2026-09-22T03:45:57.165Z",""
"SL-PET-13325","ඩබ්. එම්. දිල්හානි රාජපක්ෂ","20*****775","0781631639","ampara","2026-09-22T03:44:01.158Z",""
"SL-PET-12912","එච්. එම්. බුද්ධික විජේසූරිය","72*****13V","0781954205","trincomalee","2026-09-22T03:43:52.504Z",""
"SL-PET-13224","පී. බී. මාලා මහවිතාන","75*****21V","0701283147","kegalle","2026-09-22T03:42:57.618Z","අපේ පූර්ණ සහයෝගය පෙත්සමට හිමිවේ."
"SL-PET-11727","පූජ්‍ය අස්ගිරියේ පඤ්ඤානන්ද හිමි","64*****66V","0767593128","ratnapura","2026-09-22T03:42:51.235Z",""
"SL-PET-11274","කේ. ඒ. දර්ශන රණසිංහ","73*****14V","0709317081","hambantota","2026-09-22T03:42:47.271Z","නිරෝගී සුවය හා නිදහස ලැබේවා."
"SL-PET-12252","කේ. ඒ. වසන්ති සිල්වා","19*****639","0764056235","kandy","2026-09-22T03:42:38.368Z",""
"SL-PET-12183","පූජ්‍ය වටපොත සුමන හිමි","77*****52V","0762771819","polonnaruwa","2026-09-22T03:42:23.747Z",""
"SL-PET-11255","ආර්. එම්. සුජාතා මදුශංක","20*****982","0769233371","monaragala","2026-09-22T03:42:20.565Z",""
"SL-PET-12230","පී. බී. තිලක් සිල්වා","20*****608","0762661710","gampaha","2026-09-22T03:40:59.137Z","ප්‍රජාතන්ත්‍රවාදී මහජන හඬට සවන් දෙන්න."
"SL-PET-11049","ඩබ්. එම්. චන්දන වික්‍රමරත්න","65*****61V","0724766754","kandy","2026-09-22T03:40:20.532Z",""
"SL-PET-10771","කරුණාරත්න සුනෙත්‍රා","19*****696","0787779377","hambantota","2026-09-22T03:39:12.205Z",""
"SL-PET-11371","කේ. ඒ. හිරුණි ආටිගල","87*****27V","0765845470","kurunegala","2026-09-22T03:38:50.113Z","රට ජාතිය ආගම වෙනුවෙන් හඬක් නැගූ හිමියන්ට නිදහස ලැබේවා."
"SL-PET-13600","ඉසුරු මද්දුමගේ","65*****23V","0725777804","polonnaruwa","2026-09-22T03:36:59.466Z",""
"SL-PET-13321","එච්. එම්. කුසුම් සුමනසේකර","19*****531","0777414346","matara","2026-09-22T03:36:47.665Z",""
"SL-PET-11571","ඩබ්. එම්. අනුර ප්‍රනාන්දු","91*****68V","0779136202","colombo","2026-09-22T03:36:38.735Z",""
"SL-PET-13363","පී. බී. අනෝමා රණසිංහ","88*****73V","0785732073","trincomalee","2026-09-22T03:32:47.604Z","රට ජාතිය ආගම වෙනුවෙන් හඬක් නැගූ හිමියන්ට නිදහස ලැබේවා."
"SL-PET-11101","ඩබ්. එම්. සුනිල් අබේසේකර","19*****223","0714851367","ratnapura","2026-09-22T03:32:24.217Z",""
"SL-PET-13454","පී. බී. චාන්දනී ධර්මප්‍රිය","68*****42V","0709348882","matara","2026-09-22T03:31:40.261Z",""
"SL-PET-12785","පී. බී. සුනිල් ජයවර්ධන","80*****68V","0763475112","galle","2026-09-22T03:30:56.109Z",""
"SL-PET-11841","ආර්. එම්. කුෂාන් මහවිතාන","79*****11V","0778499142","anuradhapura","2026-09-22T03:30:44.574Z","නිරෝගී සුවය හා නිදහස ලැබේවා."
"SL-PET-11929","සමිත රණසිංහ (සමිත)","89*****32V","0785502886","hambantota","2026-09-22T03:29:28.933Z",""
"SL-PET-11476","ශිරාන් රත්නායක (ශිරාන්)","71*****31V","0778783010","ratnapura","2026-09-22T03:28:32.154Z",""
"SL-PET-13257","පූජ්‍ය බදුල්ලේ තිස්ස හිමි","20*****639","0721315650","gampaha","2026-09-22T03:27:27.777Z",""
"SL-PET-11024","ප්‍රේමචන්ද්‍ර තිස්ස","63*****94V","0788670528","matale","2026-09-22T03:26:26.027Z",""
"SL-PET-12695","කේ. ඒ. වසන්ති අතුකෝරල","70*****31V","0786415714","kurunegala","2026-09-22T03:26:00.264Z","නිරෝගී සුවය හා නිදහස ලැබේවා."
"SL-PET-12774","ආර්. එම්. ප්‍රදීප් සුමනසේකර","77*****12V","0722503210","polonnaruwa","2026-09-22T03:25:31.588Z",""
"SL-PET-11589","ඩබ්. එම්. සුපුන් විජේරත්න","88*****31V","0777575955","ampara","2026-09-22T03:25:27.901Z",""
"SL-PET-13762","ජනක බණ්ඩාර (ජනක)","19*****246","0787504910","kandy","2026-09-22T03:24:21.727Z",""
"SL-PET-10898","ඩබ්. එම්. රංජිත් ජයවර්ධන","20*****227","0785505568","polonnaruwa","2026-09-22T03:23:50.699Z",""
"SL-PET-12405","පී. බී. ජගත් ගුණතිලක","69*****29V","0702628159","kegalle","2026-09-22T03:23:33.348Z","සාමකාමී ශ්‍රී ලංකාවක් උදෙසා උන්වහන්සේ නිදහස් කරන්න."
"SL-PET-11784","අනුර කහඳගමගේ (අනුර)","19*****862","0704052727","colombo","2026-09-22T03:21:54.508Z","පෙත්සම සාර්ථක වේවා!"
"SL-PET-11051","ඩබ්. එම්. චම්පා රණවීර","72*****96V","0726576865","anuradhapura","2026-09-22T03:20:54.326Z","සාමකාමී ශ්‍රී ලංකාවක් උදෙසා උන්වහන්සේ නිදහස් කරන්න."
"SL-PET-11392","විජේසූරිය අමිල","91*****72V","0773813683","matara","2026-09-22T03:20:10.167Z",""
"SL-PET-13625","පී. බී. සන්ධ්‍යා ප්‍රනාන්දු","20*****439","0721251099","matara","2026-09-22T03:19:52.830Z",""
"SL-PET-13718","කේ. ඒ. සජිත් සෙනෙවිරත්න","83*****26V","0769902553","gampaha","2026-09-22T03:19:22.990Z","ගරු ජනාධිපතිතුමනි, කරුණාවෙන් සලකා බලන්න."
"SL-PET-13213","ආර්. එම්. ලක්ෂ්මන් සෙනෙවිරත්න","85*****19V","0712609303","anuradhapura","2026-09-22T03:14:38.611Z",""
"SL-PET-10739","පූජ්‍ය කොටුගොඩ ධම්මජෝති හිමි","61*****53V","0758041399","ratnapura","2026-09-22T03:14:35.873Z",""
"SL-PET-11152","එච්. එම්. කුමුදු වික්‍රමරත්න","19*****665","0787181135","colombo","2026-09-22T03:13:23.188Z",""
"SL-PET-13606","හපුආරච්චි මහේෂ්","96*****12V","0778010823","polonnaruwa","2026-09-22T03:11:49.310Z","අපේ පූර්ණ සහයෝගය පෙත්සමට හිමිවේ."
"SL-PET-12559","රංජිත් නවරත්න","97*****83V","0778611100","colombo","2026-09-22T03:11:31.160Z","ප්‍රජාතන්ත්‍රවාදී මහජන හඬට සවන් දෙන්න."
"SL-PET-13789","කේ. ඒ. ප්‍රමෝද් කුමාරසිංහ","66*****86V","0785756669","polonnaruwa","2026-09-22T03:11:17.535Z",""
"SL-PET-11449","අජිත් ලියනගේ","65*****21V","0705100564","gampaha","2026-09-22T03:10:30.994Z",""
"SL-PET-12033","පූජ්‍ය මල්වත්තේ සුමංගල හිමි","64*****41V","0776841536","colombo","2026-09-22T03:10:14.694Z",""
"SL-PET-10530","ධම්මික බණ්ඩාර (ධම්මික)","92*****61V","0726233482","anuradhapura","2026-09-22T03:09:14.623Z","සාමකාමී ශ්‍රී ලංකාවක් උදෙසා උන්වහන්සේ නිදහස් කරන්න."
"SL-PET-10999","එච්. එම්. මාලා මදුශංක","19*****815","0784878822","monaragala","2026-09-22T03:09:14.314Z","බුද්ධ ශාසනයේ ආරක්ෂාව උදෙසා උන්වහන්සේ මුදාහරින්න."
"SL-PET-11550","ආර්. එම්. සුනේත්‍රා සුමනසේකර","96*****18V","0787006070","kandy","2026-09-22T03:08:29.322Z",""
"SL-PET-10684","පී. බී. නයනා ඉලංගකෝන්","19*****846","0753352895","ratnapura","2026-09-22T03:08:26.733Z",""
"SL-PET-10810","තිස්ස රණසිංහ (තිස්ස)","93*****22V","0772484803","kegalle","2026-09-22T03:08:25.645Z",""
"SL-PET-13870","පී. බී. ශ්‍රියානි පෙරේරා","20*****655","0712584553","kegalle","2026-09-22T03:07:32.846Z","ත්‍රිවිධ හමුදා හා පුරවැසි ප්‍රජාවේ පූර්ණ සුභපැතුම්."
"SL-PET-13052","කේ. ඒ. අනුරාධා මද්දුමගේ","93*****82V","0716334310","kegalle","2026-09-22T03:07:29.147Z",""
"SL-PET-10942","පී. බී. දීපිකා මාරසිංහ","97*****58V","0755496704","ratnapura","2026-09-22T03:07:18.099Z","සියලු සත්වයෝ සුවපත් වෙත්වා! ඉක්මන් නිදහස පතමු."
"SL-PET-11913","බුද්ධික අබේසේකර (බුද්ධික)","20*****607","0724725405","gampaha","2026-09-22T03:06:12.201Z",""
"SL-PET-13630","ආර්. එම්. මහේෂ් සෙනෙවිරත්න","96*****86V","0756603089","kurunegala","2026-09-22T03:06:07.304Z",""
"SL-PET-13372","කෙවින් ජයසිංහ","19*****153","0759918356","puttalam","2026-09-22T03:05:34.908Z",""
"SL-PET-13857","ආර්. එම්. දිනූෂ ගුණතිලක","19*****407","0774671500","monaragala","2026-09-22T03:04:49.382Z",""
"SL-PET-13345","එච්. එම්. හර්ෂ ප්‍රනාන්දු","91*****43V","0767550522","gampaha","2026-09-22T03:04:22.773Z",""
"SL-PET-10540","ඩබ්. එම්. සජිත් විජේරත්න","89*****13V","0707876498","colombo","2026-09-22T03:04:03.009Z","අපේ ප්‍රාර්ථනාව කඩිනමින් ඉටුවේවා!"
"SL-PET-12111","පූජ්‍ය මල්වත්තේ ධම්මරක්ඛිත හිමි","19*****435","0706973228","anuradhapura","2026-09-22T03:03:22.170Z","සාමකාමී ශ්‍රී ලංකාවක් උදෙසා උන්වහන්සේ නිදහස් කරන්න."
"SL-PET-12937","ඩබ්. එම්. ලක්ෂ්මන් විජේසිංහ","20*****901","0784745091","kurunegala","2026-09-22T03:03:05.167Z",""
"SL-PET-10735","රණවීර රංජිත්","19*****339","0763572350","galle","2026-09-22T03:02:13.201Z",""
"SL-PET-12714","අතුකෝරල නිහාල්","19*****331","0782418326","nuwaraeliya","2026-09-22T02:58:41.312Z","පෙත්සම සාර්ථක වේවා!"
"SL-PET-11711","කෞශල්‍යා ලියනගේ (කෞශල්‍යා)","20*****614","0774411222","gampaha","2026-09-22T02:56:20.357Z","රට ජාතිය ආගම වෙනුවෙන් හඬක් නැගූ හිමියන්ට නිදහස ලැබේවා."
"SL-PET-13715","ප්‍රමෝද් රාජපක්ෂ","64*****99V","0776723874","trincomalee","2026-09-22T02:56:13.840Z",""
"SL-PET-12998","ඉලංගකෝන් ඉසුරු","91*****86V","0777465493","gampaha","2026-09-22T02:54:15.181Z",""
"SL-PET-13260","එච්. එම්. රංජිත් කුලතුංග","95*****99V","0703502817","kalutara","2026-09-22T02:54:13.672Z",""
"SL-PET-11439","එච්. එම්. සුජාතා සෙනෙවිරත්න","82*****39V","0758026811","puttalam","2026-09-22T02:53:12.454Z",""
"SL-PET-10645","ඩබ්. එම්. සදුනි දසනායක","20*****490","0787577332","kegalle","2026-09-22T02:53:05.701Z","ප්‍රජාතන්ත්‍රවාදී මහජන හඬට සවන් දෙන්න."
"SL-PET-11437","පී. බී. සුනේත්‍රා වසන්ත","86*****73V","0713685007","kandy","2026-09-22T02:51:54.313Z","සියලු සත්වයෝ සුවපත් වෙත්වා! ඉක්මන් නිදහස පතමු."
"SL-PET-10833","පී. බී. දිනේෂ් මද්දුමගේ","62*****78V","0784803351","kegalle","2026-09-22T02:50:22.944Z",""
"SL-PET-12215","එච්. එම්. දුමින්ද පතිරණ","70*****89V","0721505774","kandy","2026-09-22T02:50:12.736Z","බුද්ධ ශාසනයේ ආරක්ෂාව උදෙසා උන්වහන්සේ මුදාහරින්න."
"SL-PET-10518","කේ. ඒ. ගයාන් මඩවලගේ","19*****472","0774900864","polonnaruwa","2026-09-22T02:49:40.568Z","සාධාරණත්වය ඉටු කරන්න."
"SL-PET-13804","අනෝජ් ලියනගේ (අනෝජ්)","85*****65V","0725083961","gampaha","2026-09-22T02:49:07.211Z",""
"SL-PET-12115","ඩබ්. එම්. කෙවින් කරුණාරත්න","19*****299","0777874675","badulla","2026-09-22T02:48:19.174Z",""
"SL-PET-13782","සේනාරත්න ප්‍රේමරත්න","65*****73V","0787610988","kurunegala","2026-09-22T02:47:45.006Z",""
"SL-PET-13114","පූජ්‍ය නාරද ඥානාලෝක හිමි","81*****15V","0711945104","gampaha","2026-09-22T02:47:23.377Z",""
"SL-PET-10807","මල්කාන්ති ධර්මප්‍රිය (මල්කාන්ති)","77*****60V","0703832857","anuradhapura","2026-09-22T02:45:54.373Z","ඥානසාර හිමියන්ට කඩිනම් ජනාධිපති සමාව ලබා දෙන්න."
"SL-PET-10804","ආර්. එම්. අනුර බණ්ඩාර","19*****907","0766459078","gampaha","2026-09-22T02:45:19.014Z",""
"SL-PET-12373","කේ. ඒ. ධම්මික කරුණාරත්න","19*****620","0754492325","monaragala","2026-09-22T02:43:55.455Z",""
"SL-PET-12557","පී. බී. පියුමි දැදිගම","19*****391","0751002131","kandy","2026-09-22T02:43:52.788Z",""
"SL-PET-11481","පූජ්‍ය මල්වත්තේ රේවත හිමි","72*****42V","0753899760","kegalle","2026-09-22T02:43:20.494Z",""
"SL-PET-11074","ආර්. එම්. සමිත පතිරණ","19*****922","0778538776","hambantota","2026-09-22T02:43:06.674Z","අපගේ ආශිර්වාදය හා සහයෝගය උන්වහන්සේ සමගයි."
"SL-PET-12645","පී. බී. සිතුම් සමරසේකර","19*****273","0719873040","gampaha","2026-09-22T02:41:55.690Z","සමාව ලබා දී උන්වහන්සේ මුදාහරින්න."
"SL-PET-12299","එච්. එම්. ජනක විතානගේ","87*****82V","0714891734","kalutara","2026-09-22T02:40:33.639Z",""
"SL-PET-13304","දිනේෂ් ධර්මප්‍රිය","20*****909","0769611548","hambantota","2026-09-22T02:40:25.817Z",""
"SL-PET-12423","එච්. එම්. අනෝජ් මහවිතාන","82*****96V","0751051746","galle","2026-09-22T02:40:13.345Z",""
"SL-PET-13547","ආර්. එම්. ජනක විජේතුංග","19*****940","0705281207","kurunegala","2026-09-22T02:40:09.399Z",""
"SL-PET-12915","කේ. ඒ. නිලන්ති තිලකරත්න","95*****26V","0701414586","gampaha","2026-09-22T02:39:15.758Z","සාමකාමී ශ්‍රී ලංකාවක් උදෙසා උන්වහන්සේ නිදහස් කරන්න."
"SL-PET-12654","එච්. එම්. මාලා විජේතුංග","84*****13V","0772810542","galle","2026-09-22T02:35:35.348Z",""
"SL-PET-11692","පී. බී. රොමේෂ් මද්දුමගේ","97*****19V","0763227996","ratnapura","2026-09-22T02:34:25.126Z","සාමකාමී ශ්‍රී ලංකාවක් උදෙසා උන්වහන්සේ නිදහස් කරන්න."
"SL-PET-11014","පී. බී. අමිල දසනායක","19*****642","0787956865","badulla","2026-09-22T02:31:17.337Z",""
"SL-PET-12577","පී. බී. තිලක් රත්නායක","87*****31V","0702309974","gampaha","2026-09-22T02:31:13.413Z",""
"SL-PET-11331","කුලතුංග මනෝජා","67*****94V","0722811761","matale","2026-09-22T02:29:17.248Z",""
"SL-PET-11964","චන්දන හපුආරච්චි","85*****22V","0725911907","kurunegala","2026-09-22T02:29:01.576Z",""
"SL-PET-12929","ආර්. එම්. මනෝජ් ප්‍රනාන්දු","70*****53V","0715493408","galle","2026-09-22T02:25:59.102Z",""
"SL-PET-13160","මදුශංක සජිත්","19*****577","0782296972","badulla","2026-09-22T02:25:45.692Z",""
"SL-PET-11782","විජේසූරිය කෞශල්‍යා","19*****786","0706517361","gampaha","2026-09-22T02:22:55.951Z",""
"SL-PET-11236","පූජ්‍ය රත්නපුරේ සුමංගල හිමි","68*****30V","0783935517","polonnaruwa","2026-09-22T02:22:43.054Z",""
"SL-PET-13580","එච්. එම්. හේමන්ත සමරසේකර","94*****54V","0775767068","anuradhapura","2026-09-22T02:22:41.672Z",""
"SL-PET-13167","කේ. ඒ. හර්ෂ ලියනගේ","93*****23V","0751821957","gampaha","2026-09-22T02:22:27.289Z",""
"SL-PET-11067","එච්. එම්. ජනක අබේසේකර","19*****840","0753671042","ratnapura","2026-09-22T02:22:13.204Z",""
"SL-PET-12415","ආර්. එම්. මාලක සුමනසේකර","19*****558","0706516185","nuwaraeliya","2026-09-22T02:21:28.432Z",""
"SL-PET-13745","ආර්. එම්. චන්දන මදුශංක","91*****66V","0761218072","matara","2026-09-22T02:21:18.000Z",""
"SL-PET-13575","කේ. ඒ. සංජීව ධර්මප්‍රිය","78*****75V","0707917127","hambantota","2026-09-22T02:21:09.731Z",""
"SL-PET-10581","මහවිතාන චමින්ද","79*****34V","0762452914","kalutara","2026-09-22T02:20:53.275Z",""
"SL-PET-11042","ඩබ්. එම්. කුමුදුනී විජේතුංග","19*****294","0727560954","kurunegala","2026-09-22T02:20:29.493Z","ගරු ජනාධිපතිතුමනි, කරුණාවෙන් සලකා බලන්න."
"SL-PET-13678","නලින් මෙන්ඩිස්","72*****52V","0708445248","kandy","2026-09-22T02:20:06.340Z",""
"SL-PET-11685","ඩබ්. එම්. හේමන්ත ආටිගල","64*****32V","0751044062","galle","2026-09-22T02:19:20.278Z",""
"SL-PET-12276","සුනෙත්‍රා වසන්ත","19*****663","0786866284","colombo","2026-09-22T02:18:24.746Z","බුද්ධ ශාසනයේ ආරක්ෂාව උදෙසා උන්වහන්සේ මුදාහරින්න."
"SL-PET-13444","සරත් මෙන්ඩිස් (සරත්)","19*****456","0717045674","gampaha","2026-09-22T02:18:20.741Z","ප්‍රජාතන්ත්‍රවාදී මහජන හඬට සවන් දෙන්න."
"SL-PET-13047","කුසුම් විජේසිංහ","83*****83V","0768409537","polonnaruwa","2026-09-22T02:17:52.976Z","බුද්ධ ශාසනයේ ආරක්ෂාව උදෙසා උන්වහන්සේ මුදාහරින්න."
"SL-PET-11316","කේ. ඒ. මල්කාන්ති බණ්ඩාර","78*****39V","0706827339","anuradhapura","2026-09-22T02:17:39.083Z",""
"SL-PET-12083","පී. බී. අනුරාධා සේනාරත්න","19*****538","0778693571","polonnaruwa","2026-09-22T02:16:02.198Z","ත්‍රිවිධ හමුදා හා පුරවැසි ප්‍රජාවේ පූර්ණ සුභපැතුම්."
"SL-PET-12003","ආර්. එම්. සදුනි සේනාරත්න","19*****288","0783787582","anuradhapura","2026-09-22T02:15:17.760Z","උතුම් දළදා සමිඳු පිහිටෙන් නිදහස ලැබේවා."
"SL-PET-11882","තරිඳු නවරත්න (තරිඳු)","69*****24V","0786352301","kurunegala","2026-09-22T02:15:08.749Z","සමාව ලබා දී උන්වහන්සේ මුදාහරින්න."
"SL-PET-10506","එච්. එම්. මාලා දිසානායක","83*****15V","0721789336","puttalam","2026-09-22T02:13:19.577Z",""
"SL-PET-12625","රුක්මන් සමරසේකර","96*****85V","0705014990","colombo","2026-09-22T02:13:07.887Z","අපේ පූර්ණ සහයෝගය පෙත්සමට හිමිවේ."
"SL-PET-13822","දිසානායක තක්ෂිලා","61*****12V","0754290564","matale","2026-09-22T02:11:28.786Z",""
"SL-PET-11751","ගයත්‍රි සේනාරත්න (ගයත්‍රි)","19*****633","0711091393","ampara","2026-09-22T02:10:23.888Z",""
"SL-PET-12494","එච්. එම්. කෙවින් වික්‍රමරත්න","19*****385","0763067833","kalutara","2026-09-22T02:10:11.483Z","අපේ ප්‍රාර්ථනාව කඩිනමින් ඉටුවේවා!"
"SL-PET-12569","සමරසේකර හේමන්ත","19*****569","0787211600","colombo","2026-09-22T02:09:26.728Z",""
"SL-PET-12008","කේ. ඒ. අමිල ආටිගල","19*****614","0726343641","puttalam","2026-09-22T02:09:09.576Z",""
"SL-PET-12574","ඉසුරු අබේසේකර (ඉසුරු)","92*****14V","0759595703","kandy","2026-09-22T02:06:13.868Z",""
"SL-PET-11555","පූජ්‍ය අස්ගිරියේ ඥානාරාම හිමි","97*****56V","0711089899","puttalam","2026-09-22T02:05:41.750Z","ඥානසාර හිමියන්ට කඩිනම් ජනාධිපති සමාව ලබා දෙන්න."
"SL-PET-12911","පූජ්‍ය බදුල්ලේ සීලරතන හිමි","89*****59V","0727925677","hambantota","2026-09-22T02:04:44.864Z","සමාව ලබා දී උන්වහන්සේ මුදාහරින්න."
"SL-PET-12001","එච්. එම්. දුමින්ද සුමනසේකර","83*****59V","0765256221","kurunegala","2026-09-22T02:03:25.246Z","අපගේ ආශිර්වාදය හා සහයෝගය උන්වහන්සේ සමගයි."
"SL-PET-10928","විතානගේ පියුමි","84*****15V","0786410208","ratnapura","2026-09-22T02:02:46.284Z",""
"SL-PET-13586","මනෝජ් දේවප්‍රිය","19*****999","0773040303","anuradhapura","2026-09-22T02:02:11.184Z",""
"SL-PET-11100","රුක්මන් වික්‍රමරත්න (රුක්මන්)","19*****220","0788334849","hambantota","2026-09-22T02:01:33.461Z",""
"SL-PET-11557","ශිරාන් දැදිගම","90*****44V","0717827696","trincomalee","2026-09-22T02:01:16.098Z",""
"SL-PET-12826","පී. බී. දුමින්ද ඉලංගකෝන්","19*****216","0715308754","colombo","2026-09-22T02:01:01.189Z",""
"SL-PET-13201","දැදිගම නයනා","85*****95V","0701355399","gampaha","2026-09-22T02:00:59.004Z",""
"SL-PET-11726","කේ. ඒ. රුක්මන් මෙන්ඩිස්","87*****27V","0728673247","kandy","2026-09-22T02:00:57.065Z","අධිකරණ තීන්දුවලට ගරු කරමින්ම ජනාධිපති සමාව අයදිමු."
"SL-PET-12626","එච්. එම්. රොමේෂ් වසන්ත","19*****321","0775672418","colombo","2026-09-22T02:00:48.615Z","සාමකාමී ශ්‍රී ලංකාවක් උදෙසා උන්වහන්සේ නිදහස් කරන්න."
"SL-PET-13751","ඩබ්. එම්. තිළිණ මාරසිංහ","71*****17V","0789703011","nuwaraeliya","2026-09-22T02:00:46.616Z",""
"SL-PET-11770","එච්. එම්. වසන්ත ප්‍රේමචන්ද්‍ර","83*****31V","0777162591","galle","2026-09-22T01:59:48.130Z","ඥානසාර හිමියන්ට කඩිනම් ජනාධිපති සමාව ලබා දෙන්න."
"SL-PET-13647","දිනූෂ රණවීර","19*****483","0771170798","polonnaruwa","2026-09-22T01:58:35.934Z",""
"SL-PET-12895","කේ. ඒ. අනුරාධා මෙන්ඩිස්","19*****596","0767214262","galle","2026-09-22T01:57:22.314Z","නිරෝගී සුවය හා නිදහස ලැබේවා."
"SL-PET-11433","පී. බී. මාලා මදුශංක","99*****76V","0723885863","colombo","2026-09-22T01:56:35.385Z",""
"SL-PET-12412","දිනූෂ ලියනගේ (දිනූෂ)","91*****84V","0777278970","kandy","2026-09-22T01:56:27.664Z",""
"SL-PET-13317","විජේරත්න චන්දන","19*****174","0773777243","kalutara","2026-09-22T01:56:07.272Z",""
"SL-PET-11712","ආර්. එම්. අසංක රාජපක්ෂ","96*****68V","0762295255","gampaha","2026-09-22T01:55:15.899Z",""
"SL-PET-13003","කේ. ඒ. ශිරාන් මහවිතාන","62*****20V","0706908197","gampaha","2026-09-22T01:55:00.507Z","සාධාරණත්වය ඉටු කරන්න."
"SL-PET-13904","කේ. ඒ. දර්ශන ජයවර්ධන","87*****99V","0767811552","colombo","2026-09-22T01:50:20.168Z","අපේ පූර්ණ සහයෝගය පෙත්සමට හිමිවේ."
"SL-PET-13685","කේ. ඒ. සංජීව දේවප්‍රිය","84*****64V","0712966768","matara","2026-09-22T01:47:48.333Z","අපගේ ආශිර්වාදය හා සහයෝගය උන්වහන්සේ සමගයි."
"SL-PET-11706","ආටිගල සුජාතා","90*****35V","0714882762","galle","2026-09-22T01:46:44.357Z",""
"SL-PET-12948","ඩබ්. එම්. මධුෂිකා වසන්ත","90*****58V","0724365250","anuradhapura","2026-09-22T01:41:27.745Z",""
"SL-PET-11773","තිස්ස අබේසේකර (තිස්ස)","94*****75V","0754575280","matale","2026-09-22T01:41:11.034Z","රට ජාතිය ආගම වෙනුවෙන් හඬක් නැගූ හිමියන්ට නිදහස ලැබේවා."
"SL-PET-13195","පූජ්‍ය රත්නපුරේ ධම්මදින්න හිමි","20*****358","0723358015","ratnapura","2026-09-22T01:40:33.527Z","අපේ ප්‍රාර්ථනාව කඩිනමින් ඉටුවේවා!"
"SL-PET-10881","පී. බී. හිරුණි ලියනගේ","77*****98V","0722283363","colombo","2026-09-22T01:40:08.776Z",""
"SL-PET-12138","එච්. එම්. ලක්ෂිකා ගුණසේකර","75*****29V","0786991027","ratnapura","2026-09-22T01:39:46.166Z","අපේ පූර්ණ සහයෝගය පෙත්සමට හිමිවේ."
"SL-PET-11149","ධර්මප්‍රිය චතුරිකා","19*****681","0777841841","ratnapura","2026-09-22T01:38:13.150Z","ත්‍රිවිධ හමුදා හා පුරවැසි ප්‍රජාවේ පූර්ණ සුභපැතුම්."
"SL-PET-13838","එච්. එම්. චම්පා සෙනෙවිරත්න","19*****722","0759107527","polonnaruwa","2026-09-22T01:35:26.396Z",""
"SL-PET-13825","ප්‍රදීප් රත්නායක (ප්‍රදීප්)","64*****96V","0725480074","colombo","2026-09-22T01:31:54.654Z",""
"SL-PET-10522","පූජ්‍ය මාදුළුවාවේ සෝභිත හිමි","75*****80V","0773329536","overseas","2026-09-22T01:30:50.128Z",""
"SL-PET-12920","පී. බී. ජනක ප්‍රේමචන්ද්‍ර","19*****774","0724452480","polonnaruwa","2026-09-22T01:29:21.867Z",""
"SL-PET-13508","සුනිල් රණවීර (සුනිල්)","72*****96V","0703416975","kandy","2026-09-22T01:29:11.868Z",""
"SL-PET-13859","එච්. එම්. තරිඳු ලියනගේ","19*****448","0713214186","anuradhapura","2026-09-22T01:27:48.053Z","සියලු සත්වයෝ සුවපත් වෙත්වා! ඉක්මන් නිදහස පතමු."
"SL-PET-11673","කේ. ඒ. නුවන් වසන්ත","20*****244","0711003876","gampaha","2026-09-22T01:26:24.057Z",""
"SL-PET-12060","ඉලංගකෝන් රවින්ද්‍ර","74*****85V","0787657321","ampara","2026-09-22T01:25:01.733Z","රට ජාතිය ආගම වෙනුවෙන් හඬක් නැගූ හිමියන්ට නිදහස ලැබේවා."
"SL-PET-12317","පූජ්‍ය කුරුණෑගල විපස්සී හිමි","20*****430","0755461987","anuradhapura","2026-09-22T01:24:08.069Z",""
"SL-PET-13155","හේමන්ත මෙන්ඩිස්","98*****91V","0765841664","gampaha","2026-09-22T01:23:51.630Z","රට ජාතිය ආගම වෙනුවෙන් හඬක් නැගූ හිමියන්ට නිදහස ලැබේවා."
"SL-PET-12257","අනුරාධා විජේසූරිය (අනුරාධා)","86*****70V","0728565634","kurunegala","2026-09-22T01:23:33.585Z",""
"SL-PET-11210","පී. බී. සංජීව කරුණාරත්න","68*****51V","0783271067","colombo","2026-09-22T01:22:14.921Z",""
"SL-PET-13866","ඩබ්. එම්. ශිරාන් රණසිංහ","99*****29V","0756829949","monaragala","2026-09-22T01:22:13.700Z",""
"SL-PET-12866","දිසානායක තිසර","68*****97V","0778741776","ratnapura","2026-09-22T01:21:58.661Z","නිරෝගී සුවය හා නිදහස ලැබේවා."
"SL-PET-11723","ආර්. එම්. ලක්ෂ්මන් වසන්ත","67*****62V","0768576581","overseas","2026-09-22T01:21:31.862Z",""
"SL-PET-10548","පී. බී. ඉන්දිරා ධර්මප්‍රිය","79*****62V","0769686024","puttalam","2026-09-22T01:19:39.626Z",""
"SL-PET-12271","ඩබ්. එම්. හේමන්ත රණසිංහ","19*****201","0708755185","kurunegala","2026-09-22T01:18:42.362Z",""
"SL-PET-10749","කේ. ඒ. සනත් ගුණසේකර","67*****37V","0779527036","monaragala","2026-09-22T01:17:24.686Z",""
"SL-PET-11669","එච්. එම්. කුමුදු රත්නායක","19*****693","0766864541","kurunegala","2026-09-22T01:17:06.845Z","පෙත්සම සාර්ථක වේවා!"
"SL-PET-10800","රේණුකා අතුකෝරල (රේණුකා)","95*****54V","0784254226","colombo","2026-09-22T01:16:57.125Z",""
"SL-PET-12938","පූජ්‍ය බදුල්ලේ මේධානන්ද හිමි","77*****37V","0705514043","nuwaraeliya","2026-09-22T01:15:27.968Z",""
"SL-PET-12761","ආර්. එම්. චන්දන ලියනගේ","69*****82V","0768795337","anuradhapura","2026-09-22T01:14:43.296Z",""
"SL-PET-13516","ඩබ්. එම්. ජනක රණවීර","64*****59V","0716857131","overseas","2026-09-22T01:14:14.747Z",""
"SL-PET-13579","පූජ්‍ය රත්නපුරේ සුමන හිමි","19*****857","0708502520","matale","2026-09-22T01:14:00.937Z","රට ජාතිය ආගම වෙනුවෙන් හඬක් නැගූ හිමියන්ට නිදහස ලැබේවා."
"SL-PET-13657","එච්. එම්. උපුල් වික්‍රමරත්න","88*****90V","0777011725","colombo","2026-09-22T01:12:33.276Z",""
"SL-PET-11281","ඩබ්. එම්. මහින්ද සෝමරත්න","97*****15V","0712764852","ratnapura","2026-09-22T01:12:14.583Z",""
"SL-PET-11621","රණසිංහ සුපුන්","79*****74V","0703386242","matale","2026-09-22T01:11:04.469Z",""
"SL-PET-11497","බෙල්ලන්විල ආනන්ද හිමි","20*****134","0789306910","puttalam","2026-09-22T01:08:56.156Z","සියලු සත්වයෝ සුවපත් වෙත්වා! ඉක්මන් නිදහස පතමු."
"SL-PET-12273","ආර්. එම්. ප්‍රේමරත්න දසනායක","76*****20V","0769439879","overseas","2026-09-22T01:06:37.217Z","රට ජාතිය ආගම වෙනුවෙන් හඬක් නැගූ හිමියන්ට නිදහස ලැබේවා."
"SL-PET-13181","පූජ්‍ය අනුරාධපුර ඥානාරාම හිමි","20*****610","0714946691","monaragala","2026-09-22T01:05:17.408Z","ත්‍රිවිධ හමුදා හා පුරවැසි ප්‍රජාවේ පූර්ණ සුභපැතුම්."
"SL-PET-12390","කේ. ඒ. මල්කාන්ති දැදිගම","87*****84V","0755058441","gampaha","2026-09-22T01:04:19.112Z",""
"SL-PET-13658","කේ. ඒ. ඉන්දිරා රණසිංහ","19*****578","0779958049","colombo","2026-09-22T01:03:38.713Z",""
"SL-PET-10941","පූජ්‍ය කොටුගොඩ ධම්මරතන හිමි","19*****582","0712872811","galle","2026-09-22T01:03:05.324Z",""
"SL-PET-13178","එච්. එම්. ජනක හපුආරච්චි","64*****38V","0765053690","kalutara","2026-09-22T01:02:23.577Z","සමාව ලබා දී උන්වහන්සේ මුදාහරින්න."
"SL-PET-13909","තිසර විජේසූරිය","19*****127","0788573100","galle","2026-09-22T01:01:27.310Z",""
"SL-PET-12388","වික්‍රමරත්න අනුර","20*****896","0702547137","badulla","2026-09-22T01:01:15.616Z",""
"SL-PET-10982","ඩබ්. එම්. දිනුෂිකා රණවීර","94*****58V","0788837853","kalutara","2026-09-22T01:01:15.004Z",""
"SL-PET-11212","පූජ්‍ය නාරද පඤ්ඤානන්ද හිමි","84*****90V","0708252392","overseas","2026-09-22T00:58:31.989Z",""
"SL-PET-11627","කේ. ඒ. කසුන් ජයසිංහ","19*****919","0774889338","monaragala","2026-09-22T00:57:39.938Z",""
"SL-PET-11795","ආර්. එම්. රුචිරා ප්‍රනාන්දු","19*****774","0762745844","kandy","2026-09-22T00:56:17.724Z","සාධාරණත්වය ඉටු කරන්න."
"SL-PET-11563","අනුර විජේරත්න (අනුර)","19*****529","0777475238","kandy","2026-09-22T00:52:49.181Z",""
"SL-PET-13059","පූජ්‍ය නාරද ආනන්ද හිමි","94*****39V","0767277789","galle","2026-09-22T00:52:26.513Z","බුද්ධ ශාසනයේ ආරක්ෂාව උදෙසා උන්වහන්සේ මුදාහරින්න."
"SL-PET-11847","පියුමි කහඳගමගේ (පියුමි)","20*****797","0701619194","kandy","2026-09-22T00:51:19.965Z",""
"SL-PET-11992","එච්. එම්. කසුන් සේනාරත්න","19*****255","0725733206","hambantota","2026-09-22T00:49:31.988Z","නිරෝගී සුවය හා නිදහස ලැබේවා."
"SL-PET-12591","කේ. ඒ. කෙවින් හපුආරච්චි","65*****84V","0786643485","anuradhapura","2026-09-22T00:49:28.828Z",""
"SL-PET-11876","එච්. එම්. ලලිත් නවරත්න","60*****63V","0702880984","anuradhapura","2026-09-22T00:48:12.940Z",""
"SL-PET-13200","පී. බී. සමිත ගුණතිලක","64*****72V","0789390219","matale","2026-09-22T00:46:58.866Z","ඥානසාර හිමියන්ට කඩිනම් ජනාධිපති සමාව ලබා දෙන්න."
"SL-PET-11925","තරිඳු පතිරණ","19*****984","0709977435","matara","2026-09-22T00:46:09.906Z",""
"SL-PET-13905","ඩබ්. එම්. වසන්ති කරුණාරත්න","19*****490","0714505914","polonnaruwa","2026-09-22T00:44:27.535Z","ඥානසාර හිමියන්ට කඩිනම් ජනාධිපති සමාව ලබා දෙන්න."
"SL-PET-12949","ආර්. එම්. සමිත රණවීර","65*****76V","0773296177","matale","2026-09-22T00:44:09.038Z","අපගේ ආශිර්වාදය හා සහයෝගය උන්වහන්සේ සමගයි."
"SL-PET-13297","එච්. එම්. උදාරි කුමාරසිංහ","64*****36V","0718884552","monaragala","2026-09-22T00:42:38.261Z","අපේ ප්‍රාර්ථනාව කඩිනමින් ඉටුවේවා!"
"SL-PET-12657","කුමුදුනී සුමනසේකර (කුමුදුනී)","75*****99V","0718630002","matara","2026-09-22T00:42:17.715Z",""
"SL-PET-10886","අනෝජ් සමරසේකර (අනෝජ්)","70*****28V","0709055143","polonnaruwa","2026-09-22T00:39:06.844Z",""
"SL-PET-11626","එච්. එම්. කුමුදු හපුආරච්චි","19*****876","0781648369","colombo","2026-09-22T00:38:44.310Z","ඥානසාර හිමියන්ට කඩිනම් ජනාධිපති සමාව ලබා දෙන්න."
"SL-PET-12043","චතුරංග රාජපක්ෂ (චතුරංග)","71*****62V","0761973793","puttalam","2026-09-22T00:38:17.898Z",""
"SL-PET-12223","එච්. එම්. සුනේත්‍රා විජේසූරිය","19*****194","0712469937","colombo","2026-09-22T00:37:25.879Z",""
"SL-PET-12549","ඩබ්. එම්. නුවන් විජේමාන්න","95*****57V","0716053645","ratnapura","2026-09-22T00:36:48.069Z",""
"SL-PET-13245","කේ. ඒ. තරිඳු ලියනගේ","60*****61V","0708551431","gampaha","2026-09-22T00:35:29.953Z",""
"SL-PET-11036","ආර්. එම්. රංජිත් තිලකරත්න","20*****816","0773426222","kandy","2026-09-22T00:33:28.687Z",""
"SL-PET-12450","පූජ්‍ය අනුරාධපුර මේධානන්ද හිමි","73*****56V","0728584429","gampaha","2026-09-22T00:32:39.809Z",""
"SL-PET-13378","එච්. එම්. මනෝරි කරුණාරත්න","83*****25V","0766547059","gampaha","2026-09-22T00:32:33.565Z",""
"SL-PET-11470","එච්. එම්. ප්‍රේමරත්න මාරසිංහ","19*****486","0723406587","anuradhapura","2026-09-22T00:32:30.941Z",""
"SL-PET-13747","ඩබ්. එම්. සමිත ප්‍රේමචන්ද්‍ර","19*****825","0781384903","nuwaraeliya","2026-09-22T00:31:32.258Z",""
"SL-PET-13510","කේ. ඒ. ලක්ෂිකා බණ්ඩාර","62*****91V","0776414340","kandy","2026-09-22T00:30:23.424Z",""
"SL-PET-12878","පී. බී. දිනූෂ කළුවිතාරණ","76*****16V","0711431564","ratnapura","2026-09-22T00:30:08.989Z",""
"SL-PET-13063","පූජ්‍ය බදුල්ලේ සුමංගල හිමි","78*****65V","0758254777","badulla","2026-09-22T00:29:18.225Z",""
"SL-PET-13650","පූජ්‍ය අස්ගිරියේ සුමන හිමි","19*****959","0755841186","ampara","2026-09-22T00:27:50.661Z","අධිකරණ තීන්දුවලට ගරු කරමින්ම ජනාධිපති සමාව අයදිමු."
"SL-PET-12152","ඩබ්. එම්. මධුෂිකා මෙන්ඩිස්","19*****244","0719974521","kegalle","2026-09-22T00:27:39.476Z",""
"SL-PET-12858","කේ. ඒ. කුමාර ගුණතිලක","73*****76V","0771410360","anuradhapura","2026-09-22T00:26:09.009Z","සාධාරණත්වය ඉටු කරන්න."
"SL-PET-12532","ගයාන් කුලතුංග (ගයාන්)","19*****912","0769413270","anuradhapura","2026-09-22T00:25:45.394Z",""
"SL-PET-12434","ආර්. එම්. උදාරි පතිරණ","19*****218","0782917673","polonnaruwa","2026-09-22T00:25:12.668Z",""
"SL-PET-13253","තිස්ස ධර්මප්‍රිය","19*****108","0787563300","kurunegala","2026-09-22T00:23:41.107Z",""
"SL-PET-11853","නිරංජලා ජයවර්ධන (නිරංජලා)","61*****19V","0722991656","ratnapura","2026-09-22T00:23:31.281Z","ගරු ජනාධිපතිතුමනි, කරුණාවෙන් සලකා බලන්න."
"SL-PET-12411","අතුරලියේ ධම්මරක්ඛිත හිමි","19*****869","0758463774","gampaha","2026-09-22T00:23:23.660Z",""
"SL-PET-11818","මදුශංක මාලක","79*****21V","0772431124","polonnaruwa","2026-09-22T00:22:33.446Z",""
"SL-PET-11037","එච්. එම්. ධම්මික සෝමරත්න","90*****89V","0709772960","hambantota","2026-09-22T00:22:04.334Z","සාධාරණත්වය ඉටු කරන්න."
"SL-PET-10785","කේ. ඒ. නිරංජලා ලියනගේ","64*****69V","0779592541","kurunegala","2026-09-22T00:21:31.927Z",""
"SL-PET-13197","ඩබ්. එම්. මනෝජා සිල්වා","91*****85V","0754213618","ampara","2026-09-22T00:18:45.053Z","උතුම් දළදා සමිඳු පිහිටෙන් නිදහස ලැබේවා."
"SL-PET-12202","තරිඳු රණසිංහ (තරිඳු)","75*****25V","0765954899","kalutara","2026-09-22T00:18:33.548Z","උතුම් දළදා සමිඳු පිහිටෙන් නිදහස ලැබේවා."
"SL-PET-13270","පූජ්‍ය අස්ගිරියේ සීලරතන හිමි","68*****23V","0718379944","kurunegala","2026-09-22T00:17:06.285Z",""
"SL-PET-10536","එච්. එම්. උපුල් සුමනසේකර","90*****14V","0787647375","trincomalee","2026-09-22T00:15:12.593Z",""
"SL-PET-11395","සුජාතා ගුණසේකර (සුජාතා)","87*****77V","0785147504","puttalam","2026-09-22T00:14:36.760Z",""
"SL-PET-10561","සුනිල් නවරත්න","19*****346","0786976530","hambantota","2026-09-22T00:14:35.316Z",""
"SL-PET-12490","ජගත් විජේමාන්න","90*****71V","0757171258","monaragala","2026-09-22T00:14:32.553Z","අපේ පූර්ණ සහයෝගය පෙත්සමට හිමිවේ."
"SL-PET-13567","ඩබ්. එම්. මධුෂිකා විජේමාන්න","86*****56V","0758240790","colombo","2026-09-22T00:14:18.723Z",""
"SL-PET-11843","චතුර විජේසූරිය","63*****47V","0727174140","ratnapura","2026-09-22T00:11:39.782Z",""
"SL-PET-12930","එච්. එම්. අමිල මෙන්ඩිස්","96*****88V","0764745086","anuradhapura","2026-09-22T00:10:39.198Z",""
"SL-PET-13550","ඩබ්. එම්. රොෂාන් මාරසිංහ","67*****49V","0775911563","puttalam","2026-09-22T00:09:15.686Z",""
"SL-PET-13732","ඩබ්. එම්. වසන්ති පෙරේරා","96*****54V","0775074199","kandy","2026-09-22T00:08:18.916Z","ලක්ෂ 50 ක ජනතා හඬට ඇහුම්කන් දෙන්න."
"SL-PET-10678","කේ. ඒ. රුක්මන් පෙරේරා","20*****363","0764456752","trincomalee","2026-09-22T00:08:05.321Z",""
"SL-PET-10607","පී. බී. උදාරි අබේසේකර","19*****797","0758313221","anuradhapura","2026-09-22T00:05:44.655Z","උතුම් දළදා සමිඳු පිහිටෙන් නිදහස ලැබේවා."
"SL-PET-11145","රේණුකා රාජපක්ෂ","98*****96V","0765416803","anuradhapura","2026-09-22T00:05:00.938Z",""
"SL-PET-12776","චන්දන විජේසූරිය","65*****49V","0784731581","puttalam","2026-09-22T00:04:49.582Z",""
"SL-PET-12021","ගුණතිලක අනුර","19*****958","0703074386","anuradhapura","2026-09-22T00:04:06.919Z",""
"SL-PET-10606","අනෝජ් ඉලංගකෝන්","19*****942","0727276300","colombo","2026-09-22T00:04:04.929Z",""
"SL-PET-12322","කේ. ඒ. ශිරාන් ජයවර්ධන","19*****759","0716503707","trincomalee","2026-09-22T00:03:20.429Z","නිරෝගී සුවය හා නිදහස ලැබේවා."
"SL-PET-10576","පී. බී. මනෝජා කළුවිතාරණ","77*****12V","0755334695","anuradhapura","2026-09-22T00:03:07.805Z",""
"SL-PET-13074","පී. බී. හර්ෂ දේවප්‍රිය","81*****97V","0766804056","ratnapura","2026-09-22T00:02:29.718Z","රට ජාතිය ආගම වෙනුවෙන් හඬක් නැගූ හිමියන්ට නිදහස ලැබේවා."
"SL-PET-13335","නුවන් ප්‍රනාන්දු","19*****549","0706878432","anuradhapura","2026-09-22T00:00:40.375Z",""
"SL-PET-13562","කේ. ඒ. සචින් දිසානායක","19*****767","0724609832","overseas","2026-09-21T23:57:56.454Z","සාමකාමී ශ්‍රී ලංකාවක් උදෙසා උන්වහන්සේ නිදහස් කරන්න."
"SL-PET-12697","ජගත් රණවීර","78*****94V","0719137220","badulla","2026-09-21T23:57:08.528Z",""
"SL-PET-11679","පී. බී. උදාරි සුමනපාල","95*****23V","0781600480","galle","2026-09-21T23:57:08.106Z",""
"SL-PET-13391","පී. බී. ප්‍රේමරත්න හේරත්","20*****716","0767373782","kalutara","2026-09-21T23:56:41.020Z","පෙත්සම සාර්ථක වේවා!"
"SL-PET-11382","පී. බී. දීපිකා මඩවලගේ","80*****67V","0706034485","gampaha","2026-09-21T23:55:20.683Z",""
"SL-PET-12488","ඩබ්. එම්. මනෝරි සමරසේකර","73*****15V","0714776399","matara","2026-09-21T23:54:57.758Z",""
"SL-PET-13694","පී. බී. අනුර විජේමාන්න","19*****573","0777183637","colombo","2026-09-21T23:54:32.699Z","සාමකාමී ශ්‍රී ලංකාවක් උදෙසා උන්වහන්සේ නිදහස් කරන්න."
"SL-PET-13431","මනෝජා දිසානායක (මනෝජා)","63*****47V","0716769324","colombo","2026-09-21T23:53:34.626Z",""
"SL-PET-11154","කේ. ඒ. ලක්ෂ්මන් ප්‍රේමචන්ද්‍ර","76*****84V","0759207691","trincomalee","2026-09-21T23:53:19.041Z","අපගේ ආශිර්වාදය හා සහයෝගය උන්වහන්සේ සමගයි."
"SL-PET-12420","ඉසුරු රත්නායක (ඉසුරු)","91*****27V","0758511237","gampaha","2026-09-21T23:51:35.467Z",""
"SL-PET-11401","පූජ්‍ය කොටුගොඩ මේධානන්ද හිමි","80*****68V","0714741377","anuradhapura","2026-09-21T23:50:14.485Z",""
"SL-PET-12204","නිරංජලා විජේමාන්න","62*****99V","0782369117","ampara","2026-09-21T23:47:36.669Z",""
"SL-PET-13855","කේ. ඒ. රොමේෂ් සෝමරත්න","76*****12V","0769328711","colombo","2026-09-21T23:45:27.019Z","උතුම් දළදා සමිඳු පිහිටෙන් නිදහස ලැබේවා."
"SL-PET-13473","ගයත්‍රි වික්‍රමරත්න (ගයත්‍රි)","78*****86V","0754286603","kurunegala","2026-09-21T23:44:48.004Z",""
"SL-PET-11977","චාන්දනී සුමනසේකර (චාන්දනී)","19*****258","0753175910","polonnaruwa","2026-09-21T23:43:17.830Z","අපගේ ආශිර්වාදය හා සහයෝගය උන්වහන්සේ සමගයි."
"SL-PET-10860","දිනූෂ කළුවිතාරණ","20*****559","0708169423","hambantota","2026-09-21T23:42:38.154Z",""
"SL-PET-12307","අතුරලියේ මේධානන්ද හිමි","79*****87V","0709206641","hambantota","2026-09-21T23:40:47.279Z","ලක්ෂ 50 ක ජනතා හඬට ඇහුම්කන් දෙන්න."
"SL-PET-13644","අබේසේකර කුමාර","20*****354","0785009620","ratnapura","2026-09-21T23:40:25.133Z",""
"SL-PET-10902","කේ. ඒ. කුමුදු සුමනසේකර","86*****88V","0714932721","trincomalee","2026-09-21T23:39:27.260Z",""
"SL-PET-13255","පූජ්‍ය තිස්සමහාරාමයේ ඥානවිමල හිමි","79*****19V","0775037375","matara","2026-09-21T23:38:44.651Z",""
"SL-PET-13382","එච්. එම්. ජනක ජයවර්ධන","73*****83V","0726821931","anuradhapura","2026-09-21T23:38:13.024Z",""
"SL-PET-13717","විජේරත්න තිලක්","80*****15V","0771464073","colombo","2026-09-21T23:33:53.185Z",""
"SL-PET-12616","සුමනසේකර වසන්ත","19*****282","0703962885","ratnapura","2026-09-21T23:31:45.707Z",""
"SL-PET-13698","පූජ්‍ය කුරුණෑගල විපස්සී හිමි","61*****26V","0789071184","gampaha","2026-09-21T23:30:20.007Z",""
"SL-PET-12509","පී. බී. සම්පත් සිල්වා","19*****752","0754752467","matara","2026-09-21T23:29:14.554Z",""
"SL-PET-12880","ඉසුරු දිසානායක (ඉසුරු)","19*****429","0775569208","kurunegala","2026-09-21T23:29:13.898Z","උතුම් දළදා සමිඳු පිහිටෙන් නිදහස ලැබේවා."
"SL-PET-10513","ආර්. එම්. දිනේෂ් හපුආරච්චි","19*****845","0716782371","colombo","2026-09-21T23:29:02.979Z",""
"SL-PET-11864","එච්. එම්. රවින්ද්‍ර කරුණාරත්න","19*****238","0783051505","polonnaruwa","2026-09-21T23:28:17.480Z","උතුම් දළදා සමිඳු පිහිටෙන් නිදහස ලැබේවා."
"SL-PET-12728","හේරත් මනෝජ්","60*****82V","0784215731","hambantota","2026-09-21T23:27:59.694Z",""
"SL-PET-11202","ඩබ්. එම්. මහින්ද ජයවර්ධන","80*****24V","0762224606","kalutara","2026-09-21T23:27:40.622Z",""
"SL-PET-13125","අසංක තිලකරත්න (අසංක)","64*****90V","0787697535","anuradhapura","2026-09-21T23:27:01.616Z",""
"SL-PET-11355","කේ. ඒ. චන්දන වික්‍රමරත්න","94*****17V","0711829755","kurunegala","2026-09-21T23:26:43.280Z",""
"SL-PET-12829","කේ. ඒ. දිනේෂ් දිසානායක","70*****95V","0712744679","hambantota","2026-09-21T23:25:51.535Z","අපේ පූර්ණ සහයෝගය පෙත්සමට හිමිවේ."
"SL-PET-12135","පූජ්‍ය නාරද ධම්මරක්ඛිත හිමි","83*****58V","0767697696","kalutara","2026-09-21T23:25:46.872Z",""
"SL-PET-12005","ශ්‍රියානි විතානගේ (ශ්‍රියානි)","88*****73V","0769788282","ratnapura","2026-09-21T23:24:30.738Z",""
"SL-PET-11588","ජනක රණසිංහ (ජනක)","19*****286","0769195674","ampara","2026-09-21T23:23:14.331Z",""
"SL-PET-13832","පූජ්‍ය පොළොන්නරුවේ චන්දරතන හිමි","87*****15V","0767792695","matale","2026-09-21T23:23:02.455Z","සාමකාමී ශ්‍රී ලංකාවක් උදෙසා උන්වහන්සේ නිදහස් කරන්න."
"SL-PET-13288","ආර්. එම්. නිලන්ති කුලතුංග","94*****41V","0776019285","colombo","2026-09-21T23:22:56.789Z","ලක්ෂ 50 ක ජනතා හඬට ඇහුම්කන් දෙන්න."
"SL-PET-12137","පෙරේරා නිලන්ති","80*****82V","0765014638","matara","2026-09-21T23:22:47.356Z","සියලු සත්වයෝ සුවපත් වෙත්වා! ඉක්මන් නිදහස පතමු."
"SL-PET-11814","සජිත් බණ්ඩාර","19*****667","0786532024","trincomalee","2026-09-21T23:22:21.096Z","ලක්ෂ 50 ක ජනතා හඬට ඇහුම්කන් දෙන්න."
"SL-PET-12512","ඩබ්. එම්. නුවන් විජේසිංහ","19*****810","0715401879","kalutara","2026-09-21T23:21:52.555Z","ලක්ෂ 50 ක ජනතා හඬට ඇහුම්කන් දෙන්න."
"SL-PET-12793","එච්. එම්. ඉන්දිරා කරුණාරත්න","97*****94V","0764924038","gampaha","2026-09-21T23:20:19.630Z",""
"SL-PET-11701","කේ. ඒ. උදාරි ප්‍රේමචන්ද්‍ර","67*****85V","0721502530","polonnaruwa","2026-09-21T23:18:59.802Z",""
"SL-PET-11672","මාලා සිරිවර්ධන","19*****812","0755111973","ampara","2026-09-21T23:17:19.244Z",""
"SL-PET-13445","අතුරලියේ ඥානවිමල හිමි","19*****687","0703356817","anuradhapura","2026-09-21T23:17:02.131Z","සාධාරණත්වය ඉටු කරන්න."
"SL-PET-11057","පී. බී. නලින් රත්නායක","65*****26V","0787067258","kurunegala","2026-09-21T23:16:49.416Z",""
"SL-PET-13193","උදාරි තිලකරත්න (උදාරි)","19*****619","0713889345","trincomalee","2026-09-21T23:15:08.326Z","සාමකාමී ශ්‍රී ලංකාවක් උදෙසා උන්වහන්සේ නිදහස් කරන්න."
"SL-PET-11980","විජේරත්න ගයාන්","61*****52V","0721348177","gampaha","2026-09-21T23:14:25.421Z",""
"SL-PET-13172","සුමනසේකර ලලිත්","93*****64V","0771418355","ampara","2026-09-21T23:14:01.504Z","රට ජාතිය ආගම වෙනුවෙන් හඬක් නැගූ හිමියන්ට නිදහස ලැබේවා."
"SL-PET-12044","ආර්. එම්. ලලිත් සමරසේකර","63*****72V","0762358660","gampaha","2026-09-21T23:13:48.932Z","අපේ ප්‍රාර්ථනාව කඩිනමින් ඉටුවේවා!"
"SL-PET-13660","පී. බී. තිළිණ ගුණතිලක","80*****75V","0776893346","colombo","2026-09-21T23:13:37.141Z",""
"SL-PET-13596","පෙරේරා නුවන්","19*****556","0756228857","matara","2026-09-21T23:07:34.622Z",""
"SL-PET-12479","පූජ්‍ය තිස්සමහාරාමයේ ධම්මරක්ඛිත හිමි","64*****98V","0762259377","kalutara","2026-09-21T23:06:33.288Z",""
"SL-PET-11299","සංජීව සේනාරත්න (සංජීව)","19*****147","0774151989","polonnaruwa","2026-09-21T23:05:19.217Z",""
"SL-PET-11798","ඩබ්. එම්. නිහාල් ගුණතිලක","61*****37V","0701278064","kegalle","2026-09-21T23:05:10.753Z",""
"SL-PET-13799","ඩබ්. එම්. නලින් ඉලංගකෝන්","88*****40V","0722863120","anuradhapura","2026-09-21T23:05:05.354Z","ප්‍රජාතන්ත්‍රවාදී මහජන හඬට සවන් දෙන්න."
"SL-PET-12721","පූජ්‍ය අස්ගිරියේ සීලරතන හිමි","73*****81V","0782350226","trincomalee","2026-09-21T23:04:05.758Z","ප්‍රජාතන්ත්‍රවාදී මහජන හඬට සවන් දෙන්න."
"SL-PET-11632","ඩබ්. එම්. රංජිත් සේනාරත්න","92*****26V","0703457293","kalutara","2026-09-21T23:03:37.494Z",""
"SL-PET-13463","ජගත් රණවීර (ජගත්)","94*****12V","0761929856","anuradhapura","2026-09-21T23:02:27.969Z",""
"SL-PET-11725","එච්. එම්. නිරංජලා බණ්ඩාර","19*****881","0715837646","galle","2026-09-21T23:02:21.737Z",""
"SL-PET-12720","ආර්. එම්. තිසර අබේසේකර","73*****37V","0778811770","polonnaruwa","2026-09-21T23:00:30.749Z",""
"SL-PET-10961","කේ. ඒ. සන්ධ්‍යා දැදිගම","19*****438","0776102005","ratnapura","2026-09-21T22:59:02.168Z","සාමකාමී ශ්‍රී ලංකාවක් උදෙසා උන්වහන්සේ නිදහස් කරන්න."
"SL-PET-13911","එච්. එම්. ලක්ෂිකා මද්දුමගේ","19*****883","0787486314","kandy","2026-09-21T22:57:32.713Z",""
"SL-PET-10560","එච්. එම්. කසුන් පෙරේරා","86*****60V","0724955547","hambantota","2026-09-21T22:57:23.590Z",""
"SL-PET-13524","කේ. ඒ. ජනක මෙන්ඩිස්","86*****24V","0721243270","kandy","2026-09-21T22:56:38.829Z",""
"SL-PET-12952","කේ. ඒ. දිනූෂ කරුණාරත්න","19*****534","0712899748","anuradhapura","2026-09-21T22:56:22.201Z",""
"SL-PET-10994","ආර්. එම්. රවින්ද්‍ර දැදිගම","74*****90V","0778083737","monaragala","2026-09-21T22:55:06.284Z","සියලු සත්වයෝ සුවපත් වෙත්වා! ඉක්මන් නිදහස පතමු."
"SL-PET-11247","සෝමරත්න ගයාන්","92*****61V","0715869655","ratnapura","2026-09-21T22:51:05.310Z",""
"SL-PET-12429","ශිරාන් අතුකෝරල","64*****66V","0786381436","ratnapura","2026-09-21T22:50:58.593Z",""
"SL-PET-10791","වසන්ති දසනායක (වසන්ති)","19*****691","0709345221","ratnapura","2026-09-21T22:49:19.173Z",""
"SL-PET-10729","ආර්. එම්. නලින් දේවප්‍රිය","19*****801","0752410595","gampaha","2026-09-21T22:48:03.798Z",""
"SL-PET-10582","ප්‍රමෝද් අබේසේකර (ප්‍රමෝද්)","19*****735","0723899096","ampara","2026-09-21T22:47:43.432Z",""
"SL-PET-12805","සම්පත් පතිරණ","80*****24V","0786927576","puttalam","2026-09-21T22:47:09.817Z",""
"SL-PET-11655","නලින් විජේසිංහ","63*****15V","0729401348","nuwaraeliya","2026-09-21T22:46:32.894Z",""
"SL-PET-11763","පූජ්‍ය රත්නපුරේ සුමන හිමි","83*****93V","0703868491","ratnapura","2026-09-21T22:46:21.031Z",""
"SL-PET-12426","ජීවන්ත සේනාරත්න (ජීවන්ත)","19*****103","0726828080","kandy","2026-09-21T22:44:46.213Z",""
"SL-PET-12667","ආර්. එම්. අතුල රත්නායක","89*****85V","0705579091","overseas","2026-09-21T22:44:17.686Z",""
"SL-PET-12192","ආර්. එම්. අනුර දිසානායක","19*****458","0704629058","hambantota","2026-09-21T22:44:07.966Z",""
"SL-PET-10537","එච්. එම්. චතුරිකා විජේසිංහ","72*****37V","0713156422","anuradhapura","2026-09-21T22:42:21.976Z",""
"SL-PET-11237","පූජ්‍ය කොටුගොඩ ඥානාලෝක හිමි","19*****643","0716874757","gampaha","2026-09-21T22:40:39.935Z","සාමකාමී ශ්‍රී ලංකාවක් උදෙසා උන්වහන්සේ නිදහස් කරන්න."
"SL-PET-12466","රුක්මන් වසන්ත","93*****77V","0709243364","kandy","2026-09-21T22:39:58.397Z","බුද්ධ ශාසනයේ ආරක්ෂාව උදෙසා උන්වහන්සේ මුදාහරින්න."
"SL-PET-10764","එච්. එම්. තිළිණ ධර්මප්‍රිය","71*****21V","0701916226","overseas","2026-09-21T22:38:43.657Z",""
"SL-PET-11788","කේ. ඒ. නලින් සෝමරත්න","95*****16V","0771128929","kurunegala","2026-09-21T22:37:34.293Z","රට ජාතිය ආගම වෙනුවෙන් හඬක් නැගූ හිමියන්ට නිදහස ලැබේවා."
"SL-PET-12151","කේ. ඒ. අයේෂා ප්‍රේමචන්ද්‍ර","20*****756","0786830416","matara","2026-09-21T22:37:03.500Z",""
"SL-PET-12435","පූජ්‍ය පොළොන්නරුවේ ධම්මරතන හිමි","19*****218","0721618078","monaragala","2026-09-21T22:36:14.047Z",""
"SL-PET-10963","කේ. ඒ. මහේෂ් සිරිවර්ධන","93*****33V","0724523534","galle","2026-09-21T22:35:23.204Z",""
"SL-PET-11600","පී. බී. දිනුෂිකා අබේසේකර","99*****61V","0771672514","trincomalee","2026-09-21T22:34:53.795Z","උතුම් දළදා සමිඳු පිහිටෙන් නිදහස ලැබේවා."
"SL-PET-11945","ආර්. එම්. ඉන්දිරා හපුආරච්චි","88*****80V","0752960594","polonnaruwa","2026-09-21T22:32:31.029Z","ත්‍රිවිධ හමුදා හා පුරවැසි ප්‍රජාවේ පූර්ණ සුභපැතුම්."
"SL-PET-11973","ඩබ්. එම්. දිනේෂ් ධර්මප්‍රිය","19*****667","0715176128","kandy","2026-09-21T22:31:34.589Z",""
"SL-PET-13619","ඩබ්. එම්. ජගත් සේනාරත්න","68*****19V","0714072082","badulla","2026-09-21T22:31:26.092Z",""
"SL-PET-12432","හිරුණි විජේසූරිය (හිරුණි)","95*****29V","0784937078","polonnaruwa","2026-09-21T22:28:44.201Z",""
"SL-PET-13692","පී. බී. තිළිණ කළුවිතාරණ","90*****51V","0773328082","matara","2026-09-21T22:26:56.329Z","ත්‍රිවිධ හමුදා හා පුරවැසි ප්‍රජාවේ පූර්ණ සුභපැතුම්."
"SL-PET-13289","පී. බී. මල්කාන්ති ප්‍රේමචන්ද්‍ර","19*****113","0759817202","monaragala","2026-09-21T22:26:37.707Z","ලක්ෂ 50 ක ජනතා හඬට ඇහුම්කන් දෙන්න."
"SL-PET-11981","කේ. ඒ. තිස්ස හපුආරච්චි","19*****786","0728607244","overseas","2026-09-21T22:24:43.975Z",""
"SL-PET-11624","පූජ්‍ය කුරුණෑගල ධම්මරතන හිමි","98*****40V","0727734438","gampaha","2026-09-21T22:23:20.487Z","නිරෝගී සුවය හා නිදහස ලැබේවා."
"SL-PET-10507","එච්. එම්. වසන්ති කළුවිතාරණ","19*****183","0729653977","badulla","2026-09-21T22:22:59.807Z",""
"SL-PET-11220","සිල්වා සජිත්","95*****15V","0764603329","colombo","2026-09-21T22:22:56.218Z",""
"SL-PET-11321","පී. බී. රුවන් විජේමාන්න","20*****491","0762400260","matale","2026-09-21T22:21:57.975Z",""
"SL-PET-11653","මහේෂ් මඩවලගේ","92*****61V","0762165739","monaragala","2026-09-21T22:21:23.172Z",""
"SL-PET-12109","ආර්. එම්. ප්‍රදීප් මදුශංක","19*****578","0771990065","trincomalee","2026-09-21T22:20:04.993Z",""
"SL-PET-13247","ඩබ්. එම්. ජගත් විජේතුංග","19*****452","0789613948","kegalle","2026-09-21T22:20:01.700Z","සමාව ලබා දී උන්වහන්සේ මුදාහරින්න."
"SL-PET-12049","පී. බී. උදාරි සුමනසේකර","83*****80V","0756393758","hambantota","2026-09-21T22:19:23.944Z",""
"SL-PET-13254","ලක්ෂ්මන් ඉලංගකෝන් (ලක්ෂ්මන්)","98*****95V","0713240231","gampaha","2026-09-21T22:19:19.091Z","උතුම් දළදා සමිඳු පිහිටෙන් නිදහස ලැබේවා."
"SL-PET-13803","දර්ශන කහඳගමගේ (දර්ශන)","19*****859","0773086818","gampaha","2026-09-21T22:19:10.461Z",""
"SL-PET-11186","ලියනගේ ජගත්","68*****11V","0763875307","matara","2026-09-21T22:18:12.019Z",""
"SL-PET-13554","විතානගේ චන්දන","70*****64V","0728982518","anuradhapura","2026-09-21T22:17:05.534Z",""
"SL-PET-12659","සේනාරත්න දිනූෂ","65*****96V","0782509662","anuradhapura","2026-09-21T22:16:23.126Z","ලක්ෂ 50 ක ජනතා හඬට ඇහුම්කන් දෙන්න."
"SL-PET-12107","පී. බී. ලක්ෂිකා තිලකරත්න","19*****343","0723048926","anuradhapura","2026-09-21T22:12:59.395Z","ලක්ෂ 50 ක ජනතා හඬට ඇහුම්කන් දෙන්න."
"SL-PET-10637","කේ. ඒ. තිසර විතානගේ","88*****16V","0763920754","kalutara","2026-09-21T22:12:45.714Z","ඥානසාර හිමියන්ට කඩිනම් ජනාධිපති සමාව ලබා දෙන්න."
"SL-PET-13885","අබේසේකර රොෂාන්","19*****752","0773377783","polonnaruwa","2026-09-21T22:12:28.657Z","ත්‍රිවිධ හමුදා හා පුරවැසි ප්‍රජාවේ පූර්ණ සුභපැතුම්."
"SL-PET-12613","කේ. ඒ. පියුමි දේවප්‍රිය","84*****92V","0771455240","colombo","2026-09-21T22:11:16.606Z","රට ජාතිය ආගම වෙනුවෙන් හඬක් නැගූ හිමියන්ට නිදහස ලැබේවා."
"SL-PET-12226","ඩබ්. එම්. නිලන්ති බණ්ඩාර","19*****632","0771042653","kandy","2026-09-21T22:09:49.645Z",""
"SL-PET-13324","කළුවිතාරණ ලලිත්","19*****690","0716785827","kandy","2026-09-21T22:09:49.642Z","උතුම් දළදා සමිඳු පිහිටෙන් නිදහස ලැබේවා."
"SL-PET-12517","ඩබ්. එම්. සංජීව අබේසේකර","60*****82V","0772322963","ampara","2026-09-21T22:08:16.621Z",""
"SL-PET-12153","ආර්. එම්. සුනේත්‍රා මහවිතාන","90*****72V","0767386927","overseas","2026-09-21T22:07:23.109Z","අපේ ප්‍රාර්ථනාව කඩිනමින් ඉටුවේවා!"
"SL-PET-12205","ආර්. එම්. රවින්ද්‍ර ගුණසේකර","19*****355","0711547230","kurunegala","2026-09-21T22:05:39.601Z","අපේ පූර්ණ සහයෝගය පෙත්සමට හිමිවේ."
"SL-PET-12601","සචින් ප්‍රේමචන්ද්‍ර","81*****92V","0757873304","galle","2026-09-21T22:05:04.245Z","උතුම් දළදා සමිඳු පිහිටෙන් නිදහස ලැබේවා."
"SL-PET-13721","ඩබ්. එම්. ලක්ෂිකා මෙන්ඩිස්","19*****223","0707304514","hambantota","2026-09-21T22:04:56.324Z",""
"SL-PET-12902","පී. බී. දර්ශන විතානගේ","95*****24V","0719148221","anuradhapura","2026-09-21T22:04:12.851Z",""
"SL-PET-11700","කේ. ඒ. අතුල මද්දුමගේ","69*****79V","0706800138","kandy","2026-09-21T22:03:27.278Z",""
"SL-PET-12056","කහඳගමගේ නිරංජලා","19*****650","0708004511","matara","2026-09-21T22:03:16.638Z",""
"SL-PET-10615","කේ. ඒ. සුදර්ශනී දසනායක","19*****547","0724927678","gampaha","2026-09-21T22:02:11.538Z","සාධාරණත්වය ඉටු කරන්න."
"SL-PET-10658","ලක්ෂිකා කුමාරසිංහ (ලක්ෂිකා)","77*****54V","0765834607","hambantota","2026-09-21T22:01:23.375Z","ලක්ෂ 50 ක ජනතා හඬට ඇහුම්කන් දෙන්න."
"SL-PET-13037","පී. බී. කසුන් නවරත්න","19*****494","0761895707","kandy","2026-09-21T22:01:20.894Z","අපේ පූර්ණ සහයෝගය පෙත්සමට හිමිවේ."
"SL-PET-13475","ප්‍රනාන්දු දිනූෂ","89*****83V","0759991819","colombo","2026-09-21T22:01:11.564Z",""
"SL-PET-10657","ආර්. එම්. සන්ධ්‍යා මහවිතාන","71*****71V","0715634293","ampara","2026-09-21T22:00:10.954Z","ලක්ෂ 50 ක ජනතා හඬට ඇහුම්කන් දෙන්න."
"SL-PET-12539","ඩබ්. එම්. කුමුදුනී ඉලංගකෝන්","66*****69V","0726447787","ampara","2026-09-21T21:58:44.970Z",""
"SL-PET-13053","දිල්හානි කළුවිතාරණ","19*****965","0708451963","hambantota","2026-09-21T21:58:40.353Z",""
"SL-PET-12275","පී. බී. මධුෂිකා සෙනෙවිරත්න","70*****30V","0775568281","kalutara","2026-09-21T21:57:26.607Z",""
"SL-PET-12245","ඩබ්. එම්. චතුරිකා ජයසිංහ","19*****143","0708730382","ampara","2026-09-21T21:56:11.035Z",""
"SL-PET-11991","කේ. ඒ. දුමින්ද රණවීර","19*****183","0771807695","kegalle","2026-09-21T21:55:39.032Z",""
"SL-PET-13031","සන්ධ්‍යා හපුආරච්චි (සන්ධ්‍යා)","20*****957","0761069506","nuwaraeliya","2026-09-21T21:54:09.374Z","පෙත්සම සාර්ථක වේවා!"
"SL-PET-11815","පූජ්‍ය පොළොන්නරුවේ ඥානාරාම හිමි","98*****80V","0765807601","polonnaruwa","2026-09-21T21:53:51.643Z",""
"SL-PET-11273","ආර්. එම්. ගයාන් රණසිංහ","77*****75V","0789121929","anuradhapura","2026-09-21T21:51:33.652Z",""
"SL-PET-11656","රුචිරා හපුආරච්චි (රුචිරා)","19*****360","0758398121","kurunegala","2026-09-21T21:49:50.257Z","ප්‍රජාතන්ත්‍රවාදී මහජන හඬට සවන් දෙන්න."
"SL-PET-11318","ආර්. එම්. මහේෂ් රණසිංහ","20*****275","0778928022","puttalam","2026-09-21T21:49:36.975Z",""
"SL-PET-11329","පතිරණ රේණුකා","20*****321","0783214956","ratnapura","2026-09-21T21:49:24.839Z","උතුම් දළදා සමිඳු පිහිටෙන් නිදහස ලැබේවා."
"SL-PET-13461","ඩබ්. එම්. ශිරාන් ගුණසේකර","19*****380","0784591291","anuradhapura","2026-09-21T21:49:06.089Z","අධිකරණ තීන්දුවලට ගරු කරමින්ම ජනාධිපති සමාව අයදිමු."
"SL-PET-11611","එච්. එම්. කෙවින් රණසිංහ","88*****97V","0711950490","kegalle","2026-09-21T21:48:32.757Z",""
"SL-PET-11986","ආර්. එම්. රොෂාන් ජයසිංහ","19*****228","0771469874","gampaha","2026-09-21T21:48:23.065Z","ත්‍රිවිධ හමුදා හා පුරවැසි ප්‍රජාවේ පූර්ණ සුභපැතුම්."
"SL-PET-12746","කේ. ඒ. කසුන් කරුණාරත්න","20*****456","0708662868","galle","2026-09-21T21:47:49.646Z",""
"SL-PET-12079","පී. බී. ප්‍රදීප් ජයසිංහ","19*****487","0789770438","kurunegala","2026-09-21T21:45:21.180Z",""
"SL-PET-11808","ඩබ්. එම්. නයනා හපුආරච්චි","20*****740","0781663250","kandy","2026-09-21T21:44:40.017Z",""
"SL-PET-11959","ඩබ්. එම්. ජීවන්ත විතානගේ","19*****556","0705004392","monaragala","2026-09-21T21:44:37.280Z",""
"SL-PET-13671","වසන්ත දිනූෂ","19*****592","0762669466","kurunegala","2026-09-21T21:43:24.928Z",""
"SL-PET-12422","එච්. එම්. දුමින්ද කුලතුංග","75*****81V","0784139280","overseas","2026-09-21T21:42:31.788Z","ලක්ෂ 50 ක ජනතා හඬට ඇහුම්කන් දෙන්න."
"SL-PET-11625","පී. බී. සුනිල් ප්‍රනාන්දු","76*****94V","0723502409","matara","2026-09-21T21:41:34.537Z",""
"SL-PET-10627","එච්. එම්. දීපිකා සිල්වා","19*****690","0776146889","ratnapura","2026-09-21T21:40:30.763Z","සියලු සත්වයෝ සුවපත් වෙත්වා! ඉක්මන් නිදහස පතමු."
"SL-PET-11580","රොෂාන් හපුආරච්චි (රොෂාන්)","65*****38V","0765030822","ampara","2026-09-21T21:40:05.514Z",""
"SL-PET-12323","ලියනගේ ලක්ෂ්මන්","19*****296","0717532973","hambantota","2026-09-21T21:39:53.686Z","සමාව ලබා දී උන්වහන්සේ මුදාහරින්න."
"SL-PET-13667","වසන්ත අතුකෝරල","63*****25V","0724907861","monaragala","2026-09-21T21:39:20.522Z","සාමකාමී ශ්‍රී ලංකාවක් උදෙසා උන්වහන්සේ නිදහස් කරන්න."
"SL-PET-11069","එච්. එම්. කසුන් නවරත්න","19*****314","0724670749","matale","2026-09-21T21:38:41.004Z","සාධාරණත්වය ඉටු කරන්න."
"SL-PET-10512","කේ. ඒ. දිනූෂ සිරිවර්ධන","73*****79V","0727564433","kandy","2026-09-21T21:38:40.278Z",""
"SL-PET-13097","ප්‍රමෝද් ජයවර්ධන (ප්‍රමෝද්)","60*****90V","0716213905","ratnapura","2026-09-21T21:37:35.160Z",""
"SL-PET-11282","මද්දුමගේ ජනක","68*****16V","0719195589","kurunegala","2026-09-21T21:36:20.147Z",""
"SL-PET-13607","පූජ්‍ය කොටුගොඩ සුමනසාර හිමි","20*****386","0754307688","gampaha","2026-09-21T21:36:05.445Z","අධිකරණ තීන්දුවලට ගරු කරමින්ම ජනාධිපති සමාව අයදිමු."
"SL-PET-11197","කේ. ඒ. තිලක් වික්‍රමරත්න","64*****48V","0721346545","overseas","2026-09-21T21:35:28.988Z",""
"SL-PET-12417","කේ. ඒ. මනෝජා පෙරේරා","80*****72V","0704026732","galle","2026-09-21T21:35:04.411Z",""
"SL-PET-11943","පෙරේරා දිනූෂ","70*****62V","0782703028","kalutara","2026-09-21T21:34:24.599Z","සාධාරණත්වය ඉටු කරන්න."
"SL-PET-12752","කේ. ඒ. මනෝජ් මද්දුමගේ","68*****48V","0751604684","polonnaruwa","2026-09-21T21:32:58.005Z",""
"SL-PET-10736","එච්. එම්. මල්කාන්ති ලියනගේ","19*****325","0788700712","polonnaruwa","2026-09-21T21:32:57.013Z","සමාව ලබා දී උන්වහන්සේ මුදාහරින්න."
"SL-PET-11160","ඩබ්. එම්. හර්ෂ තිලකරත්න","62*****72V","0757739208","kalutara","2026-09-21T21:32:51.516Z","පෙත්සම සාර්ථක වේවා!"
"SL-PET-12472","මහේෂ් ගුණතිලක","62*****80V","0772082928","matale","2026-09-21T21:32:00.950Z","අපගේ ආශිර්වාදය හා සහයෝගය උන්වහන්සේ සමගයි."
"SL-PET-11314","එච්. එම්. චතුරිකා දැදිගම","71*****12V","0777047478","overseas","2026-09-21T21:30:53.723Z",""
"SL-PET-13138","එච්. එම්. රේණුකා විජේරත්න","20*****643","0763196984","kurunegala","2026-09-21T21:30:28.116Z",""
"SL-PET-13903","උදාරි සෙනෙවිරත්න","66*****36V","0752313151","kandy","2026-09-21T21:26:24.994Z",""
"SL-PET-12633","ආර්. එම්. ධම්මික මෙන්ඩිස්","63*****32V","0783772817","colombo","2026-09-21T21:23:55.245Z",""
"SL-PET-12712","පී. බී. සමිත රත්නායක","19*****829","0703636487","matale","2026-09-21T21:21:14.728Z","උතුම් දළදා සමිඳු පිහිටෙන් නිදහස ලැබේවා."
"SL-PET-11305","කේ. ඒ. ශ්‍රියානි ගුණතිලක","75*****53V","0776591682","puttalam","2026-09-21T21:21:12.471Z",""
"SL-PET-13594","ඩබ්. එම්. රවින්ද්‍ර දසනායක","75*****32V","0786286949","overseas","2026-09-21T21:19:58.034Z",""
"SL-PET-10743","කරුණාරත්න සදුනි","86*****26V","0754878631","ratnapura","2026-09-21T21:17:52.566Z",""
"SL-PET-12314","නවරත්න රොමේෂ්","94*****64V","0708028530","matale","2026-09-21T21:17:43.089Z",""
"SL-PET-11179","සම්පත් සිල්වා","68*****13V","0729356489","kandy","2026-09-21T21:17:21.732Z",""
"SL-PET-11825","පී. බී. ඉන්දිරා විජේරත්න","67*****63V","0756903419","ratnapura","2026-09-21T21:15:32.947Z",""
"SL-PET-11803","එච්. එම්. රොෂාන් රණවීර","20*****897","0765105832","polonnaruwa","2026-09-21T21:15:02.159Z","පෙත්සම සාර්ථක වේවා!"
"SL-PET-12825","බෙල්ලන්විල ධම්මජෝති හිමි","19*****366","0701489714","ampara","2026-09-21T21:13:51.803Z",""
"SL-PET-10648","ඩබ්. එම්. ලක්ෂිකා මෙන්ඩිස්","19*****172","0761989891","ratnapura","2026-09-21T21:11:58.060Z","ඥානසාර හිමියන්ට කඩිනම් ජනාධිපති සමාව ලබා දෙන්න."
"SL-PET-12976","ඩබ්. එම්. සරත් ආටිගල","19*****241","0785175694","ratnapura","2026-09-21T21:07:48.965Z",""
"SL-PET-11958","ඩබ්. එම්. නයනා විජේසූරිය","19*****657","0784651411","kalutara","2026-09-21T21:05:38.549Z",""
"SL-PET-11572","එච්. එම්. කසුන් සේනාරත්න","96*****75V","0719917229","polonnaruwa","2026-09-21T21:04:52.853Z",""
"SL-PET-13303","ආර්. එම්. චමින්ද රත්නායක","95*****86V","0761198446","kalutara","2026-09-21T21:04:21.484Z",""
"SL-PET-10692","පූජ්‍ය කොටුගොඩ විපස්සී හිමි","62*****55V","0771872616","overseas","2026-09-21T21:03:58.085Z","අපේ පූර්ණ සහයෝගය පෙත්සමට හිමිවේ."
"SL-PET-11855","පී. බී. දුමින්ද වික්‍රමරත්න","65*****12V","0723482036","ratnapura","2026-09-21T21:03:13.252Z",""
"SL-PET-11357","රණවීර නිරෝෂා","98*****65V","0778468114","galle","2026-09-21T21:02:48.784Z",""
"SL-PET-13614","දුමින්ද ගුණසේකර","63*****26V","0767540091","matara","2026-09-21T21:02:10.539Z","සාධාරණත්වය ඉටු කරන්න."
"SL-PET-12023","පී. බී. සුජාතා සෝමරත්න","19*****638","0784969700","gampaha","2026-09-21T21:02:02.321Z",""
"SL-PET-12762","කේ. ඒ. චමින්ද දසනායක","77*****34V","0714447210","gampaha","2026-09-21T21:01:59.449Z",""
"SL-PET-13103","උදාරි රාජපක්ෂ (උදාරි)","19*****573","0771045201","kurunegala","2026-09-21T21:00:28.551Z",""
"SL-PET-11058","පී. බී. නුවන් වික්‍රමරත්න","97*****31V","0754932594","galle","2026-09-21T21:00:16.722Z",""
"SL-PET-10867","එච්. එම්. සම්පත් විජේමාන්න","74*****16V","0751734128","gampaha","2026-09-21T20:59:27.719Z","ප්‍රජාතන්ත්‍රවාදී මහජන හඬට සවන් දෙන්න."
"SL-PET-13797","එච්. එම්. නයනා කුලතුංග","19*****495","0717288677","kalutara","2026-09-21T20:59:14.963Z",""
"SL-PET-12190","ආර්. එම්. සනත් පෙරේරා","19*****131","0712590562","colombo","2026-09-21T20:58:17.051Z",""
"SL-PET-13645","පී. බී. සුනේත්‍රා කරුණාරත්න","97*****12V","0725245048","monaragala","2026-09-21T20:57:22.905Z",""
"SL-PET-11831","නවරත්න මහේෂ්","71*****98V","0756931912","matara","2026-09-21T20:56:34.323Z",""
"SL-PET-13542","ආර්. එම්. සජිත් ගුණසේකර","19*****784","0729047398","matale","2026-09-21T20:56:26.117Z",""
"SL-PET-11217","කේ. ඒ. ජගත් කහඳගමගේ","97*****82V","0777059865","overseas","2026-09-21T20:56:11.842Z",""
"SL-PET-13533","සංජීව සමරසේකර","19*****403","0786221318","anuradhapura","2026-09-21T20:55:29.846Z","ත්‍රිවිධ හමුදා හා පුරවැසි ප්‍රජාවේ පූර්ණ සුභපැතුම්."
"SL-PET-13252","ආර්. එම්. සරත් ගුණසේකර","19*****698","0778017029","kurunegala","2026-09-21T20:54:42.266Z",""
"SL-PET-10558","සුමනසේකර අනුර","84*****20V","0722864582","ratnapura","2026-09-21T20:53:42.193Z",""
"SL-PET-11983","බෙල්ලන්විල සුමංගල හිමි","73*****84V","0781271699","matara","2026-09-21T20:53:01.738Z",""
"SL-PET-12428","කේ. ඒ. අයේෂා බණ්ඩාර","90*****40V","0753853585","kalutara","2026-09-21T20:48:48.819Z","සියලු සත්වයෝ සුවපත් වෙත්වා! ඉක්මන් නිදහස පතමු."
"SL-PET-12041","චතුරිකා නවරත්න","78*****97V","0706642957","ratnapura","2026-09-21T20:48:14.224Z","ලක්ෂ 50 ක ජනතා හඬට ඇහුම්කන් දෙන්න."
"SL-PET-13128","කරුණාරත්න චන්දන","60*****80V","0756176803","kandy","2026-09-21T20:46:52.593Z","ගරු ජනාධිපතිතුමනි, කරුණාවෙන් සලකා බලන්න."
"SL-PET-13531","පූජ්‍ය ගංගොඩවිල පඤ්ඤානන්ද හිමි","90*****55V","0761068849","kalutara","2026-09-21T20:44:54.833Z",""
"SL-PET-10763","රත්නායක වසන්ත","19*****183","0728902374","galle","2026-09-21T20:44:06.602Z",""
"SL-PET-11729","සුනෙත්‍රා මදුශංක (සුනෙත්‍රා)","96*****35V","0784440016","galle","2026-09-21T20:43:27.947Z","අධිකරණ තීන්දුවලට ගරු කරමින්ම ජනාධිපති සමාව අයදිමු."
"SL-PET-11227","පූජ්‍ය රත්නපුරේ ඥානාලෝක හිමි","19*****134","0719267330","puttalam","2026-09-21T20:42:44.105Z",""
"SL-PET-11471","ආර්. එම්. සනත් මෙන්ඩිස්","66*****53V","0706777566","polonnaruwa","2026-09-21T20:42:38.242Z",""
"SL-PET-11737","ආර්. එම්. ජනක මෙන්ඩිස්","19*****882","0713212829","ratnapura","2026-09-21T20:40:07.396Z",""
"SL-PET-11789","දිසානායක දිනේෂ්","93*****71V","0754301246","colombo","2026-09-21T20:40:06.554Z",""
"SL-PET-11377","එච්. එම්. තිස්ස ජයවර්ධන","19*****610","0776116166","anuradhapura","2026-09-21T20:39:35.747Z",""
"SL-PET-13329","එච්. එම්. පියුමි ප්‍රනාන්දු","19*****939","0707650342","overseas","2026-09-21T20:38:40.725Z","ගරු ජනාධිපතිතුමනි, කරුණාවෙන් සලකා බලන්න."
"SL-PET-12628","රුචිරා සේනාරත්න","74*****60V","0753425336","kalutara","2026-09-21T20:37:09.275Z","සමාව ලබා දී උන්වහන්සේ මුදාහරින්න."
"SL-PET-11495","පී. බී. සම්පත් සේනාරත්න","95*****45V","0789070622","anuradhapura","2026-09-21T20:35:37.836Z",""
"SL-PET-13759","කේ. ඒ. අනුරාධා රාජපක්ෂ","96*****63V","0705011349","matale","2026-09-21T20:35:35.123Z",""
"SL-PET-11459","රාජපක්ෂ නුවන්","89*****68V","0779259894","kalutara","2026-09-21T20:35:32.775Z",""
"SL-PET-10812","සුදර්ශනී පතිරණ (සුදර්ශනී)","19*****545","0716230424","galle","2026-09-21T20:32:20.414Z","අපේ ප්‍රාර්ථනාව කඩිනමින් ඉටුවේවා!"
"SL-PET-11974","ආටිගල කෙවින්","20*****115","0727902757","trincomalee","2026-09-21T20:31:31.106Z",""
"SL-PET-11593","මනෝජ් රණසිංහ","20*****164","0728196169","kurunegala","2026-09-21T20:30:24.649Z",""
"SL-PET-13140","එච්. එම්. චන්දන ජයවර්ධන","19*****238","0708618111","puttalam","2026-09-21T20:27:32.764Z",""
"SL-PET-12099","කේ. ඒ. සනත් මාරසිංහ","65*****51V","0761556120","gampaha","2026-09-21T20:26:46.846Z",""
"SL-PET-10760","ඩබ්. එම්. වසන්ත දසනායක","62*****57V","0768220633","trincomalee","2026-09-21T20:26:21.857Z","අධිකරණ තීන්දුවලට ගරු කරමින්ම ජනාධිපති සමාව අයදිමු."
"SL-PET-11731","ඩබ්. එම්. සම්පත් දේවප්‍රිය","76*****59V","0704694544","kalutara","2026-09-21T20:25:32.248Z",""
"SL-PET-10509","එච්. එම්. මහේෂ් ජයසිංහ","97*****13V","0755397860","anuradhapura","2026-09-21T20:24:54.317Z",""
"SL-PET-12838","එච්. එම්. වසන්ත විජේසිංහ","74*****21V","0778450573","colombo","2026-09-21T20:22:40.909Z",""
"SL-PET-12665","එච්. එම්. ඉසුරු ප්‍රනාන්දු","19*****903","0753512592","kegalle","2026-09-21T20:22:10.506Z",""
"SL-PET-11390","කුමුදු රණසිංහ","20*****510","0714354319","matale","2026-09-21T20:21:18.500Z","සාමකාමී ශ්‍රී ලංකාවක් උදෙසා උන්වහන්සේ නිදහස් කරන්න."
"SL-PET-13502","පී. බී. නයනා දසනායක","69*****56V","0757472641","polonnaruwa","2026-09-21T20:21:18.230Z",""
"SL-PET-13635","මාලක වසන්ත (මාලක)","82*****31V","0713647384","polonnaruwa","2026-09-21T20:21:05.721Z",""
"SL-PET-11021","දිනේෂ් මාරසිංහ (දිනේෂ්)","19*****656","0752252189","polonnaruwa","2026-09-21T20:20:40.649Z","ලක්ෂ 50 ක ජනතා හඬට ඇහුම්කන් දෙන්න."
"SL-PET-12311","ආර්. එම්. හිරුණි ආටිගල","92*****99V","0767328812","hambantota","2026-09-21T20:20:10.146Z",""
"SL-PET-12057","මනෝජා සෙනෙවිරත්න","19*****840","0723113015","kegalle","2026-09-21T20:17:31.923Z","සමාව ලබා දී උන්වහන්සේ මුදාහරින්න."
"SL-PET-10808","එච්. එම්. තරිඳු දැදිගම","74*****90V","0785719752","matale","2026-09-21T20:16:45.381Z","අපගේ ආශිර්වාදය හා සහයෝගය උන්වහන්සේ සමගයි."
"SL-PET-12999","කේ. ඒ. නිලන්ති විජේතුංග","82*****60V","0701570719","puttalam","2026-09-21T20:16:26.722Z",""
"SL-PET-12985","ඩබ්. එම්. අජිත් කළුවිතාරණ","75*****51V","0773965489","monaragala","2026-09-21T20:16:26.191Z",""
"SL-PET-12102","කේ. ඒ. ශ්‍රියානි ලියනගේ","19*****280","0782107778","polonnaruwa","2026-09-21T20:15:39.741Z",""
"SL-PET-13769","ඩබ්. එම්. අසංක මෙන්ඩිස්","19*****160","0716238344","gampaha","2026-09-21T20:11:00.737Z","අපේ පූර්ණ සහයෝගය පෙත්සමට හිමිවේ."
"SL-PET-11436","පී. බී. සම්පත් අබේසේකර","90*****75V","0723821255","nuwaraeliya","2026-09-21T20:10:33.256Z",""
"SL-PET-13771","කුමාර විජේමාන්න","64*****92V","0787357695","kegalle","2026-09-21T20:09:31.904Z",""
"SL-PET-11183","රුක්මන් මාරසිංහ (රුක්මන්)","73*****43V","0761282951","ratnapura","2026-09-21T20:09:22.756Z",""
"SL-PET-11209","ලක්ෂ්මන් කුමාරසිංහ (ලක්ෂ්මන්)","19*****171","0728832842","hambantota","2026-09-21T20:08:59.557Z",""
"SL-PET-13922","ඩබ්. එම්. සචින් දේවප්‍රිය","83*****38V","0785224367","monaragala","2026-09-21T20:08:04.251Z","අධිකරණ තීන්දුවලට ගරු කරමින්ම ජනාධිපති සමාව අයදිමු."
"SL-PET-12797","කුමාර සෝමරත්න","85*****67V","0783026232","polonnaruwa","2026-09-21T20:07:32.507Z","අපේ ප්‍රාර්ථනාව කඩිනමින් ඉටුවේවා!"
"SL-PET-13638","කේ. ඒ. ලක්ෂ්මන් මහවිතාන","69*****17V","0789617239","trincomalee","2026-09-21T20:07:09.225Z",""
"SL-PET-12635","තිලකරත්න නලින්","65*****86V","0781147658","kandy","2026-09-21T20:05:42.182Z",""
"SL-PET-10862","එච්. එම්. මනෝජා ප්‍රේමචන්ද්‍ර","93*****12V","0751424811","galle","2026-09-21T20:04:00.000Z","බුද්ධ ශාසනයේ ආරක්ෂාව උදෙසා උන්වහන්සේ මුදාහරින්න."
"SL-PET-13072","එච්. එම්. මාලක කරුණාරත්න","90*****83V","0773182099","ampara","2026-09-21T20:03:37.721Z",""
"SL-PET-10589","එච්. එම්. රොෂාන් කුමාරසිංහ","19*****819","0766339297","ratnapura","2026-09-21T20:03:27.383Z","සියලු සත්වයෝ සුවපත් වෙත්වා! ඉක්මන් නිදහස පතමු."
"SL-PET-11787","පී. බී. හේමන්ත බණ්ඩාර","69*****49V","0724298695","gampaha","2026-09-21T20:02:40.558Z","බුද්ධ ශාසනයේ ආරක්ෂාව උදෙසා උන්වහන්සේ මුදාහරින්න."
"SL-PET-12410","ජීවන්ත සෙනෙවිරත්න (ජීවන්ත)","78*****12V","0721137590","kandy","2026-09-21T20:02:27.981Z",""
"SL-PET-12621","ආර්. එම්. සුපුන් වික්‍රමසිංහ","19*****271","0777757929","badulla","2026-09-21T20:02:24.492Z",""
"SL-PET-12725","පෙරේරා ලක්ෂ්මන්","19*****344","0708752273","polonnaruwa","2026-09-21T20:02:11.722Z",""
"SL-PET-11343","මනෝජා තිලකරත්න (මනෝජා)","60*****39V","0786689111","ratnapura","2026-09-21T20:01:57.306Z",""
"SL-PET-11633","පූජ්‍ය මල්වත්තේ චන්දරතන හිමි","19*****543","0714063760","ratnapura","2026-09-21T19:59:46.480Z",""
"SL-PET-12865","පී. බී. මධුෂිකා පෙරේරා","61*****33V","0703660388","kegalle","2026-09-21T19:59:12.880Z","ඥානසාර හිමියන්ට කඩිනම් ජනාධිපති සමාව ලබා දෙන්න."
"SL-PET-11431","කේ. ඒ. ජගත් දසනායක","60*****92V","0781414447","gampaha","2026-09-21T19:58:18.932Z","ත්‍රිවිධ හමුදා හා පුරවැසි ප්‍රජාවේ පූර්ණ සුභපැතුම්."
"SL-PET-12857","එච්. එම්. නිරංජලා රත්නායක","63*****38V","0701180456","kandy","2026-09-21T19:58:07.475Z",""
"SL-PET-12159","පූජ්‍ය රජවත්තේ තිස්ස හිමි","19*****849","0701808879","polonnaruwa","2026-09-21T19:58:00.479Z","සියලු සත්වයෝ සුවපත් වෙත්වා! ඉක්මන් නිදහස පතමු."
"SL-PET-11619","ආර්. එම්. සුනිල් රාජපක්ෂ","19*****246","0766875098","badulla","2026-09-21T19:57:16.703Z",""
"SL-PET-11928","වික්‍රමසිංහ වසන්ත","20*****481","0713381347","nuwaraeliya","2026-09-21T19:55:36.108Z",""
"SL-PET-13100","පී. බී. දිනූෂ විජේසූරිය","19*****747","0772245316","kalutara","2026-09-21T19:54:39.047Z",""
"SL-PET-13407","සචින් ප්‍රේමචන්ද්‍ර","19*****908","0751657864","puttalam","2026-09-21T19:53:38.982Z",""
"SL-PET-13546","දිනේෂ් සුමනසේකර","97*****29V","0756710224","colombo","2026-09-21T19:53:32.351Z",""
"SL-PET-12309","ඩබ්. එම්. සුනිල් දේවප්‍රිය","60*****69V","0718001761","gampaha","2026-09-21T19:52:32.807Z","ප්‍රජාතන්ත්‍රවාදී මහජන හඬට සවන් දෙන්න."
"SL-PET-11990","පූජ්‍ය ගංගොඩවිල ධම්මරතන හිමි","78*****98V","0756553160","gampaha","2026-09-21T19:52:22.824Z","නිරෝගී සුවය හා නිදහස ලැබේවා."
"SL-PET-13919","ආර්. එම්. රුක්මන් සුමනසේකර","99*****98V","0703612974","polonnaruwa","2026-09-21T19:51:40.750Z",""
"SL-PET-11334","පූජ්‍ය අස්ගිරියේ ඥානවිමල හිමි","85*****61V","0764968514","polonnaruwa","2026-09-21T19:50:11.111Z","සාමකාමී ශ්‍රී ලංකාවක් උදෙසා උන්වහන්සේ නිදහස් කරන්න."
"SL-PET-11996","ඩබ්. එම්. වසන්ත ගුණසේකර","66*****67V","0703645397","colombo","2026-09-21T19:49:47.734Z",""
"SL-PET-13210","දුමින්ද දේවප්‍රිය (දුමින්ද)","19*****862","0785020535","colombo","2026-09-21T19:47:38.606Z",""
"SL-PET-12325","ආර්. එම්. කුසුම් අබේසේකර","93*****22V","0764319510","colombo","2026-09-21T19:47:29.248Z","ගරු ජනාධිපතිතුමනි, කරුණාවෙන් සලකා බලන්න."
"SL-PET-11776","ආර්. එම්. ශ්‍රියානි රත්නායක","82*****86V","0726582767","ampara","2026-09-21T19:45:08.863Z",""
"SL-PET-12673","විජේරත්න උපුල්","19*****996","0752543418","overseas","2026-09-21T19:42:31.700Z","උතුම් දළදා සමිඳු පිහිටෙන් නිදහස ලැබේවා."
"SL-PET-13250","ආර්. එම්. ඉසුරු ජයවර්ධන","78*****93V","0718276188","hambantota","2026-09-21T19:42:02.423Z","ඥානසාර හිමියන්ට කඩිනම් ජනාධිපති සමාව ලබා දෙන්න."
"SL-PET-12341","පූජ්‍ය ගංගොඩවිල සීලරතන හිමි","19*****939","0784505518","kalutara","2026-09-21T19:41:57.131Z",""
"SL-PET-12377","මාලක විජේසූරිය (මාලක)","74*****28V","0728603740","puttalam","2026-09-21T19:40:41.540Z","නිරෝගී සුවය හා නිදහස ලැබේවා."
"SL-PET-10757","තිලකරත්න සංජීව","19*****263","0783828126","gampaha","2026-09-21T19:39:32.763Z",""
"SL-PET-11174","ආර්. එම්. සුනෙත්‍රා පෙරේරා","19*****628","0768534092","matale","2026-09-21T19:37:30.858Z","සමාව ලබා දී උන්වහන්සේ මුදාහරින්න."
"SL-PET-11516","කේ. ඒ. දිනේෂ් ජයසිංහ","67*****78V","0758365861","matara","2026-09-21T19:35:11.202Z","ලක්ෂ 50 ක ජනතා හඬට ඇහුම්කන් දෙන්න."
"SL-PET-12072","ආර්. එම්. සුජාතා සුමනසේකර","19*****166","0771016158","galle","2026-09-21T19:33:00.287Z",""
"SL-PET-13820","කේ. ඒ. මනෝජා හපුආරච්චි","19*****352","0751068933","colombo","2026-09-21T19:30:08.728Z",""
"SL-PET-11092","කේ. ඒ. රංජිත් ප්‍රේමචන්ද්‍ර","19*****386","0772530757","kandy","2026-09-21T19:28:22.332Z","අපගේ ආශිර්වාදය හා සහයෝගය උන්වහන්සේ සමගයි."
"SL-PET-11284","එච්. එම්. සුදර්ශනී ජයවර්ධන","19*****869","0774091732","kalutara","2026-09-21T19:28:21.109Z",""
"SL-PET-11684","චතුරංග මදුශංක (චතුරංග)","78*****69V","0767245050","kegalle","2026-09-21T19:28:20.891Z",""
"SL-PET-13914","ආර්. එම්. රොමේෂ් පතිරණ","68*****77V","0765723793","colombo","2026-09-21T19:26:50.013Z","නිරෝගී සුවය හා නිදහස ලැබේවා."
"SL-PET-13728","පී. බී. සිතුම් මඩවලගේ","19*****218","0777040676","gampaha","2026-09-21T19:25:26.474Z",""
"SL-PET-13916","පී. බී. කෞශල්‍යා කහඳගමගේ","66*****17V","0718964661","hambantota","2026-09-21T19:22:06.917Z",""
"SL-PET-13298","ඩබ්. එම්. ගයාන් ජයවර්ධන","86*****86V","0706103386","matara","2026-09-21T19:19:22.198Z",""
"SL-PET-13637","පී. බී. දිනේෂ් රණවීර","19*****396","0729445007","colombo","2026-09-21T19:18:41.892Z","ප්‍රජාතන්ත්‍රවාදී මහජන හඬට සවන් දෙන්න."
"SL-PET-10818","සංජීව හේරත් (සංජීව)","82*****13V","0787091203","nuwaraeliya","2026-09-21T19:17:51.266Z",""
"SL-PET-11528","පී. බී. ඉන්දිරා පෙරේරා","20*****871","0787746014","kegalle","2026-09-21T19:14:01.878Z",""
"SL-PET-11780","චම්පා ධර්මප්‍රිය (චම්පා)","19*****885","0788286695","kalutara","2026-09-21T19:10:28.672Z",""
"SL-PET-12132","සුපුන් විජේතුංග (සුපුන්)","19*****827","0762354169","puttalam","2026-09-21T19:10:20.407Z",""
"SL-PET-13646","රුක්මන් ජයවර්ධන (රුක්මන්)","19*****723","0709878437","gampaha","2026-09-21T19:09:05.358Z","උතුම් දළදා සමිඳු පිහිටෙන් නිදහස ලැබේවා."
"SL-PET-12802","සෝමරත්න රුවන්","76*****94V","0784517521","ratnapura","2026-09-21T19:06:34.710Z",""
"SL-PET-11860","ආර්. එම්. රංජිත් ගුණතිලක","19*****448","0725391139","kurunegala","2026-09-21T19:05:07.817Z","නිරෝගී සුවය හා නිදහස ලැබේවා."
"SL-PET-10565","ආර්. එම්. චතුරංග වසන්ත","62*****85V","0776245213","ampara","2026-09-21T19:04:56.057Z",""
"SL-PET-13016","තිස්ස දිසානායක (තිස්ස)","19*****721","0789599964","polonnaruwa","2026-09-21T19:04:31.710Z",""
"SL-PET-10552","වික්‍රමරත්න සුනෙත්‍රා","67*****52V","0712935246","anuradhapura","2026-09-21T19:04:01.088Z",""
"SL-PET-12777","සුනිල් ගුණතිලක","19*****906","0765595139","matara","2026-09-21T19:03:51.836Z",""
"SL-PET-13187","අනුරාධා විතානගේ (අනුරාධා)","19*****618","0786402655","gampaha","2026-09-21T19:02:27.331Z","පෙත්සම සාර්ථක වේවා!"
"SL-PET-10885","ආර්. එම්. දිනූෂ සේනාරත්න","20*****771","0705440754","polonnaruwa","2026-09-21T19:02:26.727Z","සාමකාමී ශ්‍රී ලංකාවක් උදෙසා උන්වහන්සේ නිදහස් කරන්න."
"SL-PET-13633","කේ. ඒ. ජගත් සේනාරත්න","19*****660","0774960996","polonnaruwa","2026-09-21T19:01:14.538Z","උතුම් දළදා සමිඳු පිහිටෙන් නිදහස ලැබේවා."
"SL-PET-12037","සුමනපාල ලක්ෂිකා","76*****65V","0781376461","hambantota","2026-09-21T18:59:58.017Z","ත්‍රිවිධ හමුදා හා පුරවැසි ප්‍රජාවේ පූර්ණ සුභපැතුම්."
"SL-PET-13258","ඩබ්. එම්. ප්‍රමෝද් විජේසිංහ","97*****88V","0754286929","badulla","2026-09-21T18:59:54.714Z",""
"SL-PET-12763","ඩබ්. එම්. මාලා කුලතුංග","19*****908","0717245138","puttalam","2026-09-21T18:59:20.582Z",""
"SL-PET-12814","ආර්. එම්. දිනූෂ මෙන්ඩිස්","93*****45V","0714918027","kandy","2026-09-21T18:56:54.393Z",""
"SL-PET-10843","චතුරංග සෙනෙවිරත්න","95*****81V","0729653353","overseas","2026-09-21T18:56:49.635Z",""
"SL-PET-11634","පූජ්‍ය කුරුණෑගල ඥානවිමල හිමි","82*****18V","0729063252","anuradhapura","2026-09-21T18:56:01.699Z",""
"SL-PET-12379","චම්පා ලියනගේ","86*****17V","0725654957","polonnaruwa","2026-09-21T18:55:05.689Z",""
"SL-PET-11228","ගයාන් ආටිගල (ගයාන්)","71*****30V","0767989163","kalutara","2026-09-21T18:54:45.742Z","ත්‍රිවිධ හමුදා හා පුරවැසි ප්‍රජාවේ පූර්ණ සුභපැතුම්."
"SL-PET-12298","පී. බී. ප්‍රදීප් ප්‍රනාන්දු","19*****149","0757578635","anuradhapura","2026-09-21T18:54:29.540Z",""
"SL-PET-10611","විජේතුංග දිනුෂිකා","80*****33V","0708653807","kurunegala","2026-09-21T18:54:27.763Z",""
"SL-PET-11541","කුමාරසිංහ කෙවින්","91*****81V","0727965599","hambantota","2026-09-21T18:54:17.196Z",""
"SL-PET-12393","කේ. ඒ. මහින්ද විජේමාන්න","19*****387","0766184390","kandy","2026-09-21T18:53:43.623Z",""
"SL-PET-11118","හර්ෂ දසනායක","87*****58V","0715312675","kurunegala","2026-09-21T18:52:33.843Z",""
"SL-PET-13162","කේ. ඒ. සන්ධ්‍යා පතිරණ","63*****61V","0771124993","kurunegala","2026-09-21T18:48:31.799Z","රට ජාතිය ආගම වෙනුවෙන් හඬක් නැගූ හිමියන්ට නිදහස ලැබේවා."
"SL-PET-13320","මනෝජ් වසන්ත","63*****18V","0714491351","anuradhapura","2026-09-21T18:46:32.846Z",""
"SL-PET-11457","ප්‍රදීප් අතුකෝරල (ප්‍රදීප්)","64*****35V","0772835656","anuradhapura","2026-09-21T18:45:58.391Z",""
"SL-PET-12781","ඩබ්. එම්. සුපුන් රණවීර","63*****82V","0713988021","gampaha","2026-09-21T18:43:34.980Z","රට ජාතිය ආගම වෙනුවෙන් හඬක් නැගූ හිමියන්ට නිදහස ලැබේවා."
"SL-PET-13088","ඩබ්. එම්. අනෝජ් ජයසිංහ","60*****96V","0781681724","ampara","2026-09-21T18:42:30.734Z",""
"SL-PET-13071","අතුරලියේ ඥානවිමල හිමි","92*****12V","0776870590","colombo","2026-09-21T18:40:52.984Z",""
"SL-PET-13294","ආර්. එම්. සුනේත්‍රා විජේරත්න","19*****404","0727021785","monaragala","2026-09-21T18:40:49.992Z",""
"SL-PET-11465","එච්. එම්. මනෝජා ගුණතිලක","94*****25V","0764760432","ampara","2026-09-21T18:38:16.260Z","ලක්ෂ 50 ක ජනතා හඬට ඇහුම්කන් දෙන්න."
"SL-PET-11703","එච්. එම්. මධුෂිකා කුලතුංග","63*****65V","0765823511","polonnaruwa","2026-09-21T18:37:00.412Z","ඥානසාර හිමියන්ට කඩිනම් ජනාධිපති සමාව ලබා දෙන්න."
"SL-PET-10544","ඩබ්. එම්. උදාරි ධර්මප්‍රිය","81*****47V","0764198089","gampaha","2026-09-21T18:36:29.135Z",""
"SL-PET-10922","පී. බී. දිල්හානි මෙන්ඩිස්","19*****297","0722592557","polonnaruwa","2026-09-21T18:35:31.041Z",""
"SL-PET-12579","පී. බී. මහේෂ් පතිරණ","80*****90V","0724020145","kalutara","2026-09-21T18:34:53.660Z",""
"SL-PET-10525","කේ. ඒ. මහේෂ් සෙනෙවිරත්න","94*****20V","0715575414","colombo","2026-09-21T18:34:06.360Z",""
"SL-PET-11933","සරත් බණ්ඩාර","91*****48V","0781450393","colombo","2026-09-21T18:32:47.773Z",""
"SL-PET-13151","රුචිරා හේරත් (රුචිරා)","19*****244","0777671121","badulla","2026-09-21T18:32:30.515Z","සාමකාමී ශ්‍රී ලංකාවක් උදෙසා උන්වහන්සේ නිදහස් කරන්න."
"SL-PET-11833","කේ. ඒ. වසන්ත විජේසිංහ","77*****11V","0704846955","galle","2026-09-21T18:31:51.596Z",""
"SL-PET-10839","ඩබ්. එම්. නිහාල් ප්‍රනාන්දු","95*****91V","0778308283","galle","2026-09-21T18:28:59.851Z","පෙත්සම සාර්ථක වේවා!"
"SL-PET-10858","පී. බී. ප්‍රදීප් රණවීර","90*****39V","0759740688","anuradhapura","2026-09-21T18:28:55.220Z",""
"SL-PET-11545","මෙන්ඩිස් රොෂාන්","77*****88V","0751106110","anuradhapura","2026-09-21T18:28:33.829Z",""
"SL-PET-12503","ඩබ්. එම්. චම්පා ප්‍රනාන්දු","77*****35V","0729113215","monaragala","2026-09-21T18:26:37.185Z",""
"SL-PET-13888","ආර්. එම්. කෞශල්‍යා ධර්මප්‍රිය","76*****68V","0757238935","gampaha","2026-09-21T18:25:14.700Z",""
"SL-PET-10930","ඩබ්. එම්. ජනක සෙනෙවිරත්න","94*****83V","0759242058","trincomalee","2026-09-21T18:25:00.033Z",""
"SL-PET-11504","කේ. ඒ. උදාරි රත්නායක","69*****45V","0756644275","polonnaruwa","2026-09-21T18:23:46.429Z",""
"SL-PET-12844","පූජ්‍ය කොටුගොඩ ඥානවිමල හිමි","67*****79V","0773969638","matale","2026-09-21T18:22:48.412Z","උතුම් දළදා සමිඳු පිහිටෙන් නිදහස ලැබේවා."
"SL-PET-13737","කේ. ඒ. අතුල විතානගේ","19*****635","0785492092","matara","2026-09-21T18:22:24.403Z",""
"SL-PET-12084","දේවප්‍රිය වසන්ති","64*****91V","0728493840","nuwaraeliya","2026-09-21T18:21:42.094Z","අපේ ප්‍රාර්ථනාව කඩිනමින් ඉටුවේවා!"
"SL-PET-11388","සිල්වා හේමන්ත","91*****66V","0769469357","badulla","2026-09-21T18:20:45.835Z","සාමකාමී ශ්‍රී ලංකාවක් උදෙසා උන්වහන්සේ නිදහස් කරන්න."
"SL-PET-11233","ඩබ්. එම්. ජගත් කරුණාරත්න","63*****43V","0716880895","matale","2026-09-21T18:20:16.394Z",""
"SL-PET-12863","ඩබ්. එම්. සුජාතා මඩවලගේ","20*****336","0776528525","matale","2026-09-21T18:18:24.086Z","ප්‍රජාතන්ත්‍රවාදී මහජන හඬට සවන් දෙන්න."
"SL-PET-11877","ආර්. එම්. ලක්ෂිකා මාරසිංහ","92*****76V","0769638016","anuradhapura","2026-09-21T18:18:04.313Z",""
"SL-PET-13818","රුක්මන් සෙනෙවිරත්න","75*****52V","0724865196","hambantota","2026-09-21T18:17:23.914Z","නිරෝගී සුවය හා නිදහස ලැබේවා."
"SL-PET-12440","සමිත ආටිගල (සමිත)","80*****53V","0703013386","kandy","2026-09-21T18:17:18.516Z","ලක්ෂ 50 ක ජනතා හඬට ඇහුම්කන් දෙන්න."
"SL-PET-13051","ඩබ්. එම්. මධුෂිකා රණසිංහ","93*****51V","0786495045","ratnapura","2026-09-21T18:15:15.385Z",""
"SL-PET-11834","පූජ්‍ය ගංගොඩවිල ධම්මජෝති හිමි","62*****74V","0724088209","matara","2026-09-21T18:14:04.366Z","ත්‍රිවිධ හමුදා හා පුරවැසි ප්‍රජාවේ පූර්ණ සුභපැතුම්."
"SL-PET-13343","එච්. එම්. කුෂාන් රාජපක්ෂ","19*****494","0787428271","anuradhapura","2026-09-21T18:13:05.141Z",""
"SL-PET-13069","කේ. ඒ. සම්පත් දසනායක","67*****81V","0711062899","colombo","2026-09-21T18:12:29.337Z","අධිකරණ තීන්දුවලට ගරු කරමින්ම ජනාධිපති සමාව අයදිමු."
"SL-PET-12471","ඩබ්. එම්. හර්ෂ දිසානායක","65*****57V","0788202781","polonnaruwa","2026-09-21T18:08:48.747Z",""
"SL-PET-13724","හේරත් අනෝජ්","19*****180","0706698326","kurunegala","2026-09-21T18:08:26.382Z",""
"SL-PET-13863","ධර්මප්‍රිය චාන්දනී","89*****95V","0727281151","galle","2026-09-21T18:08:16.953Z","ත්‍රිවිධ හමුදා හා පුරවැසි ප්‍රජාවේ පූර්ණ සුභපැතුම්."
"SL-PET-12932","පූජ්‍ය ගංගොඩවිල සුමංගල හිමි","70*****48V","0702050852","kurunegala","2026-09-21T18:08:15.408Z","අධිකරණ තීන්දුවලට ගරු කරමින්ම ජනාධිපති සමාව අයදිමු."
"SL-PET-13858","පී. බී. අමිල විජේමාන්න","20*****354","0786061317","kandy","2026-09-21T18:07:14.902Z","ඥානසාර හිමියන්ට කඩිනම් ජනාධිපති සමාව ලබා දෙන්න."
"SL-PET-13485","පී. බී. සම්පත් වික්‍රමරත්න","74*****46V","0782879397","polonnaruwa","2026-09-21T18:05:47.120Z","නිරෝගී සුවය හා නිදහස ලැබේවා."
"SL-PET-11126","කෙවින් සේනාරත්න","19*****208","0729397498","trincomalee","2026-09-21T18:04:40.459Z","අපේ පූර්ණ සහයෝගය පෙත්සමට හිමිවේ."
"SL-PET-11199","තිලකරත්න ඉසුරු","80*****73V","0761802447","ratnapura","2026-09-21T18:01:34.816Z",""
"SL-PET-13544","පූජ්‍ය මාදුළුවාවේ චන්දරතන හිමි","96*****31V","0776154744","galle","2026-09-21T18:01:32.275Z",""
"SL-PET-13164","ප්‍රේමරත්න ගුණතිලක","19*****566","0709532547","anuradhapura","2026-09-21T17:59:10.960Z","ප්‍රජාතන්ත්‍රවාදී මහජන හඬට සවන් දෙන්න."
"SL-PET-10700","පූජ්‍ය තිස්සමහාරාමයේ සුමන හිමි","19*****909","0774861953","kegalle","2026-09-21T17:58:43.690Z","රට ජාතිය ආගම වෙනුවෙන් හඬක් නැගූ හිමියන්ට නිදහස ලැබේවා."
"SL-PET-12459","කේ. ඒ. නුවන් අබේසේකර","69*****84V","0729863122","kurunegala","2026-09-21T17:58:37.350Z","ඥානසාර හිමියන්ට කඩිනම් ජනාධිපති සමාව ලබා දෙන්න."
"SL-PET-10632","ඩබ්. එම්. නිරංජලා ධර්මප්‍රිය","19*****372","0715156345","galle","2026-09-21T17:58:37.190Z",""
"SL-PET-10913","පූජ්‍ය රත්නපුරේ ධම්මදින්න හිමි","19*****563","0703533389","polonnaruwa","2026-09-21T17:55:22.731Z",""
"SL-PET-12493","ආර්. එම්. උදාරි ගුණතිලක","19*****956","0764599672","galle","2026-09-21T17:55:00.903Z","උතුම් දළදා සමිඳු පිහිටෙන් නිදහස ලැබේවා."
"SL-PET-12481","කේ. ඒ. හේමන්ත ජයසිංහ","19*****794","0753630536","nuwaraeliya","2026-09-21T17:53:39.695Z","අපේ පූර්ණ සහයෝගය පෙත්සමට හිමිවේ."
"SL-PET-11856","නිලන්ති ප්‍රනාන්දු","65*****29V","0789739047","galle","2026-09-21T17:52:28.905Z",""
"SL-PET-13043","ප්‍රේමචන්ද්‍ර කුෂාන්","86*****53V","0721144822","hambantota","2026-09-21T17:52:06.882Z",""
"SL-PET-11645","අනෝජ් වික්‍රමසිංහ","77*****77V","0716948427","anuradhapura","2026-09-21T17:51:05.463Z","රට ජාතිය ආගම වෙනුවෙන් හඬක් නැගූ හිමියන්ට නිදහස ලැබේවා."
"SL-PET-13748","පී. බී. රොමේෂ් සුමනසේකර","19*****961","0768078734","ratnapura","2026-09-21T17:50:57.053Z",""
"SL-PET-12313","ඩබ්. එම්. චමින්ද දේවප්‍රිය","66*****38V","0771866670","anuradhapura","2026-09-21T17:49:58.571Z",""
"SL-PET-12733","බෙල්ලන්විල පියරතන හිමි","61*****72V","0705255785","monaragala","2026-09-21T17:48:44.787Z",""
"SL-PET-11862","පී. බී. ජගත් දිසානායක","60*****28V","0784315081","kandy","2026-09-21T17:47:43.756Z","රට ජාතිය ආගම වෙනුවෙන් හඬක් නැගූ හිමියන්ට නිදහස ලැබේවා."
"SL-PET-13713","ඩබ්. එම්. හිරුණි කුමාරසිංහ","96*****58V","0789152516","ratnapura","2026-09-21T17:46:11.375Z",""
"SL-PET-12310","ආර්. එම්. නලින් සුමනපාල","62*****87V","0725431260","kandy","2026-09-21T17:45:19.338Z",""
"SL-PET-10887","කේ. ඒ. නිහාල් දැදිගම","19*****984","0708195776","gampaha","2026-09-21T17:44:39.512Z","අපේ ප්‍රාර්ථනාව කඩිනමින් ඉටුවේවා!"
"SL-PET-12582","මාලා දැදිගම (මාලා)","94*****57V","0705407993","colombo","2026-09-21T17:43:28.481Z",""
"SL-PET-12670","ආර්. එම්. ඉසුරු කරුණාරත්න","66*****60V","0758786472","ratnapura","2026-09-21T17:40:36.937Z",""
"SL-PET-13725","පී. බී. ජගත් පෙරේරා","64*****85V","0714671625","matara","2026-09-21T17:40:10.170Z",""
"SL-PET-13824","ප්‍රේමරත්න ඉලංගකෝන් (ප්‍රේමරත්න)","20*****947","0784527030","anuradhapura","2026-09-21T17:39:57.412Z","අපේ පූර්ණ සහයෝගය පෙත්සමට හිමිවේ."
"SL-PET-12026","රුක්මන් ගුණසේකර","19*****478","0786923753","kandy","2026-09-21T17:39:48.197Z",""
"SL-PET-12891","ඩබ්. එම්. උදාරි රණවීර","19*****448","0729894204","trincomalee","2026-09-21T17:38:52.225Z","නිරෝගී සුවය හා නිදහස ලැබේවා."
"SL-PET-13196","ආර්. එම්. රුවන් ජයසිංහ","19*****303","0707049692","matara","2026-09-21T17:37:08.705Z",""
"SL-PET-12214","ආර්. එම්. කුමුදු සෙනෙවිරත්න","20*****981","0714745404","kalutara","2026-09-21T17:36:14.960Z",""
"SL-PET-11010","මධුෂිකා දිසානායක (මධුෂිකා)","64*****95V","0707948492","galle","2026-09-21T17:35:50.423Z",""
"SL-PET-12928","එච්. එම්. සදුනි කරුණාරත්න","76*****58V","0719260671","hambantota","2026-09-21T17:35:05.424Z",""
"SL-PET-13688","කේ. ඒ. ජගත් විජේසිංහ","19*****733","0725458615","monaragala","2026-09-21T17:34:40.666Z",""
"SL-PET-10870","කේ. ඒ. රංජිත් කරුණාරත්න","78*****74V","0715344167","matale","2026-09-21T17:32:20.771Z","ගරු ජනාධිපතිතුමනි, කරුණාවෙන් සලකා බලන්න."
"SL-PET-13348","පී. බී. සුනිල් ගුණතිලක","70*****82V","0701253803","kandy","2026-09-21T17:29:02.669Z",""
"SL-PET-12101","ආර්. එම්. හේමන්ත අතුකෝරල","61*****56V","0765795926","galle","2026-09-21T17:26:20.033Z",""
"SL-PET-10711","පී. බී. ජනක ඉලංගකෝන්","19*****692","0724340439","trincomalee","2026-09-21T17:26:14.359Z",""
"SL-PET-13599","කේ. ඒ. රොමේෂ් ආටිගල","82*****32V","0711850169","badulla","2026-09-21T17:26:05.953Z",""
"SL-PET-12671","එච්. එම්. රුචිරා මඩවලගේ","19*****294","0703139044","overseas","2026-09-21T17:25:24.503Z",""
"SL-PET-12765","අතුරලියේ ඥානවිමල හිමි","20*****932","0778313530","trincomalee","2026-09-21T17:22:03.426Z",""
"SL-PET-13136","සුපුන් කරුණාරත්න (සුපුන්)","19*****106","0716138095","kurunegala","2026-09-21T17:20:32.878Z","ප්‍රජාතන්ත්‍රවාදී මහජන හඬට සවන් දෙන්න."
"SL-PET-11674","ඩබ්. එම්. ප්‍රමෝද් මදුශංක","76*****75V","0782831937","polonnaruwa","2026-09-21T17:19:45.067Z",""
"SL-PET-10938","මෙන්ඩිස් සන්ධ්‍යා","19*****950","0721180732","trincomalee","2026-09-21T17:19:39.759Z",""
"SL-PET-11095","එච්. එම්. සන්ධ්‍යා සේනාරත්න","65*****15V","0757736563","colombo","2026-09-21T17:17:04.328Z",""
"SL-PET-12675","ඩබ්. එම්. ශිරාන් හේරත්","61*****28V","0751100926","gampaha","2026-09-21T17:16:49.672Z",""
"SL-PET-12779","වසන්ත දැදිගම (වසන්ත)","19*****600","0704714196","kegalle","2026-09-21T17:16:27.498Z",""
"SL-PET-12408","එච්. එම්. අනෝමා විජේතුංග","19*****595","0773728037","nuwaraeliya","2026-09-21T17:14:02.962Z","උතුම් දළදා සමිඳු පිහිටෙන් නිදහස ලැබේවා."
"SL-PET-11325","ගයාන් මඩවලගේ","83*****95V","0766050085","hambantota","2026-09-21T17:12:29.927Z",""
"SL-PET-11297","කේ. ඒ. සම්පත් විජේමාන්න","19*****585","0752310043","trincomalee","2026-09-21T17:11:49.052Z",""
"SL-PET-11168","එච්. එම්. දර්ශන විජේරත්න","90*****76V","0718847882","ratnapura","2026-09-21T17:11:25.066Z",""
"SL-PET-10969","සුමනසේකර මනෝජා","19*****168","0767617185","kandy","2026-09-21T17:11:24.261Z","ඥානසාර හිමියන්ට කඩිනම් ජනාධිපති සමාව ලබා දෙන්න."
"SL-PET-13091","ආර්. එම්. ජගත් ජයසිංහ","19*****855","0764826513","hambantota","2026-09-21T17:10:47.613Z",""
"SL-PET-11836","පී. බී. රවින්ද්‍ර දැදිගම","81*****72V","0772706154","kurunegala","2026-09-21T17:07:22.142Z",""
"SL-PET-11230","කේ. ඒ. මහේෂ් ඉලංගකෝන්","86*****33V","0721036225","matale","2026-09-21T17:07:02.713Z",""
"SL-PET-12397","කුමාර සෝමරත්න","63*****68V","0755330551","hambantota","2026-09-21T17:06:38.909Z","අපේ පූර්ණ සහයෝගය පෙත්සමට හිමිවේ."
"SL-PET-12119","විජේසිංහ කෞශල්‍යා","20*****463","0708065031","monaragala","2026-09-21T17:04:59.579Z","සමාව ලබා දී උන්වහන්සේ මුදාහරින්න."
"SL-PET-13522","කුමාර රණසිංහ (කුමාර)","62*****42V","0778575900","anuradhapura","2026-09-21T17:01:13.086Z",""
"SL-PET-12265","සමරසේකර තිලක්","19*****628","0774931350","colombo","2026-09-21T16:59:59.220Z","අපගේ ආශිර්වාදය හා සහයෝගය උන්වහන්සේ සමගයි."
"SL-PET-12126","පූජ්‍ය මල්වත්තේ පඤ්ඤානන්ද හිමි","88*****89V","0789044147","matara","2026-09-21T16:58:54.907Z","අධිකරණ තීන්දුවලට ගරු කරමින්ම ජනාධිපති සමාව අයදිමු."
"SL-PET-11062","ලියනගේ මාලක","78*****29V","0786193572","overseas","2026-09-21T16:58:53.730Z",""
"SL-PET-10828","සුදර්ශනී අතුකෝරල (සුදර්ශනී)","91*****12V","0788815647","colombo","2026-09-21T16:58:32.197Z","ලක්ෂ 50 ක ජනතා හඬට ඇහුම්කන් දෙන්න."
"SL-PET-11920","ඩබ්. එම්. සනත් පෙරේරා","65*****37V","0717710500","ratnapura","2026-09-21T16:55:10.631Z",""
"SL-PET-11704","කේ. ඒ. මහින්ද සුමනපාල","94*****99V","0778268849","anuradhapura","2026-09-21T16:50:40.139Z","සාමකාමී ශ්‍රී ලංකාවක් උදෙසා උන්වහන්සේ නිදහස් කරන්න."
"SL-PET-13192","එච්. එම්. තරිඳු කරුණාරත්න","85*****36V","0718289287","gampaha","2026-09-21T16:50:11.374Z","රට ජාතිය ආගම වෙනුවෙන් හඬක් නැගූ හිමියන්ට නිදහස ලැබේවා."
"SL-PET-11394","කේ. ඒ. කුමාර සුමනසේකර","91*****16V","0722491834","ratnapura","2026-09-21T16:48:09.479Z","රට ජාතිය ආගම වෙනුවෙන් හඬක් නැගූ හිමියන්ට නිදහස ලැබේවා."
"SL-PET-11944","ආර්. එම්. තිස්ස මාරසිංහ","20*****445","0773781217","colombo","2026-09-21T16:46:34.340Z",""
"SL-PET-13636","සුජාතා සමරසේකර (සුජාතා)","19*****766","0729576820","gampaha","2026-09-21T16:46:09.811Z","අපේ ප්‍රාර්ථනාව කඩිනමින් ඉටුවේවා!"
"SL-PET-10633","දීපිකා ජයසිංහ","61*****91V","0768930721","matale","2026-09-21T16:44:49.566Z","අපගේ ආශිර්වාදය හා සහයෝගය උන්වහන්සේ සමගයි."
"SL-PET-11978","අතුකෝරල නලින්","92*****88V","0764397934","ratnapura","2026-09-21T16:43:26.610Z",""
"SL-PET-13170","එච්. එම්. මල්කාන්ති ධර්මප්‍රිය","70*****14V","0763988555","kurunegala","2026-09-21T16:42:32.394Z",""
"SL-PET-13436","තිසර මද්දුමගේ","19*****653","0721827669","matale","2026-09-21T16:41:47.117Z",""
"SL-PET-13738","පී. බී. ධම්මික ගුණතිලක","19*****104","0755746679","polonnaruwa","2026-09-21T16:41:05.001Z",""
"SL-PET-11769","නවරත්න අමිල","20*****354","0761878904","colombo","2026-09-21T16:40:19.675Z",""
"SL-PET-10635","එච්. එම්. ජනක විජේරත්න","70*****83V","0786953925","monaragala","2026-09-21T16:39:31.378Z",""
"SL-PET-11646","මෙන්ඩිස් රුචිරා","83*****36V","0788859508","galle","2026-09-21T16:37:40.615Z","අපේ ප්‍රාර්ථනාව කඩිනමින් ඉටුවේවා!"
"SL-PET-12533","ඩබ්. එම්. රංජිත් සුමනසේකර","19*****370","0787743371","badulla","2026-09-21T16:36:29.515Z",""
"SL-PET-12676","ආර්. එම්. හේමන්ත නවරත්න","68*****45V","0779845514","gampaha","2026-09-21T16:28:20.978Z",""
"SL-PET-13535","පී. බී. තිලක් සිරිවර්ධන","90*****75V","0772566215","ratnapura","2026-09-21T16:25:23.460Z",""
"SL-PET-13695","පූජ්‍ය බදුල්ලේ පියරතන හිමි","19*****221","0767267613","ampara","2026-09-21T16:23:15.338Z",""
"SL-PET-12402","තිළිණ සිරිවර්ධන","99*****36V","0757457102","polonnaruwa","2026-09-21T16:19:38.090Z","පෙත්සම සාර්ථක වේවා!"
"SL-PET-10725","ආර්. එම්. ලක්ෂ්මන් සුමනපාල","19*****929","0775855664","overseas","2026-09-21T16:16:56.135Z",""
"SL-PET-10704","පී. බී. මහින්ද සිල්වා","89*****43V","0758610440","colombo","2026-09-21T16:14:09.273Z","පෙත්සම සාර්ථක වේවා!"
"SL-PET-13085","කේ. ඒ. බුද්ධික රත්නායක","99*****84V","0721886184","kegalle","2026-09-21T16:10:07.607Z",""
"SL-PET-12820","කේ. ඒ. අමිල හේරත්","89*****53V","0781191337","kegalle","2026-09-21T16:06:06.086Z",""
"SL-PET-12925","රංජිත් ගුණසේකර (රංජිත්)","20*****198","0763772980","monaragala","2026-09-21T16:05:56.286Z",""
"SL-PET-13142","අබේසේකර ජගත්","19*****456","0776857638","kalutara","2026-09-21T16:03:38.795Z","නිරෝගී සුවය හා නිදහස ලැබේවා."
"SL-PET-12443","නලින් ආටිගල","96*****11V","0785708346","puttalam","2026-09-21T16:00:57.577Z",""
"SL-PET-11147","එච්. එම්. තිළිණ රණසිංහ","71*****40V","0702552691","colombo","2026-09-21T15:58:54.656Z",""
"SL-PET-12927","මහේෂ් හපුආරච්චි (මහේෂ්)","65*****66V","0774429267","badulla","2026-09-21T15:58:50.573Z",""
"SL-PET-12747","කේ. ඒ. මහේෂ් සුමනපාල","93*****43V","0728300244","puttalam","2026-09-21T15:58:08.138Z","සාධාරණත්වය ඉටු කරන්න."
"SL-PET-13316","ඩබ්. එම්. නයනා ජයසිංහ","19*****311","0776046561","gampaha","2026-09-21T15:56:32.475Z",""
"SL-PET-13813","ආර්. එම්. සචින් පතිරණ","70*****94V","0777761079","gampaha","2026-09-21T15:55:12.635Z",""
"SL-PET-11406","පී. බී. සුනෙත්‍රා දසනායක","82*****22V","0777579431","galle","2026-09-21T15:54:28.989Z",""
"SL-PET-11537","ආර්. එම්. අනුරාධා මාරසිංහ","20*****128","0769333943","anuradhapura","2026-09-21T15:54:09.714Z",""
"SL-PET-13008","එච්. එම්. නිරංජලා සමරසේකර","62*****34V","0701376042","anuradhapura","2026-09-21T15:53:24.602Z",""
"SL-PET-12871","ආර්. එම්. ප්‍රේමරත්න අබේසේකර","20*****947","0715551536","kandy","2026-09-21T15:51:21.808Z","අපගේ ආශිර්වාදය හා සහයෝගය උන්වහන්සේ සමගයි."
"SL-PET-13121","ආර්. එම්. කෙවින් අතුකෝරල","62*****70V","0728681536","gampaha","2026-09-21T15:45:03.087Z",""
"SL-PET-13319","ආර්. එම්. සරත් ප්‍රේමචන්ද්‍ර","20*****285","0777559775","overseas","2026-09-21T15:44:10.532Z","රට ජාතිය ආගම වෙනුවෙන් හඬක් නැගූ හිමියන්ට නිදහස ලැබේවා."
"SL-PET-11486","අනෝමා රාජපක්ෂ","19*****941","0769003263","ratnapura","2026-09-21T15:44:00.160Z",""
"SL-PET-12196","දිනූෂ ප්‍රනාන්දු (දිනූෂ)","19*****859","0755832435","ampara","2026-09-21T15:42:52.730Z","සාමකාමී ශ්‍රී ලංකාවක් උදෙසා උන්වහන්සේ නිදහස් කරන්න."
"SL-PET-13090","පූජ්‍ය කොටුගොඩ සීලරතන හිමි","75*****75V","0789454893","monaragala","2026-09-21T15:42:07.857Z",""
"SL-PET-12179","පී. බී. සරත් පතිරණ","19*****763","0785040692","galle","2026-09-21T15:39:19.699Z",""
"SL-PET-12054","ආර්. එම්. නුවන් ප්‍රනාන්දු","91*****13V","0774278330","anuradhapura","2026-09-21T15:38:53.985Z",""
"SL-PET-13102","ආර්. එම්. අමිල දිසානායක","79*****17V","0768146969","ratnapura","2026-09-21T15:38:24.321Z","සාධාරණත්වය ඉටු කරන්න."
"SL-PET-10782","ඩබ්. එම්. දිනුෂිකා දැදිගම","19*****342","0777918198","kalutara","2026-09-21T15:35:56.137Z",""
"SL-PET-13025","කසුන් විජේසිංහ","19*****812","0714845009","galle","2026-09-21T15:35:45.317Z",""
"SL-PET-13005","රොෂාන් මද්දුමගේ (රොෂාන්)","95*****70V","0715360521","matara","2026-09-21T15:34:22.420Z","පෙත්සම සාර්ථක වේවා!"
"SL-PET-12267","තිලක් විජේරත්න","19*****911","0718558959","kalutara","2026-09-21T15:32:38.134Z",""
"SL-PET-11292","වසන්ත විජේතුංග","84*****14V","0717382334","kurunegala","2026-09-21T15:32:35.073Z",""
"SL-PET-10949","ආර්. එම්. සම්පත් ගුණතිලක","86*****90V","0701456911","ratnapura","2026-09-21T15:30:27.739Z",""
"SL-PET-12769","පූජ්‍ය නාරද සුමන හිමි","97*****32V","0709152564","polonnaruwa","2026-09-21T15:29:13.957Z","අධිකරණ තීන්දුවලට ගරු කරමින්ම ජනාධිපති සමාව අයදිමු."
"SL-PET-11680","එච්. එම්. හිරුණි මෙන්ඩිස්","63*****10V","0752288830","kandy","2026-09-21T15:28:29.650Z",""
"SL-PET-12778","එච්. එම්. ගයාන් කුලතුංග","19*****110","0702621863","colombo","2026-09-21T15:28:04.118Z",""
"SL-PET-13368","ආර්. එම්. සම්පත් ඉලංගකෝන්","98*****57V","0726317972","ampara","2026-09-21T15:26:15.333Z",""
"SL-PET-11345","එච්. එම්. රොෂාන් කළුවිතාරණ","82*****57V","0769776354","kandy","2026-09-21T15:26:06.676Z",""
"SL-PET-12515","පී. බී. මහේෂ් සිල්වා","96*****80V","0718382376","colombo","2026-09-21T15:24:40.263Z","ත්‍රිවිධ හමුදා හා පුරවැසි ප්‍රජාවේ පූර්ණ සුභපැතුම්."
"SL-PET-13621","පී. බී. මහින්ද ලියනගේ","78*****55V","0763343955","ratnapura","2026-09-21T15:24:18.391Z","අපේ ප්‍රාර්ථනාව කඩිනමින් ඉටුවේවා!"
"SL-PET-12580","පූජ්‍ය අනුරාධපුර ධම්මදින්න හිමි","19*****994","0705153462","matale","2026-09-21T15:22:25.834Z","අපේ පූර්ණ සහයෝගය පෙත්සමට හිමිවේ."
"SL-PET-13677","ආර්. එම්. නිරෝෂා සෝමරත්න","20*****584","0789629334","ratnapura","2026-09-21T15:20:52.104Z",""
"SL-PET-12541","ඩබ්. එම්. කුමුදු මදුශංක","19*****532","0789823516","colombo","2026-09-21T15:18:45.240Z",""
"SL-PET-11778","ආර්. එම්. සුනිල් හපුආරච්චි","78*****70V","0756100113","nuwaraeliya","2026-09-21T15:16:22.120Z",""
"SL-PET-12691","මාලක ආටිගල","60*****22V","0769246960","polonnaruwa","2026-09-21T15:15:23.978Z",""
"SL-PET-11086","ඩබ්. එම්. චාන්දනී විජේතුංග","19*****453","0772219953","polonnaruwa","2026-09-21T15:15:17.728Z",""
"SL-PET-12753","ඩබ්. එම්. මහින්ද දැදිගම","19*****552","0724536445","kurunegala","2026-09-21T15:14:22.371Z","ලක්ෂ 50 ක ජනතා හඬට ඇහුම්කන් දෙන්න."
"SL-PET-13597","තරිඳු රණවීර","69*****46V","0701384283","galle","2026-09-21T15:12:57.557Z",""
"SL-PET-13697","පී. බී. උදාරි රණවීර","90*****32V","0722452859","badulla","2026-09-21T15:12:44.226Z",""
"SL-PET-12903","පූජ්‍ය කුරුණෑගල ඥානාලෝක හිමි","88*****81V","0774516774","ratnapura","2026-09-21T15:11:23.689Z",""
"SL-PET-11356","වසන්ත ඉසුරු","78*****97V","0756312393","colombo","2026-09-21T15:11:22.211Z",""
"SL-PET-11085","එච්. එම්. දිල්හානි දසනායක","67*****57V","0702966087","kurunegala","2026-09-21T15:06:10.868Z",""
"SL-PET-12421","ආර්. එම්. කුමාර කහඳගමගේ","91*****66V","0777225281","polonnaruwa","2026-09-21T15:06:02.835Z","අධිකරණ තීන්දුවලට ගරු කරමින්ම ජනාධිපති සමාව අයදිමු."
"SL-PET-12413","ඩබ්. එම්. ලක්ෂ්මන් මදුශංක","67*****87V","0711136381","polonnaruwa","2026-09-21T15:02:48.933Z",""
"SL-PET-11558","පී. බී. සන්ධ්‍යා ප්‍රේමචන්ද්‍ර","97*****11V","0714833816","puttalam","2026-09-21T15:00:54.737Z","අපේ ප්‍රාර්ථනාව කඩිනමින් ඉටුවේවා!"
"SL-PET-11375","පූජ්‍ය රත්නපුරේ ධම්මජෝති හිමි","68*****88V","0729539035","galle","2026-09-21T14:59:20.725Z","ලක්ෂ 50 ක ජනතා හඬට ඇහුම්කන් දෙන්න."
"SL-PET-11604","එච්. එම්. රේණුකා වසන්ත","82*****87V","0788994153","matara","2026-09-21T14:57:16.800Z",""
"SL-PET-12029","ඩබ්. එම්. චම්පා වික්‍රමරත්න","86*****74V","0709341903","colombo","2026-09-21T14:57:01.534Z",""
"SL-PET-12660","දීපිකා කහඳගමගේ","78*****32V","0775738428","colombo","2026-09-21T14:56:34.190Z","පෙත්සම සාර්ථක වේවා!"
"SL-PET-11512","පූජ්‍ය නාරද ධම්මජෝති හිමි","98*****89V","0777633182","polonnaruwa","2026-09-21T14:55:28.112Z","පෙත්සම සාර්ථක වේවා!"
"SL-PET-11180","කුමුදුනී මෙන්ඩිස්","86*****71V","0772979490","kurunegala","2026-09-21T14:53:08.624Z",""
"SL-PET-13649","ආර්. එම්. වසන්ත දසනායක","76*****29V","0761378521","gampaha","2026-09-21T14:52:36.393Z","ගරු ජනාධිපතිතුමනි, කරුණාවෙන් සලකා බලන්න."
"SL-PET-11631","තක්ෂිලා කහඳගමගේ","19*****651","0754563198","kandy","2026-09-21T14:51:46.001Z",""
"SL-PET-11204","සේනාරත්න ශිරාන්","91*****94V","0768042259","hambantota","2026-09-21T14:48:22.933Z",""
"SL-PET-11710","පූජ්‍ය රජවත්තේ ධම්මරක්ඛිත හිමි","19*****365","0701080116","hambantota","2026-09-21T14:46:19.419Z",""
"SL-PET-13517","මහේෂ් සිල්වා (මහේෂ්)","87*****77V","0767419322","matara","2026-09-21T14:46:02.729Z",""
"SL-PET-13661","කේ. ඒ. අතුල ප්‍රේමචන්ද්‍ර","98*****56V","0764586286","kalutara","2026-09-21T14:45:27.136Z","ඥානසාර හිමියන්ට කඩිනම් ජනාධිපති සමාව ලබා දෙන්න."
"SL-PET-12457","ආර්. එම්. ගයාන් හපුආරච්චි","77*****17V","0756988507","kurunegala","2026-09-21T14:44:52.265Z",""
"SL-PET-11696","මදුශංක ලක්ෂිකා","70*****61V","0727974248","badulla","2026-09-21T14:40:49.180Z",""
"SL-PET-11166","ඩබ්. එම්. ශ්‍රියානි විජේරත්න","79*****81V","0774050200","anuradhapura","2026-09-21T14:39:14.848Z",""
"SL-PET-12864","විජේසිංහ කුමුදුනී","19*****237","0776154423","gampaha","2026-09-21T14:38:04.265Z",""
"SL-PET-12611","ආර්. එම්. ගයත්‍රි ප්‍රනාන්දු","19*****394","0729203258","badulla","2026-09-21T14:37:57.163Z","අපේ ප්‍රාර්ථනාව කඩිනමින් ඉටුවේවා!"
"SL-PET-10916","ඩබ්. එම්. දිනේෂ් මහවිතාන","92*****63V","0759256013","gampaha","2026-09-21T14:33:42.344Z","නිරෝගී සුවය හා නිදහස ලැබේවා."
"SL-PET-10957","එච්. එම්. නයනා දසනායක","76*****49V","0753137717","ratnapura","2026-09-21T14:32:36.907Z","ගරු ජනාධිපතිතුමනි, කරුණාවෙන් සලකා බලන්න."
"SL-PET-11472","මාලක හපුආරච්චි","99*****81V","0714646492","ratnapura","2026-09-21T14:31:51.911Z",""
"SL-PET-12199","පී. බී. තිළිණ දිසානායක","88*****11V","0728406459","ratnapura","2026-09-21T14:31:33.282Z","සියලු සත්වයෝ සුවපත් වෙත්වා! ඉක්මන් නිදහස පතමු."
"SL-PET-12089","ලියනගේ මනෝජ්","99*****29V","0705824307","ratnapura","2026-09-21T14:26:57.577Z",""
"SL-PET-10869","චන්දන මහවිතාන (චන්දන)","78*****99V","0717550594","anuradhapura","2026-09-21T14:26:56.125Z","අධිකරණ තීන්දුවලට ගරු කරමින්ම ජනාධිපති සමාව අයදිමු."
"SL-PET-13845","කුමුදු මදුශංක (කුමුදු)","93*****23V","0765838188","gampaha","2026-09-21T14:26:54.326Z",""
"SL-PET-12280","එච්. එම්. ජනක මහවිතාන","19*****944","0769427622","colombo","2026-09-21T14:25:29.277Z","ඥානසාර හිමියන්ට කඩිනම් ජනාධිපති සමාව ලබා දෙන්න."
"SL-PET-12584","එච්. එම්. කසුන් ගුණතිලක","95*****97V","0754462504","matale","2026-09-21T14:24:42.341Z",""
"SL-PET-13641","එච්. එම්. කුමාර ගුණතිලක","60*****84V","0714197591","gampaha","2026-09-21T14:21:39.106Z",""
"SL-PET-12732","පී. බී. රංජිත් සුමනපාල","19*****494","0705102868","ratnapura","2026-09-21T14:19:21.610Z","සාධාරණත්වය ඉටු කරන්න."
"SL-PET-12971","හපුආරච්චි සරත්","19*****556","0752431795","colombo","2026-09-21T14:18:20.939Z",""
"SL-PET-11419","දර්ශන දිසානායක (දර්ශන)","20*****474","0767386593","badulla","2026-09-21T14:17:46.600Z",""
"SL-PET-12652","උපුල් සේනාරත්න","75*****83V","0713044238","monaragala","2026-09-21T14:15:58.573Z","අපගේ ආශිර්වාදය හා සහයෝගය උන්වහන්සේ සමගයි."
"SL-PET-13300","පී. බී. අජිත් සුමනසේකර","62*****94V","0753395691","kandy","2026-09-21T14:14:02.616Z",""
"SL-PET-13585","ආර්. එම්. නිහාල් විජේසූරිය","19*****323","0727708694","kalutara","2026-09-21T14:13:52.802Z","ඥානසාර හිමියන්ට කඩිනම් ජනාධිපති සමාව ලබා දෙන්න."
"SL-PET-11846","ආර්. එම්. සුදර්ශනී ඉලංගකෝන්","20*****255","0751690293","polonnaruwa","2026-09-21T14:13:51.043Z","රට ජාතිය ආගම වෙනුවෙන් හඬක් නැගූ හිමියන්ට නිදහස ලැබේවා."
"SL-PET-10777","කේ. ඒ. මාලා සුමනසේකර","96*****35V","0718169650","colombo","2026-09-21T14:12:47.726Z","ගරු ජනාධිපතිතුමනි, කරුණාවෙන් සලකා බලන්න."
"SL-PET-13086","එච්. එම්. බුද්ධික ගුණතිලක","19*****999","0727606547","ratnapura","2026-09-21T14:09:46.501Z",""
"SL-PET-11108","කේ. ඒ. ප්‍රේමරත්න අතුකෝරල","20*****821","0726676384","matale","2026-09-21T14:08:56.149Z",""
"SL-PET-10891","එච්. එම්. රොමේෂ් දිසානායක","67*****99V","0708517955","hambantota","2026-09-21T14:07:54.232Z",""
"SL-PET-13798","පී. බී. සුපුන් විජේතුංග","61*****69V","0753513903","gampaha","2026-09-21T14:04:51.341Z",""
"SL-PET-12118","ආර්. එම්. ලක්ෂ්මන් මහවිතාන","19*****821","0718466374","kalutara","2026-09-21T14:03:50.768Z",""
"SL-PET-11910","ඩබ්. එම්. සිතුම් කහඳගමගේ","19*****456","0775559209","trincomalee","2026-09-21T14:03:45.570Z",""
"SL-PET-11844","ඩබ්. එම්. රුචිරා පෙරේරා","89*****67V","0784139097","gampaha","2026-09-21T14:02:08.022Z",""
"SL-PET-11630","අතුරලියේ මේධානන්ද හිමි","69*****59V","0763972438","anuradhapura","2026-09-21T13:57:37.241Z","සියලු සත්වයෝ සුවපත් වෙත්වා! ඉක්මන් නිදහස පතමු."
"SL-PET-12154","ඩබ්. එම්. කුමුදු මද්දුමගේ","19*****535","0704611514","kandy","2026-09-21T13:56:39.338Z",""
"SL-PET-11880","කේ. ඒ. ශිරාන් සෙනෙවිරත්න","20*****820","0781211076","matara","2026-09-21T13:56:17.595Z",""
"SL-PET-13655","ඩබ්. එම්. රුක්මන් මදුශංක","72*****47V","0771307112","nuwaraeliya","2026-09-21T13:55:45.110Z","සාධාරණත්වය ඉටු කරන්න."
"SL-PET-12174","කසුන් හපුආරච්චි","86*****41V","0724632899","kalutara","2026-09-21T13:55:22.122Z",""
"SL-PET-13610","ඩබ්. එම්. කසුන් විජේතුංග","87*****88V","0708943555","colombo","2026-09-21T13:54:04.881Z",""
"SL-PET-12302","තිලකරත්න සජිත්","87*****53V","0768386510","colombo","2026-09-21T13:53:04.293Z","බුද්ධ ශාසනයේ ආරක්ෂාව උදෙසා උන්වහන්සේ මුදාහරින්න."
"SL-PET-10703","සනත් රණවීර","93*****80V","0765122963","kandy","2026-09-21T13:49:58.141Z",""
"SL-PET-11951","එච්. එම්. දිල්හානි මඩවලගේ","92*****25V","0768996512","trincomalee","2026-09-21T13:48:28.671Z",""
"SL-PET-11376","සිරිවර්ධන චමින්ද","77*****25V","0706279058","matara","2026-09-21T13:47:42.977Z","රට ජාතිය ආගම වෙනුවෙන් හඬක් නැගූ හිමියන්ට නිදහස ලැබේවා."
"SL-PET-13202","ජීවන්ත මෙන්ඩිස් (ජීවන්ත)","19*****871","0706718469","nuwaraeliya","2026-09-21T13:47:33.240Z","සමාව ලබා දී උන්වහන්සේ මුදාහරින්න."
"SL-PET-10979","පී. බී. ලක්ෂිකා වික්‍රමසිංහ","60*****49V","0724786135","ratnapura","2026-09-21T13:47:29.941Z","ඥානසාර හිමියන්ට කඩිනම් ජනාධිපති සමාව ලබා දෙන්න."
"SL-PET-11192","පූජ්‍ය තිස්සමහාරාමයේ ඥානාලෝක හිමි","66*****17V","0722922189","ampara","2026-09-21T13:46:51.182Z","ඥානසාර හිමියන්ට කඩිනම් ජනාධිපති සමාව ලබා දෙන්න."
"SL-PET-12689","පී. බී. ප්‍රේමරත්න කුමාරසිංහ","19*****474","0724291357","kurunegala","2026-09-21T13:45:51.431Z",""
"SL-PET-10964","පී. බී. දුමින්ද මඩවලගේ","73*****47V","0726296963","kurunegala","2026-09-21T13:45:22.122Z","ත්‍රිවිධ හමුදා හා පුරවැසි ප්‍රජාවේ පූර්ණ සුභපැතුම්."
"SL-PET-12824","ආර්. එම්. තිළිණ වික්‍රමසිංහ","19*****138","0755933600","colombo","2026-09-21T13:44:13.792Z","ත්‍රිවිධ හමුදා හා පුරවැසි ප්‍රජාවේ පූර්ණ සුභපැතුම්."
"SL-PET-11664","ඩබ්. එම්. මනෝජා ගුණසේකර","86*****39V","0752270573","puttalam","2026-09-21T13:43:48.202Z","ත්‍රිවිධ හමුදා හා පුරවැසි ප්‍රජාවේ පූර්ණ සුභපැතුම්."
"SL-PET-12045","ඩබ්. එම්. ප්‍රදීප් ලියනගේ","71*****83V","0751514123","colombo","2026-09-21T13:43:01.767Z","අපගේ ආශිර්වාදය හා සහයෝගය උන්වහන්සේ සමගයි."
"SL-PET-13265","එච්. එම්. ලක්ෂ්මන් විජේසිංහ","79*****59V","0727686420","kalutara","2026-09-21T13:40:39.861Z",""
"SL-PET-12991","ආර්. එම්. තක්ෂිලා පෙරේරා","72*****71V","0769128032","gampaha","2026-09-21T13:38:14.752Z",""
"SL-PET-13251","වසන්ති දැදිගම (වසන්ති)","62*****68V","0727123175","kurunegala","2026-09-21T13:37:09.494Z","ප්‍රජාතන්ත්‍රවාදී මහජන හඬට සවන් දෙන්න."
"SL-PET-13116","පෙරේරා ශ්‍රියානි","19*****605","0779834325","matale","2026-09-21T13:35:16.545Z",""
"SL-PET-11487","නිලන්ති කුලතුංග (නිලන්ති)","69*****25V","0718599672","polonnaruwa","2026-09-21T13:33:03.039Z",""
"SL-PET-11762","ඩබ්. එම්. නිලන්ති සුමනපාල","64*****20V","0705836570","polonnaruwa","2026-09-21T13:32:56.596Z",""
"SL-PET-12229","පී. බී. වසන්ත සිල්වා","20*****352","0729212571","gampaha","2026-09-21T13:31:03.913Z","අධිකරණ තීන්දුවලට ගරු කරමින්ම ජනාධිපති සමාව අයදිමු."
"SL-PET-11011","ආර්. එම්. සුදර්ශනී මෙන්ඩිස්","72*****83V","0724495216","polonnaruwa","2026-09-21T13:30:52.528Z",""
"SL-PET-13237","රත්නායක ලක්ෂ්මන්","19*****918","0753398781","puttalam","2026-09-21T13:30:45.783Z","ප්‍රජාතන්ත්‍රවාදී මහජන හඬට සවන් දෙන්න."
"SL-PET-13907","ඩබ්. එම්. ප්‍රමෝද් මෙන්ඩිස්","19*****912","0778798166","overseas","2026-09-21T13:30:15.040Z",""
"SL-PET-11264","පූජ්‍ය මල්වත්තේ ධම්මරතන හිමි","79*****76V","0751248190","polonnaruwa","2026-09-21T13:26:43.468Z",""
"SL-PET-11360","ඩබ්. එම්. මනෝජ් දේවප්‍රිය","92*****34V","0757834913","colombo","2026-09-21T13:26:28.476Z","අපේ ප්‍රාර්ථනාව කඩිනමින් ඉටුවේවා!"
"SL-PET-10542","ආටිගල ඉන්දිරා","19*****217","0767640605","polonnaruwa","2026-09-21T13:24:18.511Z","නිරෝගී සුවය හා නිදහස ලැබේවා."
"SL-PET-13001","එච්. එම්. ප්‍රදීප් කරුණාරත්න","61*****89V","0789592895","badulla","2026-09-21T13:23:54.861Z",""
"SL-PET-13402","සිල්වා මල්කාන්ති","19*****440","0725246250","badulla","2026-09-21T13:23:26.695Z",""
"SL-PET-12090","සනත් ජයවර්ධන","20*****880","0783939548","kandy","2026-09-21T13:22:22.451Z",""
"SL-PET-10998","පී. බී. මනෝරි ගුණතිලක","80*****45V","0774698193","gampaha","2026-09-21T13:21:01.486Z",""
"SL-PET-12717","චාන්දනී රණවීර","19*****120","0776548525","kurunegala","2026-09-21T13:19:33.246Z",""
"SL-PET-12032","ජයවර්ධන චතුරංග","19*****601","0706667943","kurunegala","2026-09-21T13:18:13.722Z",""
"SL-PET-12585","වසන්ති විජේසූරිය","19*****689","0708160579","gampaha","2026-09-21T13:12:22.114Z",""
"SL-PET-11165","පී. බී. රේණුකා විජේතුංග","83*****96V","0764021510","matale","2026-09-21T13:10:38.894Z",""
"SL-PET-13620","කේ. ඒ. නයනා විජේරත්න","97*****66V","0717605819","matara","2026-09-21T13:07:27.616Z","රට ජාතිය ආගම වෙනුවෙන් හඬක් නැගූ හිමියන්ට නිදහස ලැබේවා."
"SL-PET-11386","පූජ්‍ය ගංගොඩවිල රේවත හිමි","73*****97V","0753468302","kurunegala","2026-09-21T13:07:04.377Z","සාධාරණත්වය ඉටු කරන්න."
"SL-PET-10914","අතුකෝරල ජගත්","19*****981","0781139144","ampara","2026-09-21T13:05:26.036Z",""
"SL-PET-12875","ඉසුරු විජේසිංහ (ඉසුරු)","85*****77V","0784910368","puttalam","2026-09-21T13:05:25.385Z",""
"SL-PET-13369","ආටිගල චමින්ද","19*****571","0704593473","polonnaruwa","2026-09-21T13:05:16.964Z","අපේ ප්‍රාර්ථනාව කඩිනමින් ඉටුවේවා!"
"SL-PET-12803","පී. බී. කුසුම් තිලකරත්න","19*****320","0764417637","galle","2026-09-21T13:02:27.099Z",""
"SL-PET-13096","කේ. ඒ. ශ්‍රියානි රණවීර","65*****24V","0706598520","ampara","2026-09-21T13:00:28.202Z",""
"SL-PET-10693","එච්. එම්. සන්ධ්‍යා විජේමාන්න","63*****52V","0765899090","matale","2026-09-21T12:57:37.585Z",""
"SL-PET-11764","එච්. එම්. රේණුකා වික්‍රමසිංහ","19*****426","0722521713","ratnapura","2026-09-21T12:57:21.442Z",""
"SL-PET-11485","ඩබ්. එම්. ජගත් මද්දුමගේ","87*****90V","0783373912","polonnaruwa","2026-09-21T12:56:19.520Z",""
"SL-PET-13727","කේ. ඒ. චතුර බණ්ඩාර","77*****58V","0772050805","kurunegala","2026-09-21T12:54:55.446Z",""
"SL-PET-12004","අනෝමා විජේරත්න (අනෝමා)","19*****680","0787781187","polonnaruwa","2026-09-21T12:54:27.761Z",""
"SL-PET-11955","නිරංජලා දේවප්‍රිය (නිරංජලා)","19*****665","0776565688","ratnapura","2026-09-21T12:52:57.719Z","සියලු සත්වයෝ සුවපත් වෙත්වා! ඉක්මන් නිදහස පතමු."
"SL-PET-13236","ආර්. එම්. රවින්ද්‍ර ධර්මප්‍රිය","20*****104","0763619925","matale","2026-09-21T12:52:31.599Z",""
"SL-PET-13781","ආර්. එම්. සංජීව විජේතුංග","20*****885","0766485567","puttalam","2026-09-21T12:49:55.093Z","අපගේ ආශිර්වාදය හා සහයෝගය උන්වහන්සේ සමගයි."
"SL-PET-12468","ඩබ්. එම්. කුමුදුනී විජේසිංහ","19*****211","0773014428","monaragala","2026-09-21T12:48:53.505Z",""
"SL-PET-11934","ඩබ්. එම්. දර්ශන රණසිංහ","19*****120","0721254124","kegalle","2026-09-21T12:47:55.413Z",""
"SL-PET-12500","නිහාල් බණ්ඩාර (නිහාල්)","19*****711","0757215553","matara","2026-09-21T12:47:45.268Z","උතුම් දළදා සමිඳු පිහිටෙන් නිදහස ලැබේවා."
"SL-PET-12599","කේ. ඒ. රොමේෂ් මදුශංක","20*****946","0728764013","trincomalee","2026-09-21T12:47:00.118Z",""
"SL-PET-11172","එච්. එම්. සුපුන් ප්‍රනාන්දු","65*****72V","0724292413","badulla","2026-09-21T12:46:51.656Z",""
"SL-PET-11549","ඩබ්. එම්. වසන්ත වසන්ත","82*****24V","0719132683","kurunegala","2026-09-21T12:46:02.092Z",""
"SL-PET-10614","එච්. එම්. චතුරංග මෙන්ඩිස්","20*****293","0721661964","kurunegala","2026-09-21T12:44:58.762Z",""
"SL-PET-13058","මාලක ජයවර්ධන (මාලක)","19*****170","0755805945","trincomalee","2026-09-21T12:40:56.012Z",""
"SL-PET-11907","කේ. ඒ. සම්පත් පතිරණ","75*****71V","0701702348","anuradhapura","2026-09-21T12:40:29.753Z",""
"SL-PET-13299","පී. බී. චම්පා වික්‍රමසිංහ","19*****949","0753475981","ratnapura","2026-09-21T12:36:40.673Z",""
"SL-PET-12984","ඩබ්. එම්. අනුරාධා තිලකරත්න","19*****415","0722656309","kurunegala","2026-09-21T12:36:19.648Z",""
"SL-PET-13583","දුමින්ද දිසානායක","76*****96V","0709897766","ampara","2026-09-21T12:34:45.925Z",""
"SL-PET-10529","ඩබ්. එම්. රොෂාන් කුලතුංග","19*****928","0764286584","polonnaruwa","2026-09-21T12:32:59.480Z",""
"SL-PET-10802","ඩබ්. එම්. සදුනි සිල්වා","19*****616","0767295475","galle","2026-09-21T12:30:07.239Z",""
"SL-PET-13448","මාලක විතානගේ","20*****716","0761232585","kegalle","2026-09-21T12:28:58.718Z","අපගේ ආශිර්වාදය හා සහයෝගය උන්වහන්සේ සමගයි."
"SL-PET-13518","කේ. ඒ. මාලක මෙන්ඩිස්","20*****329","0724698319","anuradhapura","2026-09-21T12:28:39.557Z",""
"SL-PET-11029","ආර්. එම්. ධම්මික විජේසූරිය","81*****20V","0784701844","kegalle","2026-09-21T12:25:11.914Z",""
"SL-PET-12329","පී. බී. ඉසුරු දසනායක","77*****59V","0704812367","ratnapura","2026-09-21T12:24:39.063Z",""
"SL-PET-13886","කේ. ඒ. අමිල කුලතුංග","61*****35V","0708008090","colombo","2026-09-21T12:23:23.993Z",""
"SL-PET-11942","පී. බී. මාලක සෙනෙවිරත්න","72*****16V","0719073179","kandy","2026-09-21T12:21:20.103Z",""
"SL-PET-12116","ඩබ්. එම්. ශ්‍රියානි දේවප්‍රිය","73*****41V","0755601855","colombo","2026-09-21T12:21:03.010Z",""
"SL-PET-12381","පූජ්‍ය රත්නපුරේ ධම්මදින්න හිමි","65*****63V","0763032210","kurunegala","2026-09-21T12:18:27.210Z","නිරෝගී සුවය හා නිදහස ලැබේවා."
"SL-PET-10688","පූජ්‍ය රත්නපුරේ ඥානවිමල හිමි","19*****110","0727186865","gampaha","2026-09-21T12:16:57.811Z","අධිකරණ තීන්දුවලට ගරු කරමින්ම ජනාධිපති සමාව අයදිමු."
"SL-PET-11200","පී. බී. කසුන් තිලකරත්න","19*****142","0709531519","anuradhapura","2026-09-21T12:15:43.306Z",""
"SL-PET-11821","ආර්. එම්. රංජිත් වසන්ත","62*****23V","0727850080","anuradhapura","2026-09-21T12:14:49.968Z",""
"SL-PET-12955","ජීවන්ත අබේසේකර (ජීවන්ත)","62*****85V","0772027622","overseas","2026-09-21T12:09:02.043Z",""
"SL-PET-12122","සංජීව ප්‍රනාන්දු (සංජීව)","19*****123","0702953918","anuradhapura","2026-09-21T12:06:20.501Z","ප්‍රජාතන්ත්‍රවාදී මහජන හඬට සවන් දෙන්න."
"SL-PET-10888","ඩබ්. එම්. තරිඳු මහවිතාන","19*****837","0754696070","matara","2026-09-21T12:06:13.872Z",""
"SL-PET-12859","කේ. ඒ. ජීවන්ත සිල්වා","67*****16V","0789730924","matara","2026-09-21T12:04:56.753Z",""
"SL-PET-11402","ආර්. එම්. සනත් ප්‍රේමචන්ද්‍ර","93*****95V","0769631044","kalutara","2026-09-21T12:04:48.151Z","සමාව ලබා දී උන්වහන්සේ මුදාහරින්න."
"SL-PET-11650","ආර්. එම්. සදුනි පතිරණ","19*****899","0714727856","monaragala","2026-09-21T12:02:26.425Z","සමාව ලබා දී උන්වහන්සේ මුදාහරින්න."
"SL-PET-11609","චම්පා කුලතුංග (චම්පා)","19*****689","0758859788","polonnaruwa","2026-09-21T11:57:52.847Z",""
"SL-PET-13333","ආර්. එම්. ගයාන් තිලකරත්න","73*****46V","0763574274","kurunegala","2026-09-21T11:57:18.349Z",""
"SL-PET-12534","කුමාරසිංහ දීපිකා","19*****663","0776757961","monaragala","2026-09-21T11:55:34.765Z",""
"SL-PET-12573","ආර්. එම්. මහින්ද මාරසිංහ","63*****11V","0758313880","galle","2026-09-21T11:55:26.408Z","ගරු ජනාධිපතිතුමනි, කරුණාවෙන් සලකා බලන්න."
"SL-PET-11442","පූජ්‍ය රජවත්තේ සීලරතන හිමි","93*****85V","0752169742","anuradhapura","2026-09-21T11:54:31.899Z",""
"SL-PET-13205","පූජ්‍ය වටපොත සුමන හිමි","19*****497","0755760709","matale","2026-09-21T11:52:45.596Z",""
"SL-PET-12605","ඩබ්. එම්. හර්ෂ තිලකරත්න","63*****62V","0785906733","kegalle","2026-09-21T11:51:24.315Z","සාමකාමී ශ්‍රී ලංකාවක් උදෙසා උන්වහන්සේ නිදහස් කරන්න."
"SL-PET-10556","කුසුම් ජයවර්ධන (කුසුම්)","19*****350","0777156364","gampaha","2026-09-21T11:50:54.304Z","නිරෝගී සුවය හා නිදහස ලැබේවා."
"SL-PET-11219","ඩබ්. එම්. ලලිත් සිරිවර්ධන","98*****88V","0702968999","kurunegala","2026-09-21T11:50:53.578Z","අධිකරණ තීන්දුවලට ගරු කරමින්ම ජනාධිපති සමාව අයදිමු."
"SL-PET-12165","ප්‍රමෝද් රාජපක්ෂ (ප්‍රමෝද්)","19*****277","0776562594","gampaha","2026-09-21T11:50:47.611Z","ඥානසාර හිමියන්ට කඩිනම් ජනාධිපති සමාව ලබා දෙන්න."
"SL-PET-13350","ඩබ්. එම්. කුමුදු දේවප්‍රිය","19*****744","0727791616","polonnaruwa","2026-09-21T11:49:44.664Z",""
"SL-PET-11400","ආර්. එම්. ලක්ෂිකා ධර්මප්‍රිය","19*****505","0774596604","ratnapura","2026-09-21T11:49:42.329Z",""
"SL-PET-12854","පී. බී. සමිත මද්දුමගේ","86*****21V","0782581984","kurunegala","2026-09-21T11:49:41.511Z","ත්‍රිවිධ හමුදා හා පුරවැසි ප්‍රජාවේ පූර්ණ සුභපැතුම්."
"SL-PET-11404","පෙරේරා සචින්","19*****781","0782502956","puttalam","2026-09-21T11:48:27.583Z","සමාව ලබා දී උන්වහන්සේ මුදාහරින්න."
"SL-PET-10754","ආර්. එම්. සමිත විජේමාන්න","19*****988","0711218869","colombo","2026-09-21T11:46:43.225Z",""
"SL-PET-12556","මනෝජ් කහඳගමගේ (මනෝජ්)","20*****949","0768861227","colombo","2026-09-21T11:45:03.819Z",""
"SL-PET-13879","පූජ්‍ය කුරුණෑගල ධම්මරතන හිමි","19*****725","0784100934","gampaha","2026-09-21T11:44:03.294Z",""
"SL-PET-12755","පූජ්‍ය රත්නපුරේ ආනන්ද හිමි","20*****852","0762396663","matara","2026-09-21T11:39:41.288Z",""
"SL-PET-12348","පූජ්‍ය කොටුගොඩ ඥානාරාම හිමි","84*****99V","0717342746","ampara","2026-09-21T11:39:31.514Z",""
"SL-PET-11583","කේ. ඒ. අසංක සිරිවර්ධන","19*****821","0751783855","ampara","2026-09-21T11:38:56.515Z","අපේ ප්‍රාර්ථනාව කඩිනමින් ඉටුවේවා!"
"SL-PET-13452","ආර්. එම්. චම්පා සමරසේකර","74*****54V","0704375297","ratnapura","2026-09-21T11:38:16.352Z",""
"SL-PET-12385","කුසුම් සිරිවර්ධන (කුසුම්)","83*****62V","0772344635","polonnaruwa","2026-09-21T11:36:46.935Z",""
"SL-PET-12894","හපුආරච්චි ප්‍රමෝද්","19*****104","0704757337","anuradhapura","2026-09-21T11:33:14.264Z","ත්‍රිවිධ හමුදා හා පුරවැසි ප්‍රජාවේ පූර්ණ සුභපැතුම්."
"SL-PET-11478","කේ. ඒ. තිසර ප්‍රේමචන්ද්‍ර","69*****81V","0752229739","galle","2026-09-21T11:30:53.170Z",""
"SL-PET-10568","නුවන් සිල්වා (නුවන්)","63*****15V","0753856467","gampaha","2026-09-21T11:27:17.329Z",""
"SL-PET-11606","අතුරලියේ පියරතන හිමි","19*****689","0786198051","kegalle","2026-09-21T11:25:23.243Z",""
"SL-PET-13432","ආර්. එම්. අනුරාධා ආටිගල","90*****25V","0757036823","ratnapura","2026-09-21T11:25:23.041Z",""
"SL-PET-12012","එච්. එම්. හිරුණි මද්දුමගේ","19*****849","0707348332","kurunegala","2026-09-21T11:25:10.640Z",""
"SL-PET-12731","ආර්. එම්. චතුර මදුශංක","92*****97V","0788173957","galle","2026-09-21T11:24:43.609Z","සියලු සත්වයෝ සුවපත් වෙත්වා! ඉක්මන් නිදහස පතමු."
"SL-PET-10827","විජේසිංහ ලක්ෂිකා","76*****42V","0759887378","kurunegala","2026-09-21T11:20:27.330Z",""
"SL-PET-10783","ආර්. එම්. කුමුදුනී රණවීර","64*****38V","0719646136","badulla","2026-09-21T11:16:56.539Z",""
"SL-PET-11772","කේ. ඒ. තිස්ස මද්දුමගේ","92*****33V","0751915173","matara","2026-09-21T11:16:20.860Z","නිරෝගී සුවය හා නිදහස ලැබේවා."
"SL-PET-11868","ආර්. එම්. මනෝජ් මහවිතාන","62*****14V","0756226042","kalutara","2026-09-21T11:15:56.359Z","අධිකරණ තීන්දුවලට ගරු කරමින්ම ජනාධිපති සමාව අයදිමු."
"SL-PET-12935","කේ. ඒ. මහින්ද විජේරත්න","82*****25V","0728966974","badulla","2026-09-21T11:14:33.613Z","ලක්ෂ 50 ක ජනතා හඬට ඇහුම්කන් දෙන්න."
"SL-PET-13310","සම්පත් රත්නායක","96*****64V","0788076426","anuradhapura","2026-09-21T11:13:06.198Z",""
"SL-PET-11078","ඩබ්. එම්. අසංක ගුණසේකර","20*****147","0778676091","matara","2026-09-21T11:12:52.859Z",""
"SL-PET-11466","එච්. එම්. තිලක් නවරත්න","67*****60V","0727535985","anuradhapura","2026-09-21T11:10:28.390Z",""
"SL-PET-10691","සුජාතා ගුණසේකර (සුජාතා)","63*****13V","0781530692","polonnaruwa","2026-09-21T11:08:28.096Z","අපේ ප්‍රාර්ථනාව කඩිනමින් ඉටුවේවා!"
"SL-PET-12383","කේ. ඒ. කුසුම් සෙනෙවිරත්න","19*****664","0788925213","kalutara","2026-09-21T11:06:05.242Z",""
"SL-PET-11387","එච්. එම්. චාන්දනී විජේසූරිය","89*****26V","0762051191","colombo","2026-09-21T11:05:43.216Z",""
"SL-PET-10794","පී. බී. දර්ශන සෝමරත්න","83*****82V","0768509584","nuwaraeliya","2026-09-21T11:04:27.126Z",""
"SL-PET-12570","රත්නායක මහේෂ්","19*****387","0765097110","colombo","2026-09-21T11:01:59.289Z",""
"SL-PET-11477","පූජ්‍ය රත්නපුරේ ධම්මදින්න හිමි","20*****705","0789553434","hambantota","2026-09-21T11:01:05.878Z","අපේ ප්‍රාර්ථනාව කඩිනමින් ඉටුවේවා!"
"SL-PET-11875","කුමාර මෙන්ඩිස්","19*****189","0751544121","overseas","2026-09-21T11:00:42.103Z",""
"SL-PET-11614","ඩබ්. එම්. සුනේත්‍රා සිල්වා","62*****45V","0719546729","colombo","2026-09-21T10:57:41.187Z",""
"SL-PET-12446","සිරිවර්ධන බුද්ධික","84*****14V","0704367326","colombo","2026-09-21T10:55:58.544Z",""
"SL-PET-13557","කේ. ඒ. තරිඳු සිරිවර්ධන","19*****157","0777116927","gampaha","2026-09-21T10:54:41.605Z","ත්‍රිවිධ හමුදා හා පුරවැසි ප්‍රජාවේ පූර්ණ සුභපැතුම්."
"SL-PET-12221","මද්දුමගේ අතුල","20*****428","0779874134","colombo","2026-09-21T10:53:28.799Z",""
"SL-PET-13065","මාලක හේරත් (මාලක)","85*****42V","0779368006","colombo","2026-09-21T10:52:16.546Z",""
"SL-PET-13018","කෙවින් දැදිගම (කෙවින්)","19*****637","0777242934","anuradhapura","2026-09-21T10:52:13.483Z","ත්‍රිවිධ හමුදා හා පුරවැසි ප්‍රජාවේ පූර්ණ සුභපැතුම්."
"SL-PET-10814","ආර්. එම්. මල්කාන්ති වික්‍රමරත්න","89*****46V","0753123760","galle","2026-09-21T10:51:20.501Z",""
"SL-PET-12677","පී. බී. කුෂාන් රත්නායක","19*****656","0717112617","gampaha","2026-09-21T10:51:04.999Z",""
"SL-PET-13399","ඩබ්. එම්. සමිත මද්දුමගේ","96*****13V","0768046265","ratnapura","2026-09-21T10:50:30.374Z",""
"SL-PET-13537","චතුරිකා කුමාරසිංහ (චතුරිකා)","72*****57V","0773388080","kurunegala","2026-09-21T10:48:49.265Z",""
"SL-PET-13549","අබේසේකර නලින්","80*****73V","0775213225","kurunegala","2026-09-21T10:47:17.302Z","සියලු සත්වයෝ සුවපත් වෙත්වා! ඉක්මන් නිදහස පතමු."
"SL-PET-12535","විජේසූරිය චාන්දනී","77*****66V","0714347993","polonnaruwa","2026-09-21T10:46:05.281Z",""
"SL-PET-11904","ඩබ්. එම්. අයේෂා ලියනගේ","97*****54V","0703793121","colombo","2026-09-21T10:40:00.361Z","ප්‍රජාතන්ත්‍රවාදී මහජන හඬට සවන් දෙන්න."
"SL-PET-12120","ඩබ්. එම්. දිනුෂිකා දසනායක","19*****975","0782855037","matale","2026-09-21T10:39:14.245Z",""
"SL-PET-11072","හේමන්ත ප්‍රේමචන්ද්‍ර","19*****202","0704656004","polonnaruwa","2026-09-21T10:38:59.003Z",""
"SL-PET-10587","කෞශල්‍යා තිලකරත්න (කෞශල්‍යා)","61*****56V","0775309723","matara","2026-09-21T10:38:09.380Z",""
"SL-PET-13487","ඩබ්. එම්. තිලක් හේරත්","91*****24V","0768691907","monaragala","2026-09-21T10:36:21.061Z",""
"SL-PET-12305","එච්. එම්. රංජිත් ඉලංගකෝන්","71*****92V","0718867010","matara","2026-09-21T10:36:18.719Z",""
"SL-PET-12594","පී. බී. රුක්මන් සමරසේකර","19*****758","0753152961","gampaha","2026-09-21T10:35:55.198Z",""
"SL-PET-13912","එච්. එම්. රුක්මන් විජේසිංහ","98*****26V","0771922126","kurunegala","2026-09-21T10:34:42.812Z",""
"SL-PET-13376","ප්‍රදීප් වික්‍රමසිංහ (ප්‍රදීප්)","91*****22V","0787730447","colombo","2026-09-21T10:33:55.037Z",""
"SL-PET-12545","ඩබ්. එම්. නිහාල් සේනාරත්න","87*****15V","0709963004","hambantota","2026-09-21T10:33:25.727Z",""
"SL-PET-12358","කුෂාන් මාරසිංහ (කුෂාන්)","19*****680","0702568578","polonnaruwa","2026-09-21T10:33:13.390Z",""
"SL-PET-11211","තිලක් කුලතුංග","97*****94V","0772057975","puttalam","2026-09-21T10:33:05.108Z",""
"SL-PET-12347","එච්. එම්. තිලක් බණ්ඩාර","19*****428","0788409529","kalutara","2026-09-21T10:30:55.406Z",""
"SL-PET-13897","ඩබ්. එම්. දිල්හානි කළුවිතාරණ","20*****847","0729274484","monaragala","2026-09-21T10:30:25.113Z",""
"SL-PET-13135","ඩබ්. එම්. සංජීව මෙන්ඩිස්","89*****21V","0774228408","anuradhapura","2026-09-21T10:30:17.746Z",""
"SL-PET-11551","පූජ්‍ය අස්ගිරියේ සුමන හිමි","19*****551","0775248294","monaragala","2026-09-21T10:27:46.465Z","අපේ පූර්ණ සහයෝගය පෙත්සමට හිමිවේ."
"SL-PET-10541","කේ. ඒ. අනෝජ් විජේරත්න","19*****206","0726128123","trincomalee","2026-09-21T10:26:07.786Z",""
"SL-PET-11473","වික්‍රමසිංහ පියුමි","68*****23V","0706789616","polonnaruwa","2026-09-21T10:25:22.056Z",""
"SL-PET-13180","එච්. එම්. ප්‍රේමරත්න ධර්මප්‍රිය","79*****98V","0715249254","kegalle","2026-09-21T10:20:13.776Z","සාධාරණත්වය ඉටු කරන්න."
"SL-PET-13215","පූජ්‍ය තිස්සමහාරාමයේ පියරතන හිමි","74*****91V","0782815201","overseas","2026-09-21T10:18:54.724Z",""
"SL-PET-13601","එච්. එම්. දුමින්ද ලියනගේ","97*****65V","0713158145","anuradhapura","2026-09-21T10:17:36.610Z",""
"SL-PET-13503","ආර්. එම්. ඉන්දිරා කහඳගමගේ","92*****21V","0714588241","colombo","2026-09-21T10:16:17.905Z",""
"SL-PET-13380","ඩබ්. එම්. දිනේෂ් කරුණාරත්න","19*****565","0787952355","kegalle","2026-09-21T10:13:46.973Z","ඥානසාර හිමියන්ට කඩිනම් ජනාධිපති සමාව ලබා දෙන්න."
"SL-PET-11327","පූජ්‍ය මාදුළුවාවේ සීලරතන හිමි","97*****44V","0767731771","kegalle","2026-09-21T10:13:10.713Z",""
"SL-PET-13235","හර්ෂ ජයසිංහ (හර්ෂ)","88*****36V","0755974272","badulla","2026-09-21T10:11:14.492Z","සාධාරණත්වය ඉටු කරන්න."
"SL-PET-13214","ආර්. එම්. චමින්ද සුමනසේකර","88*****27V","0785608320","hambantota","2026-09-21T10:10:59.359Z",""
"SL-PET-11288","තිලකරත්න සිතුම්","19*****832","0763399990","kandy","2026-09-21T10:08:56.744Z",""
"SL-PET-11924","තිළිණ විජේරත්න","19*****761","0702079680","kegalle","2026-09-21T10:07:34.340Z",""
"SL-PET-13754","මහවිතාන සදුනි","89*****16V","0788561207","kalutara","2026-09-21T10:07:16.723Z",""
"SL-PET-13067","ඩබ්. එම්. නිරංජලා කහඳගමගේ","19*****333","0708170931","polonnaruwa","2026-09-21T10:06:52.440Z",""
"SL-PET-11046","මහේෂ් විජේරත්න (මහේෂ්)","94*****89V","0723541342","puttalam","2026-09-21T10:06:43.075Z",""
"SL-PET-11178","එච්. එම්. බුද්ධික පතිරණ","20*****599","0764136865","gampaha","2026-09-21T10:03:53.994Z",""
"SL-PET-13120","පූජ්‍ය අස්ගිරියේ ඥානාරාම හිමි","81*****34V","0752857699","puttalam","2026-09-21T10:03:04.671Z","ප්‍රජාතන්ත්‍රවාදී මහජන හඬට සවන් දෙන්න."
"SL-PET-13817","එච්. එම්. මනෝජ් විජේරත්න","97*****72V","0756151909","anuradhapura","2026-09-21T10:00:15.126Z","ත්‍රිවිධ හමුදා හා පුරවැසි ප්‍රජාවේ පූර්ණ සුභපැතුම්."
"SL-PET-11968","එච්. එම්. කුමුදුනී දැදිගම","65*****70V","0781479290","hambantota","2026-09-21T09:58:55.713Z",""
"SL-PET-13256","අතුරලියේ ඥානවිමල හිමි","75*****15V","0723025678","kegalle","2026-09-21T09:56:17.480Z",""
"SL-PET-13410","පී. බී. ජීවන්ත විජේරත්න","19*****387","0771054927","kandy","2026-09-21T09:49:16.784Z",""
"SL-PET-12028","සෙනෙවිරත්න චතුරිකා","85*****29V","0754315624","galle","2026-09-21T09:49:07.955Z",""
"SL-PET-12839","මෙන්ඩිස් මල්කාන්ති","69*****96V","0768264034","monaragala","2026-09-21T09:49:07.842Z","ගරු ජනාධිපතිතුමනි, කරුණාවෙන් සලකා බලන්න."
"SL-PET-12363","නිරෝෂා වික්‍රමරත්න","20*****910","0765360389","badulla","2026-09-21T09:48:55.211Z",""
"SL-PET-10720","ඩබ්. එම්. කුෂාන් රණසිංහ","82*****49V","0709046215","gampaha","2026-09-21T09:48:26.043Z",""
"SL-PET-11592","එච්. එම්. බුද්ධික කළුවිතාරණ","80*****39V","0703825444","polonnaruwa","2026-09-21T09:43:20.598Z","අපේ පූර්ණ සහයෝගය පෙත්සමට හිමිවේ."
"SL-PET-13212","කළුවිතාරණ මාලක","62*****53V","0725770981","trincomalee","2026-09-21T09:43:12.671Z",""
"SL-PET-13577","ඩබ්. එම්. චාන්දනී විතානගේ","20*****733","0776757385","ampara","2026-09-21T09:42:15.764Z",""
"SL-PET-12643","තක්ෂිලා මාරසිංහ (තක්ෂිලා)","95*****37V","0726988613","overseas","2026-09-21T09:38:37.477Z",""
"SL-PET-12767","එච්. එම්. හිරුණි වසන්ත","96*****59V","0778945379","badulla","2026-09-21T09:35:58.304Z",""
"SL-PET-11811","පී. බී. කෙවින් කරුණාරත්න","19*****665","0708496012","kurunegala","2026-09-21T09:35:46.337Z",""
"SL-PET-13740","නිරංජලා සුමනසේකර","19*****705","0765266708","galle","2026-09-21T09:34:21.149Z","සමාව ලබා දී උන්වහන්සේ මුදාහරින්න."
"SL-PET-12921","ආර්. එම්. දර්ශන විජේසිංහ","78*****22V","0761754321","monaragala","2026-09-21T09:31:14.307Z",""
"SL-PET-13790","සිරිවර්ධන සුනිල්","91*****32V","0728406632","gampaha","2026-09-21T09:30:57.096Z","අපේ පූර්ණ සහයෝගය පෙත්සමට හිමිවේ."
"SL-PET-13233","එච්. එම්. සනත් බණ්ඩාර","93*****47V","0779979201","gampaha","2026-09-21T09:29:44.323Z",""
"SL-PET-13703","වසන්ත කළුවිතාරණ","68*****76V","0717190035","gampaha","2026-09-21T09:29:08.886Z","ත්‍රිවිධ හමුදා හා පුරවැසි ප්‍රජාවේ පූර්ණ සුභපැතුම්."
"SL-PET-11148","ඩබ්. එම්. කුෂාන් අතුකෝරල","68*****93V","0709681869","ampara","2026-09-21T09:28:52.049Z","ප්‍රජාතන්ත්‍රවාදී මහජන හඬට සවන් දෙන්න."
"SL-PET-11374","ඩබ්. එම්. හේමන්ත රාජපක්ෂ","65*****11V","0787827455","trincomalee","2026-09-21T09:25:52.275Z",""
"SL-PET-10708","රාජපක්ෂ මනෝජ්","19*****878","0788260102","kurunegala","2026-09-21T09:25:48.754Z",""
"SL-PET-10535","අනෝමා විජේසිංහ","19*****170","0756458274","kegalle","2026-09-21T09:23:52.855Z",""
"SL-PET-11736","රවින්ද්‍ර ජයවර්ධන","79*****26V","0708123910","kalutara","2026-09-21T09:20:53.670Z","අධිකරණ තීන්දුවලට ගරු කරමින්ම ජනාධිපති සමාව අයදිමු."
"SL-PET-12926","ඩබ්. එම්. මාලා මදුශංක","19*****281","0719540160","kandy","2026-09-21T09:20:37.677Z",""
"SL-PET-13551","උපුල් දිසානායක","67*****50V","0715565508","kandy","2026-09-21T09:20:09.078Z","උතුම් දළදා සමිඳු පිහිටෙන් නිදහස ලැබේවා."
"SL-PET-10753","එච්. එම්. තිසර වසන්ත","19*****935","0724062518","ampara","2026-09-21T09:19:33.405Z",""
"SL-PET-13296","පී. බී. රොෂාන් වික්‍රමරත්න","19*****657","0781196274","kandy","2026-09-21T09:17:35.096Z",""
"SL-PET-11414","එච්. එම්. ජගත් සුමනපාල","61*****36V","0701761408","kandy","2026-09-21T09:16:08.069Z","නිරෝගී සුවය හා නිදහස ලැබේවා."
"SL-PET-12161","ඩබ්. එම්. මනෝරි විජේමාන්න","89*****15V","0782950611","ratnapura","2026-09-21T09:12:21.813Z",""
"SL-PET-13675","දැදිගම සනත්","91*****11V","0759039425","matara","2026-09-21T09:11:28.017Z",""
"SL-PET-12773","ඩබ්. එම්. චාන්දනී මහවිතාන","19*****205","0717455774","badulla","2026-09-21T09:09:50.208Z","රට ජාතිය ආගම වෙනුවෙන් හඬක් නැගූ හිමියන්ට නිදහස ලැබේවා."
"SL-PET-12374","සුජාතා සේනාරත්න","19*****887","0785780174","puttalam","2026-09-21T09:09:11.057Z",""
"SL-PET-11462","කුලතුංග ප්‍රමෝද්","20*****836","0714875500","colombo","2026-09-21T09:08:22.495Z",""
"SL-PET-13373","පී. බී. හර්ෂ අබේසේකර","74*****37V","0775716486","anuradhapura","2026-09-21T09:06:04.681Z",""
"SL-PET-12350","පී. බී. හිරුණි තිලකරත්න","19*****649","0727390288","colombo","2026-09-21T09:05:38.494Z",""
"SL-PET-11648","ආර්. එම්. අනෝජ් වික්‍රමරත්න","94*****65V","0752872819","kurunegala","2026-09-21T09:03:34.601Z",""
"SL-PET-10944","වික්‍රමරත්න කෞශල්‍යා","85*****21V","0708282815","ampara","2026-09-21T09:03:20.009Z","අධිකරණ තීන්දුවලට ගරු කරමින්ම ජනාධිපති සමාව අයදිමු."
"SL-PET-10683","ආර්. එම්. දිනූෂ සිරිවර්ධන","19*****763","0729862969","kandy","2026-09-21T09:00:54.934Z",""
"SL-PET-11872","සනත් සිරිවර්ධන","80*****81V","0756875785","anuradhapura","2026-09-21T08:59:24.563Z",""
"SL-PET-13846","ඩබ්. එම්. තිළිණ දිසානායක","79*****91V","0708113689","galle","2026-09-21T08:58:38.333Z","සාධාරණත්වය ඉටු කරන්න."
"SL-PET-12526","ගයත්‍රි දසනායක (ගයත්‍රි)","78*****24V","0712099328","anuradhapura","2026-09-21T08:58:11.862Z",""
"SL-PET-11639","හේමන්ත විජේමාන්න (හේමන්ත)","83*****10V","0714152953","overseas","2026-09-21T08:56:39.851Z","අධිකරණ තීන්දුවලට ගරු කරමින්ම ජනාධිපති සමාව අයදිමු."
"SL-PET-10903","පී. බී. චතුරංග නවරත්න","19*****733","0713568716","galle","2026-09-21T08:55:59.684Z",""
"SL-PET-11823","එච්. එම්. ප්‍රදීප් ලියනගේ","19*****277","0781559029","kalutara","2026-09-21T08:55:53.972Z",""
"SL-PET-11849","විජේසිංහ සුනේත්‍රා","77*****26V","0776430598","polonnaruwa","2026-09-21T08:54:45.848Z","ගරු ජනාධිපතිතුමනි, කරුණාවෙන් සලකා බලන්න."
"SL-PET-13716","එච්. එම්. ප්‍රේමරත්න ප්‍රනාන්දු","19*****295","0779020916","colombo","2026-09-21T08:54:28.519Z",""
"SL-PET-12024","කේ. ඒ. මනෝරි කහඳගමගේ","19*****836","0759522244","badulla","2026-09-21T08:52:40.068Z","ප්‍රජාතන්ත්‍රවාදී මහජන හඬට සවන් දෙන්න."
"SL-PET-13006","ඩබ්. එම්. තිලක් මාරසිංහ","19*****405","0763923580","galle","2026-09-21T08:51:27.462Z",""
"SL-PET-11657","කේ. ඒ. ප්‍රදීප් සිරිවර්ධන","20*****452","0751640398","kegalle","2026-09-21T08:51:01.967Z","රට ජාතිය ආගම වෙනුවෙන් හඬක් නැගූ හිමියන්ට නිදහස ලැබේවා."
"SL-PET-11420","ගයත්‍රි රාජපක්ෂ (ගයත්‍රි)","72*****94V","0773060699","ratnapura","2026-09-21T08:50:39.098Z","නිරෝගී සුවය හා නිදහස ලැබේවා."
"SL-PET-13349","එච්. එම්. දිල්හානි දේවප්‍රිය","19*****414","0725533638","colombo","2026-09-21T08:49:47.175Z",""
"SL-PET-11607","පී. බී. කුමුදුනී බණ්ඩාර","89*****64V","0727048219","ratnapura","2026-09-21T08:49:04.430Z",""
"SL-PET-12951","පී. බී. ගයත්‍රි විජේමාන්න","19*****289","0751799857","matara","2026-09-21T08:47:10.344Z","අපගේ ආශිර්වාදය හා සහයෝගය උන්වහන්සේ සමගයි."
"SL-PET-12098","නලින් කරුණාරත්න (නලින්)","20*****955","0709947780","ratnapura","2026-09-21T08:41:15.383Z",""
"SL-PET-10920","විජේමාන්න උදාරි","78*****10V","0702732064","gampaha","2026-09-21T08:41:12.648Z",""
"SL-PET-12622","පී. බී. දීපිකා කහඳගමගේ","86*****34V","0711786676","galle","2026-09-21T08:41:10.911Z",""
"SL-PET-11659","මාලක මහවිතාන","76*****66V","0726363947","overseas","2026-09-21T08:41:09.065Z",""
"SL-PET-11748","ඩබ්. එම්. මහින්ද කහඳගමගේ","20*****908","0721692388","anuradhapura","2026-09-21T08:39:02.206Z","ප්‍රජාතන්ත්‍රවාදී මහජන හඬට සවන් දෙන්න."
"SL-PET-10841","රත්නායක චතුරිකා","93*****49V","0703704435","ampara","2026-09-21T08:38:13.251Z","ඥානසාර හිමියන්ට කඩිනම් ජනාධිපති සමාව ලබා දෙන්න."
"SL-PET-13749","දසනායක කුසුම්","19*****421","0728719401","matara","2026-09-21T08:37:03.079Z",""
"SL-PET-12730","ඩබ්. එම්. චම්පා ගුණතිලක","69*****43V","0713767212","anuradhapura","2026-09-21T08:35:55.960Z",""
"SL-PET-10745","රේණුකා කරුණාරත්න","83*****51V","0726944032","trincomalee","2026-09-21T08:35:39.050Z",""
"SL-PET-11816","නිලන්ති විජේතුංග (නිලන්ති)","19*****737","0752283408","kurunegala","2026-09-21T08:34:53.186Z","අධිකරණ තීන්දුවලට ගරු කරමින්ම ජනාධිපති සමාව අයදිමු."
"SL-PET-13710","කේ. ඒ. සදුනි සෝමරත්න","19*****492","0727069859","kandy","2026-09-21T08:34:49.496Z","සාමකාමී ශ්‍රී ලංකාවක් උදෙසා උන්වහන්සේ නිදහස් කරන්න."
"SL-PET-11479","එච්. එම්. මනෝජ් ගුණතිලක","77*****29V","0706960982","badulla","2026-09-21T08:34:35.484Z",""
"SL-PET-11670","එච්. එම්. සුදර්ශනී ගුණසේකර","70*****83V","0708999664","kalutara","2026-09-21T08:34:06.386Z","ඥානසාර හිමියන්ට කඩිනම් ජනාධිපති සමාව ලබා දෙන්න."
"SL-PET-11994","ඩබ්. එම්. උපුල් දේවප්‍රිය","71*****66V","0757709969","kalutara","2026-09-21T08:32:32.534Z",""
"SL-PET-13144","බෙල්ලන්විල ඥානවිමල හිමි","67*****28V","0787570635","hambantota","2026-09-21T08:32:13.936Z",""
"SL-PET-11716","කේ. ඒ. ජීවන්ත නවරත්න","19*****201","0751380479","matara","2026-09-21T08:25:26.910Z",""
"SL-PET-12770","ආර්. එම්. කුමාර දේවප්‍රිය","80*****63V","0719227355","kurunegala","2026-09-21T08:24:37.951Z",""
"SL-PET-13338","කේ. ඒ. රවින්ද්‍ර මදුශංක","84*****72V","0774601210","nuwaraeliya","2026-09-21T08:24:37.654Z","බුද්ධ ශාසනයේ ආරක්ෂාව උදෙසා උන්වහන්සේ මුදාහරින්න."
"SL-PET-13739","කේ. ඒ. අමිල ගුණසේකර","74*****56V","0752070618","kandy","2026-09-21T08:24:33.498Z",""
"SL-PET-11937","පී. බී. ජගත් ප්‍රේමචන්ද්‍ර","19*****350","0701601673","kalutara","2026-09-21T08:19:52.408Z",""
"SL-PET-12333","කරුණාරත්න ලලිත්","67*****56V","0757568595","kegalle","2026-09-21T08:17:16.472Z","සාමකාමී ශ්‍රී ලංකාවක් උදෙසා උන්වහන්සේ නිදහස් කරන්න."
"SL-PET-11828","එච්. එම්. ප්‍රමෝද් සිල්වා","89*****98V","0759979270","anuradhapura","2026-09-21T08:16:18.201Z","රට ජාතිය ආගම වෙනුවෙන් හඬක් නැගූ හිමියන්ට නිදහස ලැබේවා."
"SL-PET-11139","සචින් බණ්ඩාර (සචින්)","85*****72V","0784093398","gampaha","2026-09-21T08:14:29.535Z",""
"SL-PET-12220","පී. බී. සුපුන් හපුආරච්චි","19*****123","0722704559","anuradhapura","2026-09-21T08:14:07.458Z","සාමකාමී ශ්‍රී ලංකාවක් උදෙසා උන්වහන්සේ නිදහස් කරන්න."
"SL-PET-11554","පී. බී. කුමාර සේනාරත්න","66*****44V","0712433547","kalutara","2026-09-21T08:08:18.971Z",""
"SL-PET-11266","ආර්. එම්. කුසුම් සුමනපාල","19*****883","0712219171","galle","2026-09-21T08:08:18.948Z",""
"SL-PET-11362","කේ. ඒ. චතුර මදුශංක","75*****55V","0729890412","polonnaruwa","2026-09-21T08:04:06.628Z","පෙත්සම සාර්ථක වේවා!"
"SL-PET-10853","ඩබ්. එම්. සුනේත්‍රා හේරත්","72*****78V","0789990379","anuradhapura","2026-09-21T08:01:45.083Z",""
"SL-PET-11941","පෙරේරා තරිඳු","67*****78V","0763678891","anuradhapura","2026-09-21T08:00:36.953Z","අපේ ප්‍රාර්ථනාව කඩිනමින් ඉටුවේවා!"
"SL-PET-11982","දර්ශන සෙනෙවිරත්න","63*****29V","0701600561","matara","2026-09-21T07:59:40.606Z","ඥානසාර හිමියන්ට කඩිනම් ජනාධිපති සමාව ලබා දෙන්න."
"SL-PET-12798","ආර්. එම්. සදුනි කළුවිතාරණ","64*****90V","0768072191","kurunegala","2026-09-21T07:56:16.849Z",""
"SL-PET-10984","ආර්. එම්. සුනිල් සුමනපාල","19*****186","0768568769","kalutara","2026-09-21T07:56:07.383Z",""
"SL-PET-10674","කේ. ඒ. රොමේෂ් මඩවලගේ","62*****89V","0727138085","kandy","2026-09-21T07:48:04.175Z",""
"SL-PET-11023","පූජ්‍ය මාදුළුවාවේ ධම්මරක්ඛිත හිමි","90*****22V","0702881756","anuradhapura","2026-09-21T07:47:05.998Z","අධිකරණ තීන්දුවලට ගරු කරමින්ම ජනාධිපති සමාව අයදිමු."
"SL-PET-11378","කේ. ඒ. සුජාතා ජයසිංහ","19*****656","0705803986","colombo","2026-09-21T07:45:55.163Z","ගරු ජනාධිපතිතුමනි, කරුණාවෙන් සලකා බලන්න."
"SL-PET-13853","චාන්දනී ආටිගල (චාන්දනී)","19*****623","0756780103","anuradhapura","2026-09-21T07:42:16.886Z",""
"SL-PET-13514","ආර්. එම්. සන්ධ්‍යා ප්‍රේමචන්ද්‍ර","74*****96V","0756271578","ratnapura","2026-09-21T07:41:41.010Z",""
"SL-PET-12391","චමින්ද ප්‍රනාන්දු","72*****46V","0713730112","polonnaruwa","2026-09-21T07:40:41.813Z",""
"SL-PET-10773","එච්. එම්. මනෝජා අබේසේකර","84*****68V","0751258517","anuradhapura","2026-09-21T07:40:39.747Z",""
"SL-PET-13238","සුනිල් හේරත්","68*****69V","0759691646","matale","2026-09-21T07:32:44.449Z",""
"SL-PET-11073","ආර්. එම්. චම්පා අතුකෝරල","93*****35V","0762352175","badulla","2026-09-21T07:32:01.894Z",""
"SL-PET-11705","ආර්. එම්. බුද්ධික සිල්වා","75*****97V","0764096609","polonnaruwa","2026-09-21T07:31:05.602Z","අධිකරණ තීන්දුවලට ගරු කරමින්ම ජනාධිපති සමාව අයදිමු."
"SL-PET-13814","පූජ්‍ය රත්නපුරේ සුමන හිමි","95*****56V","0709407865","kegalle","2026-09-21T07:30:02.183Z","ප්‍රජාතන්ත්‍රවාදී මහජන හඬට සවන් දෙන්න."
"SL-PET-12180","ජීවන්ත ලියනගේ (ජීවන්ත)","19*****469","0777338798","gampaha","2026-09-21T07:29:13.713Z","අපේ ප්‍රාර්ථනාව කඩිනමින් ඉටුවේවා!"
"SL-PET-11348","රණසිංහ සංජීව","78*****41V","0769713534","colombo","2026-09-21T07:26:24.261Z",""
"SL-PET-11246","එච්. එම්. අනුරාධා සුමනපාල","61*****63V","0788381964","badulla","2026-09-21T07:23:42.607Z","සමාව ලබා දී උන්වහන්සේ මුදාහරින්න."
"SL-PET-11508","පූජ්‍ය වටපොත විපස්සී හිමි","91*****18V","0723194403","anuradhapura","2026-09-21T07:23:06.707Z",""
"SL-PET-12602","විජේතුංග මනෝරි","81*****28V","0716020333","puttalam","2026-09-21T07:21:20.166Z",""
"SL-PET-12103","බුද්ධික විජේමාන්න","72*****95V","0766837889","ampara","2026-09-21T07:19:39.802Z","සාධාරණත්වය ඉටු කරන්න."
"SL-PET-12244","ආර්. එම්. තක්ෂිලා බණ්ඩාර","81*****80V","0786610917","galle","2026-09-21T07:16:49.614Z",""
"SL-PET-12727","පියුමි මදුශංක","85*****74V","0771085431","gampaha","2026-09-21T07:15:34.660Z","ප්‍රජාතන්ත්‍රවාදී මහජන හඬට සවන් දෙන්න."
"SL-PET-13418","රණසිංහ අජිත්","20*****494","0704281687","matara","2026-09-21T07:10:56.660Z",""
"SL-PET-12438","ඉන්දිරා දැදිගම","64*****64V","0784852752","gampaha","2026-09-21T07:05:27.350Z",""
"SL-PET-13367","ප්‍රේමචන්ද්‍ර ප්‍රේමරත්න","19*****156","0778770684","kandy","2026-09-21T07:03:46.562Z","සාමකාමී ශ්‍රී ලංකාවක් උදෙසා උන්වහන්සේ නිදහස් කරන්න."
"SL-PET-10571","ආර්. එම්. ඉසුරු වසන්ත","19*****632","0757799611","gampaha","2026-09-21T06:57:01.799Z",""
"SL-PET-12375","සන්ධ්‍යා ලියනගේ (සන්ධ්‍යා)","79*****43V","0757312468","kalutara","2026-09-21T06:56:46.660Z","බුද්ධ ශාසනයේ ආරක්ෂාව උදෙසා උන්වහන්සේ මුදාහරින්න."
"SL-PET-12403","දසනායක ලක්ෂිකා","80*****90V","0714589239","galle","2026-09-21T06:53:13.832Z","සාධාරණත්වය ඉටු කරන්න."
"SL-PET-13860","ඩබ්. එම්. තිළිණ කුලතුංග","19*****275","0752124931","ratnapura","2026-09-21T06:52:54.990Z",""
"SL-PET-13186","ආර්. එම්. ලක්ෂ්මන් ඉලංගකෝන්","20*****390","0713264748","galle","2026-09-21T06:51:54.345Z",""
"SL-PET-10502","පී. බී. අසංක විජේතුංග","20*****248","0751838645","ampara","2026-09-21T06:51:15.798Z","සමාව ලබා දී උන්වහන්සේ මුදාහරින්න."
"SL-PET-12197","හේමන්ත රත්නායක (හේමන්ත)","67*****16V","0761111606","polonnaruwa","2026-09-21T06:46:14.425Z","බුද්ධ ශාසනයේ ආරක්ෂාව උදෙසා උන්වහන්සේ මුදාහරින්න."
"SL-PET-12740","ඩබ්. එම්. වසන්ති ජයසිංහ","19*****165","0764518313","puttalam","2026-09-21T06:46:06.263Z",""
"SL-PET-10569","මාලක මඩවලගේ","65*****70V","0756908568","matale","2026-09-21T06:45:41.967Z","අධිකරණ තීන්දුවලට ගරු කරමින්ම ජනාධිපති සමාව අයදිමු."
"SL-PET-13354","ප්‍රමෝද් සෙනෙවිරත්න (ප්‍රමෝද්)","19*****753","0766980874","matale","2026-09-21T06:42:22.529Z",""
"SL-PET-11734","හපුආරච්චි තිළිණ","86*****58V","0722230546","ratnapura","2026-09-21T06:40:46.878Z",""
"SL-PET-13543","එච්. එම්. ශ්‍රියානි මාරසිංහ","67*****46V","0705819347","puttalam","2026-09-21T06:39:44.802Z",""
"SL-PET-12742","කේ. ඒ. චමින්ද විජේමාන්න","67*****56V","0784638827","polonnaruwa","2026-09-21T06:38:56.270Z",""
"SL-PET-11272","චමින්ද රත්නායක","71*****85V","0789637205","nuwaraeliya","2026-09-21T06:34:53.187Z",""
"SL-PET-11242","සචින් විජේරත්න","19*****367","0724086656","monaragala","2026-09-21T06:34:13.588Z","අධිකරණ තීන්දුවලට ගරු කරමින්ම ජනාධිපති සමාව අයදිමු."
"SL-PET-10730","ආටිගල අතුල","19*****219","0725079796","kurunegala","2026-09-21T06:31:25.107Z",""
"SL-PET-12833","සන්ධ්‍යා දසනායක (සන්ධ්‍යා)","70*****51V","0718092224","gampaha","2026-09-21T06:27:05.392Z","අපේ පූර්ණ සහයෝගය පෙත්සමට හිමිවේ."
"SL-PET-13414","පී. බී. සචින් කළුවිතාරණ","19*****911","0753612274","kandy","2026-09-21T06:26:04.252Z",""
"SL-PET-11087","ආර්. එම්. අසංක සුමනපාල","67*****33V","0721041965","colombo","2026-09-21T06:24:20.961Z",""
"SL-PET-12799","කේ. ඒ. නිලන්ති බණ්ඩාර","66*****81V","0708966916","badulla","2026-09-21T06:23:14.467Z","සාධාරණත්වය ඉටු කරන්න."
"SL-PET-11091","ඩබ්. එම්. අයේෂා රණවීර","82*****19V","0782145481","kurunegala","2026-09-21T06:22:35.165Z","ලක්ෂ 50 ක ජනතා හඬට ඇහුම්කන් දෙන්න."
"SL-PET-11032","පී. බී. ගයාන් සමරසේකර","85*****73V","0752852989","anuradhapura","2026-09-21T06:21:34.598Z",""
"SL-PET-12158","ශ්‍රියානි ප්‍රනාන්දු","71*****98V","0719031821","matara","2026-09-21T06:19:55.309Z","අපගේ ආශිර්වාදය හා සහයෝගය උන්වහන්සේ සමගයි."
"SL-PET-11270","දුමින්ද සිල්වා","93*****15V","0773994714","overseas","2026-09-21T06:19:12.523Z",""
"SL-PET-13141","ජයවර්ධන මහින්ද","73*****45V","0707021905","gampaha","2026-09-21T06:16:27.226Z",""
"SL-PET-12010","ආර්. එම්. හේමන්ත මෙන්ඩිස්","91*****29V","0763882232","polonnaruwa","2026-09-21T06:16:22.084Z","බුද්ධ ශාසනයේ ආරක්ෂාව උදෙසා උන්වහන්සේ මුදාහරින්න."
"SL-PET-12392","මහවිතාන මනෝරි","88*****76V","0769219115","hambantota","2026-09-21T06:15:42.055Z",""
"SL-PET-10621","කේ. ඒ. චාන්දනී රාජපක්ෂ","19*****249","0718432003","kegalle","2026-09-21T06:14:42.777Z","අධිකරණ තීන්දුවලට ගරු කරමින්ම ජනාධිපති සමාව අයදිමු."
"SL-PET-12523","එච්. එම්. මහේෂ් ඉලංගකෝන්","20*****871","0723192995","ampara","2026-09-21T06:14:38.918Z",""
"SL-PET-12366","ඩබ්. එම්. ජගත් සුමනසේකර","68*****65V","0768977237","kandy","2026-09-21T06:12:27.981Z","ඥානසාර හිමියන්ට කඩිනම් ජනාධිපති සමාව ලබා දෙන්න."
"SL-PET-11098","කේ. ඒ. ගයාන් බණ්ඩාර","19*****997","0729181286","ratnapura","2026-09-21T06:10:57.407Z",""
"SL-PET-12295","පී. බී. ශිරාන් මදුශංක","75*****79V","0771437634","gampaha","2026-09-21T06:09:44.151Z",""
"SL-PET-12239","එච්. එම්. ගයාන් ඉලංගකෝන්","73*****60V","0701414398","badulla","2026-09-21T06:09:13.449Z",""
"SL-PET-13883","එච්. එම්. බුද්ධික වසන්ත","19*****112","0706750041","badulla","2026-09-21T06:05:45.645Z",""
"SL-PET-13856","ආර්. එම්. නයනා කුමාරසිංහ","19*****431","0788098060","anuradhapura","2026-09-21T06:04:11.704Z",""
"SL-PET-13768","ඩබ්. එම්. කුමුදුනී මෙන්ඩිස්","70*****90V","0776616143","kandy","2026-09-21T06:00:04.307Z",""
"SL-PET-11002","ආර්. එම්. සුජාතා සුමනපාල","75*****29V","0717991301","badulla","2026-09-21T05:57:05.503Z",""
"SL-PET-11785","සුදර්ශනී මදුශංක (සුදර්ශනී)","82*****50V","0758439009","kalutara","2026-09-21T05:55:14.347Z",""
"SL-PET-10617","පී. බී. ජනක ජයසිංහ","79*****37V","0719222140","galle","2026-09-21T05:50:45.672Z",""
"SL-PET-13680","ආර්. එම්. සුනිල් නවරත්න","19*****411","0716725013","colombo","2026-09-21T05:48:19.882Z",""
"SL-PET-10933","ආර්. එම්. අතුල සෙනෙවිරත්න","83*****12V","0725469043","colombo","2026-09-21T05:47:19.848Z","සියලු සත්වයෝ සුවපත් වෙත්වා! ඉක්මන් නිදහස පතමු."
"SL-PET-10595","එච්. එම්. මධුෂිකා මදුශංක","75*****28V","0706784644","gampaha","2026-09-21T05:47:17.109Z",""
"SL-PET-13292","මධුෂිකා හේරත් (මධුෂිකා)","96*****26V","0701928945","kurunegala","2026-09-21T05:43:52.936Z",""
"SL-PET-13501","ප්‍රනාන්දු මල්කාන්ති","19*****754","0779775217","galle","2026-09-21T05:42:12.140Z","අපගේ ආශිර්වාදය හා සහයෝගය උන්වහන්සේ සමගයි."
"SL-PET-11799","මනෝජ් පෙරේරා (මනෝජ්)","91*****74V","0786516991","anuradhapura","2026-09-21T05:40:33.567Z",""
"SL-PET-12962","කේ. ඒ. කුෂාන් විජේරත්න","81*****54V","0711921822","hambantota","2026-09-21T05:37:10.897Z","සමාව ලබා දී උන්වහන්සේ මුදාහරින්න."
"SL-PET-11008","පී. බී. සුජාතා වික්‍රමසිංහ","19*****975","0717278504","kurunegala","2026-09-21T05:33:19.290Z",""
"SL-PET-10960","ආර්. එම්. කෞශල්‍යා තිලකරත්න","19*****793","0705084097","polonnaruwa","2026-09-21T05:33:02.095Z",""
"SL-PET-11637","තිසර රත්නායක (තිසර)","80*****44V","0769046167","gampaha","2026-09-21T05:31:55.147Z",""
"SL-PET-12292","මනෝරි රත්නායක","99*****15V","0785875208","kandy","2026-09-21T05:30:45.481Z",""
"SL-PET-13034","ශිරාන් විතානගේ (ශිරාන්)","89*****97V","0759832243","badulla","2026-09-21T05:29:02.899Z","රට ජාතිය ආගම වෙනුවෙන් හඬක් නැගූ හිමියන්ට නිදහස ලැබේවා."
"SL-PET-10616","පී. බී. මනෝරි කුමාරසිංහ","19*****627","0726465825","kurunegala","2026-09-21T05:28:40.247Z","පෙත්සම සාර්ථක වේවා!"
"SL-PET-10510","දිනූෂ විජේසිංහ","82*****58V","0708190650","ratnapura","2026-09-21T05:26:33.016Z",""
"SL-PET-10660","ආර්. එම්. මාලා ප්‍රේමචන්ද්‍ර","66*****75V","0756202296","hambantota","2026-09-21T05:26:19.522Z",""
"SL-PET-12025","එච්. එම්. නිහාල් විජේමාන්න","84*****82V","0707320643","matara","2026-09-21T05:25:40.644Z","බුද්ධ ශාසනයේ ආරක්ෂාව උදෙසා උන්වහන්සේ මුදාහරින්න."
"SL-PET-11491","පූජ්‍ය රජවත්තේ සුමන හිමි","98*****78V","0728016508","ratnapura","2026-09-21T05:24:57.231Z",""
"SL-PET-12783","ඩබ්. එම්. නලින් කුලතුංග","94*****54V","0756204794","galle","2026-09-21T05:22:47.747Z",""
"SL-PET-12013","විතානගේ ලක්ෂිකා","92*****51V","0755984120","badulla","2026-09-21T05:18:13.970Z","අපේ ප්‍රාර්ථනාව කඩිනමින් ඉටුවේවා!"
"SL-PET-12877","ගුණසේකර මාලා","69*****20V","0724707250","trincomalee","2026-09-21T05:17:10.186Z",""
"SL-PET-11930","එච්. එම්. ගයාන් දේවප්‍රිය","98*****45V","0717341333","monaragala","2026-09-21T05:15:59.118Z","රට ජාතිය ආගම වෙනුවෙන් හඬක් නැගූ හිමියන්ට නිදහස ලැබේවා."
"SL-PET-10819","පූජ්‍ය බදුල්ලේ මේධානන්ද හිමි","70*****67V","0704138153","kegalle","2026-09-21T05:15:22.737Z","ඥානසාර හිමියන්ට කඩිනම් ජනාධිපති සමාව ලබා දෙන්න."
"SL-PET-10538","ආර්. එම්. නිහාල් රාජපක්ෂ","65*****69V","0703337957","anuradhapura","2026-09-21T05:13:46.744Z",""
"SL-PET-13756","කේ. ඒ. අතුල දැදිගම","19*****883","0713945844","badulla","2026-09-21T05:12:05.669Z",""
"SL-PET-11291","රාජපක්ෂ රොෂාන්","84*****78V","0714583584","kandy","2026-09-21T05:11:25.499Z","උතුම් දළදා සමිඳු පිහිටෙන් නිදහස ලැබේවා."
"SL-PET-12759","හපුආරච්චි දිල්හානි","19*****485","0787203425","overseas","2026-09-21T05:07:46.048Z","සමාව ලබා දී උන්වහන්සේ මුදාහරින්න."
"SL-PET-11963","ඩබ්. එම්. නිහාල් අතුකෝරල","77*****64V","0776261573","kurunegala","2026-09-21T05:07:43.024Z",""
"SL-PET-11022","ඩබ්. එම්. මනෝජා ප්‍රනාන්දු","20*****899","0725677613","kurunegala","2026-09-21T05:06:18.736Z",""
"SL-PET-13536","මදුශංක මහින්ද","19*****541","0759246895","colombo","2026-09-21T05:05:33.211Z",""
"SL-PET-12968","පී. බී. ගයත්‍රි ප්‍රේමචන්ද්‍ර","87*****10V","0772845136","gampaha","2026-09-21T05:02:58.254Z",""
"SL-PET-13509","නිරංජලා මදුශංක (නිරංජලා)","86*****68V","0701232199","hambantota","2026-09-21T05:02:41.350Z","පෙත්සම සාර්ථක වේවා!"
"SL-PET-11642","එච්. එම්. සමිත සෙනෙවිරත්න","83*****99V","0767165072","kurunegala","2026-09-21T04:58:29.010Z",""
"SL-PET-12787","කේ. ඒ. රොෂාන් අතුකෝරල","19*****154","0774178612","kegalle","2026-09-21T04:58:12.591Z",""
"SL-PET-12380","විජේරත්න මල්කාන්ති","71*****17V","0777411614","overseas","2026-09-21T04:58:11.685Z","අපේ ප්‍රාර්ථනාව කඩිනමින් ඉටුවේවා!"
"SL-PET-13227","කේ. ඒ. කුමුදු සුමනසේකර","19*****783","0725166581","nuwaraeliya","2026-09-21T04:57:22.160Z",""
"SL-PET-13568","එච්. එම්. කසුන් රණසිංහ","20*****999","0714214999","gampaha","2026-09-21T04:56:55.262Z",""
"SL-PET-12888","දර්ශන බණ්ඩාර","20*****490","0753648753","galle","2026-09-21T04:56:00.403Z","බුද්ධ ශාසනයේ ආරක්ෂාව උදෙසා උන්වහන්සේ මුදාහරින්න."
"SL-PET-12592","පී. බී. සුජාතා ගුණසේකර","80*****99V","0774226668","badulla","2026-09-21T04:55:43.441Z",""
"SL-PET-13640","එච්. එම්. සංජීව හේරත්","19*****152","0725299514","matale","2026-09-21T04:55:08.668Z","අපගේ ආශිර්වාදය හා සහයෝගය උන්වහන්සේ සමගයි."
"SL-PET-12957","මඩවලගේ හර්ෂ","20*****951","0714927026","monaragala","2026-09-21T04:53:06.281Z","සියලු සත්වයෝ සුවපත් වෙත්වා! ඉක්මන් නිදහස පතමු."
"SL-PET-12715","ආර්. එම්. ඉසුරු කළුවිතාරණ","19*****479","0773280565","matale","2026-09-21T04:51:06.381Z",""
"SL-PET-10653","එච්. එම්. රුචිරා රණවීර","75*****26V","0712123224","monaragala","2026-09-21T04:50:07.877Z",""
"SL-PET-12291","ලියනගේ දිනේෂ්","96*****41V","0783270167","badulla","2026-09-21T04:49:19.997Z","සියලු සත්වයෝ සුවපත් වෙත්වා! ඉක්මන් නිදහස පතමු."
"SL-PET-11530","කුමාර රණවීර","72*****20V","0719017938","matale","2026-09-21T04:49:17.856Z",""
"SL-PET-11575","පී. බී. ගයත්‍රි දසනායක","79*****83V","0759100390","monaragala","2026-09-21T04:47:06.350Z",""
"SL-PET-13295","අතුල විතානගේ (අතුල)","84*****77V","0705642498","kurunegala","2026-09-21T04:45:48.535Z",""
"SL-PET-11278","චතුරංග මහවිතාන","64*****99V","0762015208","gampaha","2026-09-21T04:44:37.159Z",""
"SL-PET-12540","නිලන්ති සිරිවර්ධන","19*****469","0782895151","matale","2026-09-21T04:41:49.521Z",""
"SL-PET-10661","විජේසිංහ සුජාතා","84*****73V","0718929667","monaragala","2026-09-21T04:36:43.310Z","සියලු සත්වයෝ සුවපත් වෙත්වා! ඉක්මන් නිදහස පතමු."
"SL-PET-11339","පූජ්‍ය පොළොන්නරුවේ සෝභිත හිමි","88*****15V","0713826190","polonnaruwa","2026-09-21T04:35:42.806Z","උතුම් දළදා සමිඳු පිහිටෙන් නිදහස ලැබේවා."
"SL-PET-13828","ලක්ෂිකා ප්‍රනාන්දු","76*****53V","0727310090","nuwaraeliya","2026-09-21T04:34:57.319Z","ලක්ෂ 50 ක ජනතා හඬට ඇහුම්කන් දෙන්න."
"SL-PET-13429","එච්. එම්. තක්ෂිලා රණවීර","92*****34V","0725296084","kandy","2026-09-21T04:34:43.605Z",""
"SL-PET-11013","දැදිගම ලලිත්","19*****797","0787031421","kurunegala","2026-09-21T04:34:28.227Z","ගරු ජනාධිපතිතුමනි, කරුණාවෙන් සලකා බලන්න."
"SL-PET-13821","එච්. එම්. අනෝජ් ජයසිංහ","64*****30V","0729004276","nuwaraeliya","2026-09-21T04:34:17.157Z",""
"SL-PET-10724","ආර්. එම්. අනෝමා ගුණතිලක","91*****76V","0773784648","hambantota","2026-09-21T04:33:52.539Z",""
"SL-PET-10896","කේ. ඒ. කුමුදුනී මද්දුමගේ","19*****268","0767049843","gampaha","2026-09-21T04:33:45.920Z","අපගේ ආශිර්වාදය හා සහයෝගය උන්වහන්සේ සමගයි."
"SL-PET-11594","ඩබ්. එම්. මනෝජ් රාජපක්ෂ","81*****53V","0719411458","anuradhapura","2026-09-21T04:32:18.139Z",""
"SL-PET-13690","ආර්. එම්. චතුර විජේමාන්න","19*****191","0757441682","colombo","2026-09-21T04:29:33.328Z",""
"SL-PET-13861","කේ. ඒ. රේණුකා සමරසේකර","19*****532","0725104691","colombo","2026-09-21T04:29:30.674Z","බුද්ධ ශාසනයේ ආරක්ෂාව උදෙසා උන්වහන්සේ මුදාහරින්න."
"SL-PET-12506","කේ. ඒ. නිරෝෂා සුමනපාල","65*****77V","0709515828","kurunegala","2026-09-21T04:28:47.751Z",""
"SL-PET-13466","චාන්දනී දිසානායක","68*****67V","0757884416","gampaha","2026-09-21T04:25:29.345Z",""
"SL-PET-13306","පූජ්‍ය අස්ගිරියේ ධම්මරක්ඛිත හිමි","74*****84V","0711719652","matara","2026-09-21T04:25:28.284Z",""
"SL-PET-12704","එච්. එම්. මහින්ද වසන්ත","20*****410","0728412129","ampara","2026-09-21T04:24:05.328Z",""
"SL-PET-13582","ආර්. එම්. අනුර රණසිංහ","20*****273","0779172835","ampara","2026-09-21T04:23:52.883Z","ත්‍රිවිධ හමුදා හා පුරවැසි ප්‍රජාවේ පූර්ණ සුභපැතුම්."
"SL-PET-11482","ඩබ්. එම්. මාලක සුමනසේකර","19*****511","0728682886","matale","2026-09-21T04:23:45.742Z",""
"SL-PET-10908","ජයවර්ධන අතුල","78*****73V","0765391463","gampaha","2026-09-21T04:19:26.550Z",""
"SL-PET-11492","හපුආරච්චි නුවන්","75*****51V","0718400918","matara","2026-09-21T04:17:25.017Z","ප්‍රජාතන්ත්‍රවාදී මහජන හඬට සවන් දෙන්න."
"SL-PET-11786","අතුල දේවප්‍රිය","68*****79V","0707795796","colombo","2026-09-21T04:17:20.168Z",""
"SL-PET-12124","පූජ්‍ය රජවත්තේ ධම්මජෝති හිමි","64*****99V","0723096638","ratnapura","2026-09-21T04:17:02.794Z",""
"SL-PET-11676","අතුල හපුආරච්චි","19*****788","0721541842","galle","2026-09-21T04:12:47.101Z",""
"SL-PET-13206","එච්. එම්. ගයත්‍රි ධර්මප්‍රිය","19*****118","0774139278","colombo","2026-09-21T04:05:36.771Z",""
"SL-PET-13285","ධර්මප්‍රිය හේමන්ත","65*****28V","0711152980","puttalam","2026-09-21T04:03:54.324Z",""
"SL-PET-12324","එච්. එම්. කුමුදු කුමාරසිංහ","98*****51V","0761171360","overseas","2026-09-21T04:03:07.790Z",""
"SL-PET-11970","චතුර කරුණාරත්න (චතුර)","80*****44V","0713022278","trincomalee","2026-09-21T04:02:53.491Z",""
"SL-PET-11801","ආර්. එම්. තක්ෂිලා සමරසේකර","70*****16V","0757466619","trincomalee","2026-09-21T04:00:35.081Z",""
"SL-PET-12364","කේ. ඒ. ජීවන්ත විජේසිංහ","61*****38V","0761527142","monaragala","2026-09-21T03:58:21.436Z","ගරු ජනාධිපතිතුමනි, කරුණාවෙන් සලකා බලන්න."
"SL-PET-11448","පී. බී. කෙවින් තිලකරත්න","19*****456","0711878409","matale","2026-09-21T03:56:40.914Z",""
"SL-PET-13424","දුමින්ද ගුණතිලක","20*****680","0703851156","puttalam","2026-09-21T03:50:21.505Z",""
"SL-PET-10799","චාන්දනී වික්‍රමරත්න","20*****573","0769212956","badulla","2026-09-21T03:49:40.502Z","සමාව ලබා දී උන්වහන්සේ මුදාහරින්න."
"SL-PET-10890","දැදිගම රේණුකා","74*****76V","0782227941","monaragala","2026-09-21T03:45:50.020Z","පෙත්සම සාර්ථක වේවා!"
"SL-PET-13077","සුපුන් ඉලංගකෝන්","86*****42V","0767586655","polonnaruwa","2026-09-21T03:45:00.455Z",""
"SL-PET-11181","සජිත් කුමාරසිංහ","87*****98V","0714216736","kegalle","2026-09-21T03:44:23.832Z","බුද්ධ ශාසනයේ ආරක්ෂාව උදෙසා උන්වහන්සේ මුදාහරින්න."
"SL-PET-13339","කේ. ඒ. ජීවන්ත විජේමාන්න","69*****30V","0711338553","overseas","2026-09-21T03:39:29.624Z",""
"SL-PET-10878","එච්. එම්. චම්පා ප්‍රනාන්දු","83*****99V","0763483348","gampaha","2026-09-21T03:38:17.581Z","බුද්ධ ශාසනයේ ආරක්ෂාව උදෙසා උන්වහන්සේ මුදාහරින්න."
"SL-PET-11243","මදුශංක දිනේෂ්","19*****935","0761872749","gampaha","2026-09-21T03:36:22.609Z",""
"SL-PET-12653","ඩබ්. එම්. වසන්ත බණ්ඩාර","63*****57V","0782771528","matale","2026-09-21T03:33:40.000Z",""
"SL-PET-12117","කරුණාරත්න මනෝරි","96*****70V","0712417092","trincomalee","2026-09-21T03:33:11.962Z",""
"SL-PET-13035","ඩබ්. එම්. රුචිරා බණ්ඩාර","19*****950","0717006547","gampaha","2026-09-21T03:31:30.352Z",""
"SL-PET-13826","සචින් ආටිගල (සචින්)","67*****92V","0782464358","ampara","2026-09-21T03:27:35.353Z",""
"SL-PET-12507","ප්‍රනාන්දු උපුල්","73*****95V","0788170067","gampaha","2026-09-21T03:27:34.469Z",""
"SL-PET-13425","ආර්. එම්. සජිත් දේවප්‍රිය","20*****750","0722229177","polonnaruwa","2026-09-21T03:26:18.316Z",""
"SL-PET-12711","කේ. ඒ. රොෂාන් වික්‍රමසිංහ","78*****42V","0783789450","anuradhapura","2026-09-21T03:24:09.132Z",""
"SL-PET-12966","සුනේත්‍රා ගුණතිලක (සුනේත්‍රා)","75*****54V","0785444530","ampara","2026-09-21T03:24:03.500Z","සාමකාමී ශ්‍රී ලංකාවක් උදෙසා උන්වහන්සේ නිදහස් කරන්න."
"SL-PET-11682","කේ. ඒ. අනෝමා විජේරත්න","20*****140","0703760735","ratnapura","2026-09-21T03:23:58.718Z",""
"SL-PET-10900","බුද්ධික රාජපක්ෂ","19*****827","0784733133","kurunegala","2026-09-21T03:18:25.313Z","නිරෝගී සුවය හා නිදහස ලැබේවා."
"SL-PET-11840","පූජ්‍ය කොටුගොඩ සෝභිත හිමි","19*****442","0784944414","anuradhapura","2026-09-21T03:16:57.889Z","සාමකාමී ශ්‍රී ලංකාවක් උදෙසා උන්වහන්සේ නිදහස් කරන්න."
"SL-PET-12869","මද්දුමගේ දීපිකා","74*****48V","0701697442","matara","2026-09-21T03:14:42.524Z",""
"SL-PET-12780","එච්. එම්. වසන්ති ප්‍රේමචන්ද්‍ර","68*****77V","0751938580","kurunegala","2026-09-21T03:13:28.713Z",""
"SL-PET-12394","සුපුන් කරුණාරත්න (සුපුන්)","19*****984","0751859275","matale","2026-09-21T03:09:55.814Z","ගරු ජනාධිපතිතුමනි, කරුණාවෙන් සලකා බලන්න."
"SL-PET-13403","කුලතුංග අනුරාධා","80*****64V","0752602669","kalutara","2026-09-21T03:07:19.883Z",""
"SL-PET-12558","ආර්. එම්. කුමුදු කුලතුංග","19*****543","0782407211","kurunegala","2026-09-21T03:06:40.722Z","බුද්ධ ශාසනයේ ආරක්ෂාව උදෙසා උන්වහන්සේ මුදාහරින්න."
"SL-PET-13204","චතුරිකා මහවිතාන (චතුරිකා)","90*****60V","0716602389","matale","2026-09-21T03:05:16.590Z",""
"SL-PET-11205","සරත් ප්‍රේමචන්ද්‍ර","19*****905","0761033550","nuwaraeliya","2026-09-21T03:03:30.336Z","පෙත්සම සාර්ථක වේවා!"
"SL-PET-10901","දිල්හානි වික්‍රමරත්න (දිල්හානි)","19*****917","0716602306","kalutara","2026-09-21T03:02:34.201Z","අපේ ප්‍රාර්ථනාව කඩිනමින් ඉටුවේවා!"
"SL-PET-11407","සුමනපාල අයේෂා","19*****762","0711169314","trincomalee","2026-09-21T03:00:24.537Z","පෙත්සම සාර්ථක වේවා!"
"SL-PET-10978","කේ. ඒ. සුනිල් අබේසේකර","19*****375","0781540256","matara","2026-09-21T02:57:29.427Z","පෙත්සම සාර්ථක වේවා!"
"SL-PET-11837","එච්. එම්. දිනුෂිකා ජයසිංහ","73*****89V","0751944812","ampara","2026-09-21T02:57:22.187Z",""
"SL-PET-12066","කේ. ඒ. මහේෂ් තිලකරත්න","84*****17V","0787238454","overseas","2026-09-21T02:55:35.040Z",""
"SL-PET-12176","ආර්. එම්. රුවන් ජයසිංහ","69*****92V","0774533819","kurunegala","2026-09-21T02:52:12.045Z",""
"SL-PET-11268","ආර්. එම්. කුමාර විජේතුංග","61*****29V","0702357597","ratnapura","2026-09-21T02:50:20.796Z",""
"SL-PET-12516","ආර්. එම්. ජීවන්ත සෝමරත්න","68*****83V","0725670190","monaragala","2026-09-21T02:50:15.753Z",""
"SL-PET-12316","අබේසේකර තිළිණ","96*****41V","0714168311","nuwaraeliya","2026-09-21T02:46:54.739Z",""
"SL-PET-12178","ආර්. එම්. සනත් මදුශංක","19*****678","0716235683","overseas","2026-09-21T02:45:59.785Z",""
"SL-PET-11777","ඩබ්. එම්. තිස්ස සෝමරත්න","77*****45V","0709354555","kalutara","2026-09-21T02:45:32.165Z",""
"SL-PET-10696","ප්‍රනාන්දු සිතුම්","97*****55V","0766135710","ratnapura","2026-09-21T02:44:56.358Z",""
"SL-PET-12508","සචින් මඩවලගේ (සචින්)","81*****91V","0775856526","colombo","2026-09-21T02:44:49.869Z",""
"SL-PET-11644","ඩබ්. එම්. මහේෂ් සුමනපාල","98*****64V","0784617070","ratnapura","2026-09-21T02:44:40.448Z",""
"SL-PET-11697","තිලකරත්න නිරෝෂා","20*****527","0714229614","anuradhapura","2026-09-21T02:38:20.200Z",""
"SL-PET-12352","කේ. ඒ. මහින්ද කුලතුංග","94*****94V","0771384782","anuradhapura","2026-09-21T02:36:28.828Z",""
"SL-PET-13098","ආර්. එම්. ලක්ෂ්මන් වසන්ත","74*****32V","0784733447","overseas","2026-09-21T02:30:49.517Z","අධිකරණ තීන්දුවලට ගරු කරමින්ම ජනාධිපති සමාව අයදිමු."
"SL-PET-13386","ආර්. එම්. තක්ෂිලා බණ්ඩාර","94*****97V","0755602920","kurunegala","2026-09-21T02:30:15.690Z",""
"SL-PET-12576","ඩබ්. එම්. ජනක වික්‍රමසිංහ","81*****32V","0706100157","nuwaraeliya","2026-09-21T02:29:47.914Z",""
"SL-PET-13358","සන්ධ්‍යා හපුආරච්චි","19*****111","0763994233","kurunegala","2026-09-21T02:28:12.873Z",""
"SL-PET-12959","කේ. ඒ. අතුල විජේතුංග","19*****574","0773381793","polonnaruwa","2026-09-21T02:28:01.472Z",""
"SL-PET-13379","සංජීව කහඳගමගේ (සංජීව)","90*****33V","0782622708","colombo","2026-09-21T02:28:00.279Z","අපේ ප්‍රාර්ථනාව කඩිනමින් ඉටුවේවා!"
"SL-PET-12768","අතුරලියේ ධම්මරක්ඛිත හිමි","19*****560","0785916376","overseas","2026-09-21T02:27:26.568Z",""
"SL-PET-13506","ප්‍රදීප් හේරත් (ප්‍රදීප්)","64*****56V","0783472619","kandy","2026-09-21T02:27:08.456Z",""
"SL-PET-13484","එච්. එම්. රුචිරා සෙනෙවිරත්න","87*****71V","0707581238","matara","2026-09-21T02:25:57.608Z","ගරු ජනාධිපතිතුමනි, කරුණාවෙන් සලකා බලන්න."
"SL-PET-12791","උපුල් රණසිංහ","86*****81V","0782710677","colombo","2026-09-21T02:25:14.842Z",""
"SL-PET-10829","කේ. ඒ. දිනුෂිකා සේනාරත්න","83*****31V","0708034428","gampaha","2026-09-21T02:23:59.177Z",""
"SL-PET-13387","ඩබ්. එම්. සුපුන් මද්දුමගේ","72*****79V","0767944413","badulla","2026-09-21T02:23:35.664Z",""
"SL-PET-10966","බණ්ඩාර ප්‍රේමරත්න","64*****65V","0755822342","puttalam","2026-09-21T02:20:59.969Z","සියලු සත්වයෝ සුවපත් වෙත්වා! ඉක්මන් නිදහස පතමු."
"SL-PET-10701","ආර්. එම්. තිලක් රත්නායක","74*****72V","0725337263","matara","2026-09-21T02:12:26.343Z","නිරෝගී සුවය හා නිදහස ලැබේවා."
"SL-PET-11464","ඩබ්. එම්. දිල්හානි සිල්වා","19*****661","0761706563","colombo","2026-09-21T02:11:53.102Z",""
"SL-PET-13346","ආර්. එම්. දුමින්ද රත්නායක","76*****75V","0721700024","ampara","2026-09-21T02:09:58.285Z",""
"SL-PET-12097","අනෝමා වසන්ත","72*****56V","0769064112","ampara","2026-09-21T02:09:41.995Z",""
"SL-PET-11972","විජේරත්න සරත්","19*****730","0767760390","kandy","2026-09-21T02:08:19.413Z",""
"SL-PET-11295","ඩබ්. එම්. සනත් ප්‍රනාන්දු","74*****88V","0778766614","kurunegala","2026-09-21T02:05:21.696Z","ගරු ජනාධිපතිතුමනි, කරුණාවෙන් සලකා බලන්න."
"SL-PET-13208","කේ. ඒ. සදුනි ප්‍රේමචන්ද්‍ර","85*****75V","0705135221","trincomalee","2026-09-21T02:04:06.648Z",""
"SL-PET-13539","දිල්හානි වසන්ත","79*****93V","0762059168","matara","2026-09-21T02:03:42.312Z",""
"SL-PET-12050","සිල්වා අනුරාධා","87*****54V","0715166963","anuradhapura","2026-09-21T02:00:53.311Z","සාමකාමී ශ්‍රී ලංකාවක් උදෙසා උන්වහන්සේ නිදහස් කරන්න."
"SL-PET-12296","කේ. ඒ. ජනක කුමාරසිංහ","85*****96V","0717245751","kurunegala","2026-09-21T01:59:17.901Z",""
"SL-PET-13420","නුවන් කුමාරසිංහ (නුවන්)","19*****995","0707551336","galle","2026-09-21T01:59:10.060Z",""
"SL-PET-11671","සෙනෙවිරත්න සුදර්ශනී","77*****49V","0763486981","monaragala","2026-09-21T01:49:13.306Z","සියලු සත්වයෝ සුවපත් වෙත්වා! ඉක්මන් නිදහස පතමු."
"SL-PET-12155","තරිඳු දේවප්‍රිය (තරිඳු)","72*****55V","0778003705","ratnapura","2026-09-21T01:49:04.318Z",""
"SL-PET-11055","ජනක රාජපක්ෂ","70*****43V","0758307338","anuradhapura","2026-09-21T01:47:29.647Z",""
"SL-PET-12458","පී. බී. ශිරාන් තිලකරත්න","86*****39V","0724677588","galle","2026-09-21T01:47:02.557Z","සාමකාමී ශ්‍රී ලංකාවක් උදෙසා උන්වහන්සේ නිදහස් කරන්න."
"SL-PET-10931","කේ. ඒ. හිරුණි කරුණාරත්න","19*****876","0719141429","galle","2026-09-21T01:46:19.845Z",""
"SL-PET-10868","ජගත් දිසානායක","80*****39V","0702386597","ampara","2026-09-21T01:45:14.442Z","බුද්ධ ශාසනයේ ආරක්ෂාව උදෙසා උන්වහන්සේ මුදාහරින්න."
"SL-PET-13587","කේ. ඒ. හර්ෂ වික්‍රමරත්න","20*****500","0708996459","kurunegala","2026-09-21T01:44:58.525Z",""
"SL-PET-13437","ආර්. එම්. සදුනි මහවිතාන","89*****48V","0701457307","matale","2026-09-21T01:43:34.837Z",""
"SL-PET-12789","තක්ෂිලා කළුවිතාරණ","78*****74V","0711546730","ampara","2026-09-21T01:38:44.578Z","සාමකාමී ශ්‍රී ලංකාවක් උදෙසා උන්වහන්සේ නිදහස් කරන්න."
"SL-PET-11753","රොෂාන් විජේමාන්න (රොෂාන්)","91*****81V","0727855093","ratnapura","2026-09-21T01:38:43.415Z",""
"SL-PET-13862","කහඳගමගේ මාලා","62*****59V","0716812520","colombo","2026-09-21T01:38:40.623Z","ලක්ෂ 50 ක ජනතා හඬට ඇහුම්කන් දෙන්න."
"SL-PET-11060","ඩබ්. එම්. මනෝජ් ගුණතිලක","88*****78V","0784158583","gampaha","2026-09-21T01:36:16.370Z","බුද්ධ ශාසනයේ ආරක්ෂාව උදෙසා උන්වහන්සේ මුදාහරින්න."
"SL-PET-12332","පී. බී. ලක්ෂිකා ලියනගේ","20*****772","0728443534","kalutara","2026-09-21T01:36:14.547Z",""
"SL-PET-11065","එච්. එම්. ඉසුරු කරුණාරත්න","98*****77V","0773878931","kurunegala","2026-09-21T01:35:13.950Z","ඥානසාර හිමියන්ට කඩිනම් ජනාධිපති සමාව ලබා දෙන්න."
"SL-PET-10840","එච්. එම්. තරිඳු රණවීර","19*****778","0782677111","hambantota","2026-09-21T01:34:56.258Z",""
"SL-PET-11542","බෙල්ලන්විල ආනන්ද හිමි","69*****95V","0722067127","overseas","2026-09-21T01:29:34.044Z",""
"SL-PET-12969","එච්. එම්. සුනෙත්‍රා ගුණසේකර","20*****815","0765184784","kurunegala","2026-09-21T01:27:45.807Z","රට ජාතිය ආගම වෙනුවෙන් හඬක් නැගූ හිමියන්ට නිදහස ලැබේවා."
"SL-PET-12603","තක්ෂිලා සෝමරත්න (තක්ෂිලා)","81*****79V","0767078474","colombo","2026-09-21T01:26:57.778Z",""
"SL-PET-11424","එච්. එම්. රවින්ද්‍ර රණවීර","20*****248","0789375474","trincomalee","2026-09-21T01:19:57.360Z",""
"SL-PET-12345","පී. බී. මහේෂ් මදුශංක","65*****67V","0774444714","gampaha","2026-09-21T01:17:15.950Z",""
"SL-PET-11873","ලියනගේ තිළිණ","77*****17V","0764875837","galle","2026-09-21T01:15:38.804Z",""
"SL-PET-11088","කේ. ඒ. සදුනි මෙන්ඩිස්","64*****70V","0787546684","colombo","2026-09-21T01:11:18.734Z","අපගේ ආශිර්වාදය හා සහයෝගය උන්වහන්සේ සමගයි."
"SL-PET-10636","එච්. එම්. සුනෙත්‍රා ප්‍රේමචන්ද්‍ර","19*****512","0787032376","ampara","2026-09-21T01:04:41.962Z",""
"SL-PET-10847","ඩබ්. එම්. සුජාතා අතුකෝරල","19*****772","0712249163","gampaha","2026-09-21T01:03:18.221Z",""
"SL-PET-12125","සිරිවර්ධන චතුර","19*****897","0718862305","colombo","2026-09-21T01:02:01.314Z","සමාව ලබා දී උන්වහන්සේ මුදාහරින්න."
"SL-PET-10664","නිලන්ති සිරිවර්ධන (නිලන්ති)","96*****28V","0779678812","hambantota","2026-09-21T01:01:54.570Z",""
"SL-PET-12950","එච්. එම්. සුනෙත්‍රා විජේසිංහ","19*****184","0727383374","ratnapura","2026-09-21T00:50:48.346Z",""
"SL-PET-12897","ආර්. එම්. චමින්ද ජයවර්ධන","19*****437","0763208175","kurunegala","2026-09-21T00:49:34.855Z","සියලු සත්වයෝ සුවපත් වෙත්වා! ඉක්මන් නිදහස පතමු."
"SL-PET-11525","ඩබ්. එම්. මහේෂ් මඩවලගේ","85*****31V","0758594169","ampara","2026-09-21T00:48:28.990Z",""
"SL-PET-12841","සනත් මඩවලගේ","62*****54V","0763136805","anuradhapura","2026-09-21T00:46:14.460Z",""
"SL-PET-13702","කේ. ඒ. සුනිල් දසනායක","67*****63V","0712563971","ratnapura","2026-09-21T00:44:56.662Z",""
"SL-PET-12819","ඩබ්. එම්. කුමාර කහඳගමගේ","19*****462","0701716112","gampaha","2026-09-21T00:42:25.647Z",""
"SL-PET-11030","ආර්. එම්. සංජීව කුමාරසිංහ","60*****50V","0751315478","ratnapura","2026-09-21T00:42:13.229Z",""
"SL-PET-11707","ආර්. එම්. සජිත් ආටිගල","83*****89V","0702429753","gampaha","2026-09-21T00:41:35.647Z",""
"SL-PET-11766","පී. බී. කුෂාන් දිසානායක","99*****72V","0726987109","kurunegala","2026-09-21T00:39:37.537Z",""
"SL-PET-13843","ඩබ්. එම්. සදුනි ජයවර්ධන","19*****223","0766935791","ratnapura","2026-09-21T00:34:54.575Z",""
"SL-PET-13428","පූජ්‍ය නාරද සීලරතන හිමි","61*****22V","0782861745","kurunegala","2026-09-21T00:34:33.745Z",""
"SL-PET-11423","පූජ්‍ය තිස්සමහාරාමයේ චන්දරතන හිමි","20*****828","0754866325","ratnapura","2026-09-21T00:31:55.838Z",""
"SL-PET-13275","ඩබ්. එම්. ඉන්දිරා ලියනගේ","19*****360","0783511837","matara","2026-09-21T00:29:32.225Z",""
"SL-PET-12285","සුනෙත්‍රා හපුආරච්චි","19*****948","0727831010","nuwaraeliya","2026-09-21T00:26:32.391Z","සාමකාමී ශ්‍රී ලංකාවක් උදෙසා උන්වහන්සේ නිදහස් කරන්න."
"SL-PET-12277","පී. බී. අමිල රණසිංහ","90*****18V","0713843318","badulla","2026-09-21T00:17:05.163Z",""
"SL-PET-13273","එච්. එම්. සුනේත්‍රා නවරත්න","64*****29V","0727100836","anuradhapura","2026-09-21T00:15:45.611Z",""
"SL-PET-10988","පී. බී. කුමාර ඉලංගකෝන්","64*****62V","0712288965","kandy","2026-09-21T00:15:22.299Z",""
"SL-PET-11422","පූජ්‍ය පොළොන්නරුවේ සුමනසාර හිමි","20*****192","0783835337","kalutara","2026-09-21T00:13:26.937Z",""
"SL-PET-13705","අතුකෝරල ලක්ෂිකා","61*****40V","0706056019","galle","2026-09-21T00:09:45.262Z",""
"SL-PET-12283","කුමුදු මද්දුමගේ (කුමුදු)","70*****52V","0708207035","polonnaruwa","2026-09-21T00:06:55.147Z","ලක්ෂ 50 ක ජනතා හඬට ඇහුම්කන් දෙන්න."
"SL-PET-12136","ආර්. එම්. වසන්ති විජේමාන්න","79*****29V","0777477466","trincomalee","2026-09-21T00:06:22.635Z",""
"SL-PET-12674","තිලකරත්න මනෝරි","85*****58V","0755481725","polonnaruwa","2026-09-21T00:05:59.318Z","සමාව ලබා දී උන්වහන්සේ මුදාහරින්න."
"SL-PET-11805","මල්කාන්ති මද්දුමගේ","74*****89V","0759856542","hambantota","2026-09-20T23:59:38.181Z",""
"SL-PET-10997","උපුල් විජේසිංහ","90*****89V","0783575170","trincomalee","2026-09-20T23:55:16.761Z",""
"SL-PET-12451","ඩබ්. එම්. හේමන්ත සිරිවර්ධන","72*****38V","0701358984","galle","2026-09-20T23:53:21.937Z","සමාව ලබා දී උන්වහන්සේ මුදාහරින්න."
"SL-PET-11900","නවරත්න නිලන්ති","99*****59V","0714736518","trincomalee","2026-09-20T23:52:19.359Z",""
"SL-PET-11698","ප්‍රමෝද් සමරසේකර (ප්‍රමෝද්)","19*****699","0754348401","galle","2026-09-20T23:52:03.363Z",""
"SL-PET-12148","චතුරිකා කුමාරසිංහ (චතුරිකා)","20*****924","0774716511","badulla","2026-09-20T23:51:28.901Z",""
"SL-PET-12946","විජේසූරිය පියුමි","19*****842","0772455352","matara","2026-09-20T23:49:59.732Z",""
"SL-PET-11948","සජිත් රත්නායක","77*****75V","0706900212","gampaha","2026-09-20T23:47:09.486Z","අපේ ප්‍රාර්ථනාව කඩිනමින් ඉටුවේවා!"
"SL-PET-12349","පූජ්‍ය මල්වත්තේ විපස්සී හිමි","19*****719","0774536869","kurunegala","2026-09-20T23:46:33.387Z",""
"SL-PET-13056","කේ. ඒ. හේමන්ත රණවීර","94*****91V","0778370521","colombo","2026-09-20T23:42:47.943Z","ලක්ෂ 50 ක ජනතා හඬට ඇහුම්කන් දෙන්න."
"SL-PET-13239","විජේතුංග රංජිත්","19*****697","0789263351","kurunegala","2026-09-20T23:41:58.250Z","ඥානසාර හිමියන්ට කඩිනම් ජනාධිපති සමාව ලබා දෙන්න."
"SL-PET-11094","කේ. ඒ. චම්පා සුමනසේකර","88*****46V","0707540993","colombo","2026-09-20T23:40:54.490Z",""
"SL-PET-10838","පූජ්‍ය රත්නපුරේ ඥානාලෝක හිමි","91*****35V","0767649367","matara","2026-09-20T23:38:58.933Z",""
"SL-PET-12997","තිස්ස වික්‍රමසිංහ","98*****46V","0752546839","kurunegala","2026-09-20T23:37:14.215Z",""
"SL-PET-10584","සදුනි ගුණතිලක","79*****54V","0722526730","badulla","2026-09-20T23:35:27.158Z",""
"SL-PET-12901","වසන්ත ලියනගේ (වසන්ත)","20*****938","0713683167","matale","2026-09-20T23:34:12.343Z","ලක්ෂ 50 ක ජනතා හඬට ඇහුම්කන් දෙන්න."
"SL-PET-13374","වික්‍රමසිංහ තිලක්","79*****86V","0764041799","colombo","2026-09-20T23:29:24.135Z","බුද්ධ ශාසනයේ ආරක්ෂාව උදෙසා උන්වහන්සේ මුදාහරින්න."
"SL-PET-13158","මාරසිංහ චතුර","19*****545","0702531654","puttalam","2026-09-20T23:29:02.080Z","ලක්ෂ 50 ක ජනතා හඬට ඇහුම්කන් දෙන්න."
"SL-PET-12595","ගුණසේකර අයේෂා","72*****10V","0781196568","anuradhapura","2026-09-20T23:28:51.272Z",""
"SL-PET-11755","කේ. ඒ. නුවන් විජේසිංහ","99*****13V","0713187342","monaragala","2026-09-20T23:27:56.335Z",""
"SL-PET-13045","හිරුණි කරුණාරත්න (හිරුණි)","70*****26V","0756325757","kandy","2026-09-20T23:25:56.687Z",""
"SL-PET-13623","පූජ්‍ය කුරුණෑගල ධම්මරක්ඛිත හිමි","19*****517","0771660265","anuradhapura","2026-09-20T23:25:02.109Z",""
"SL-PET-11997","එච්. එම්. සචින් විජේතුංග","79*****89V","0727835606","monaragala","2026-09-20T23:22:18.869Z","ගරු ජනාධිපතිතුමනි, කරුණාවෙන් සලකා බලන්න."
"SL-PET-13632","එච්. එම්. කුෂාන් ජයවර්ධන","87*****89V","0721357069","hambantota","2026-09-20T23:20:35.751Z",""
"SL-PET-13262","මඩවලගේ අමිල","19*****369","0704888727","polonnaruwa","2026-09-20T23:19:26.521Z",""
"SL-PET-11417","චතුරංග බණ්ඩාර (චතුරංග)","84*****64V","0712108955","colombo","2026-09-20T23:17:50.882Z","අපගේ ආශිර්වාදය හා සහයෝගය උන්වහන්සේ සමගයි."
"SL-PET-13854","ආර්. එම්. අමිල මදුශංක","65*****73V","0753456192","ampara","2026-09-20T23:17:41.180Z",""
"SL-PET-13416","කේ. ඒ. මාලා විජේමාන්න","79*****24V","0789545368","kurunegala","2026-09-20T23:13:30.753Z","අපේ පූර්ණ සහයෝගය පෙත්සමට හිමිවේ."
"SL-PET-10832","පී. බී. ප්‍රේමරත්න මෙන්ඩිස්","83*****16V","0778373724","colombo","2026-09-20T23:03:54.396Z",""
"SL-PET-10695","කුමාර මාරසිංහ","19*****479","0706444759","matara","2026-09-20T23:02:24.973Z",""
"SL-PET-12703","කුෂාන් වික්‍රමසිංහ (කුෂාන්)","67*****88V","0713616330","monaragala","2026-09-20T23:01:00.190Z","අපගේ ආශිර්වාදය හා සහයෝගය උන්වහන්සේ සමගයි."
"SL-PET-13482","පී. බී. රොෂාන් මහවිතාන","95*****49V","0718205522","galle","2026-09-20T23:00:48.296Z",""
"SL-PET-11285","පූජ්‍ය රත්නපුරේ සුමනසාර හිමි","20*****526","0757050905","kandy","2026-09-20T22:56:59.677Z","අධිකරණ තීන්දුවලට ගරු කරමින්ම ජනාධිපති සමාව අයදිමු."
"SL-PET-11206","එච්. එම්. ලක්ෂිකා ආටිගල","90*****19V","0712704458","overseas","2026-09-20T22:55:44.707Z",""
"SL-PET-13023","ආර්. එම්. අජිත් වික්‍රමරත්න","62*****91V","0779974524","badulla","2026-09-20T22:55:42.085Z",""
"SL-PET-13175","කේ. ඒ. ප්‍රමෝද් මහවිතාන","72*****13V","0711226712","kalutara","2026-09-20T22:55:12.135Z",""
"SL-PET-10845","ඩබ්. එම්. දිල්හානි අතුකෝරල","78*****40V","0752758189","overseas","2026-09-20T22:53:02.040Z",""
"SL-PET-12303","පී. බී. ඉන්දිරා සුමනපාල","19*****640","0753319416","badulla","2026-09-20T22:50:58.001Z",""
"SL-PET-11993","පී. බී. ප්‍රමෝද් තිලකරත්න","96*****40V","0716369241","kegalle","2026-09-20T22:50:41.789Z",""
"SL-PET-12431","කේ. ඒ. සන්ධ්‍යා නවරත්න","79*****27V","0704781561","matara","2026-09-20T22:49:39.165Z",""
"SL-PET-10910","කේ. ඒ. තක්ෂිලා වික්‍රමසිංහ","74*****96V","0763207260","matara","2026-09-20T22:46:22.644Z","පෙත්සම සාර්ථක වේවා!"
"SL-PET-12104","ඩබ්. එම්. බුද්ධික සුමනසේකර","60*****56V","0727918649","kandy","2026-09-20T22:45:02.824Z","සාධාරණත්වය ඉටු කරන්න."
"SL-PET-10786","එච්. එම්. හේමන්ත දසනායක","19*****893","0768391289","matara","2026-09-20T22:41:38.457Z",""
"SL-PET-12683","පී. බී. රුවන් හේරත්","99*****67V","0789670644","colombo","2026-09-20T22:41:25.184Z",""
"SL-PET-12807","පී. බී. ගයාන් කුමාරසිංහ","20*****232","0717495841","galle","2026-09-20T22:36:54.093Z",""
"SL-PET-12600","පී. බී. අනුරාධා විතානගේ","19*****240","0781321586","ampara","2026-09-20T22:35:24.554Z",""
"SL-PET-11450","එච්. එම්. අමිල රණසිංහ","19*****121","0787293539","matale","2026-09-20T22:30:28.167Z",""
"SL-PET-13708","පූජ්‍ය රත්නපුරේ ඥානාරාම හිමි","75*****82V","0724559583","trincomalee","2026-09-20T22:29:20.476Z",""
"SL-PET-11332","දිසානායක දර්ශන","92*****46V","0705771341","ratnapura","2026-09-20T22:24:28.282Z",""
"SL-PET-12447","කේ. ඒ. අනෝජ් ගුණසේකර","90*****26V","0763248800","gampaha","2026-09-20T22:24:26.611Z","සාධාරණත්වය ඉටු කරන්න."
"SL-PET-12593","එච්. එම්. උදාරි විතානගේ","78*****25V","0712039404","colombo","2026-09-20T22:22:54.253Z","ප්‍රජාතන්ත්‍රවාදී මහජන හඬට සවන් දෙන්න."
"SL-PET-12617","ඉසුරු මදුශංක (ඉසුරු)","78*****88V","0775991159","kurunegala","2026-09-20T22:21:48.621Z","සමාව ලබා දී උන්වහන්සේ මුදාහරින්න."
"SL-PET-11232","ඩබ්. එම්. සුදර්ශනී ජයසිංහ","19*****725","0774987752","ratnapura","2026-09-20T22:21:39.637Z",""
"SL-PET-12460","පී. බී. තක්ෂිලා සුමනසේකර","19*****845","0761549913","kalutara","2026-09-20T22:20:43.562Z",""
"SL-PET-11605","කේ. ඒ. චමින්ද කුමාරසිංහ","19*****621","0703785239","kurunegala","2026-09-20T22:18:30.908Z","ලක්ෂ 50 ක ජනතා හඬට ඇහුම්කන් දෙන්න."
"SL-PET-11484","එච්. එම්. ප්‍රදීප් ප්‍රේමචන්ද්‍ර","97*****88V","0725751881","kegalle","2026-09-20T22:18:25.292Z","අපේ පූර්ණ සහයෝගය පෙත්සමට හිමිවේ."
"SL-PET-10876","එච්. එම්. හේමන්ත මඩවලගේ","71*****92V","0774496281","colombo","2026-09-20T22:18:11.835Z",""
"SL-PET-10797","පී. බී. මනෝජ් මද්දුමගේ","66*****99V","0759102307","galle","2026-09-20T22:17:58.335Z",""
"SL-PET-11469","රණසිංහ චන්දන","19*****903","0774687163","kandy","2026-09-20T22:16:17.411Z",""
"SL-PET-11678","කේ. ඒ. මහේෂ් මද්දුමගේ","19*****618","0763075465","kurunegala","2026-09-20T22:12:28.637Z",""
"SL-PET-12680","පී. බී. ශ්‍රියානි කරුණාරත්න","68*****26V","0712785001","ratnapura","2026-09-20T22:04:13.944Z",""
"SL-PET-13024","ආර්. එම්. තක්ෂිලා ප්‍රනාන්දු","97*****57V","0717654847","monaragala","2026-09-20T22:03:22.156Z",""
"SL-PET-13581","ගයාන් ධර්මප්‍රිය (ගයාන්)","89*****21V","0785896387","kalutara","2026-09-20T22:00:51.141Z",""
"SL-PET-12919","ඩබ්. එම්. රවින්ද්‍ර හේරත්","64*****33V","0753172717","gampaha","2026-09-20T21:58:37.138Z","බුද්ධ ශාසනයේ ආරක්ෂාව උදෙසා උන්වහන්සේ මුදාහරින්න."
"SL-PET-11361","කේ. ඒ. සම්පත් බණ්ඩාර","72*****33V","0767168188","matale","2026-09-20T21:58:22.717Z",""
"SL-PET-10646","කුසුම් වසන්ත (කුසුම්)","20*****413","0709044222","puttalam","2026-09-20T21:54:56.484Z",""
"SL-PET-11303","එච්. එම්. නුවන් දේවප්‍රිය","19*****511","0788242808","trincomalee","2026-09-20T21:53:23.667Z","ප්‍රජාතන්ත්‍රවාදී මහජන හඬට සවන් දෙන්න."
"SL-PET-13243","සන්ධ්‍යා මෙන්ඩිස් (සන්ධ්‍යා)","19*****524","0726723125","ratnapura","2026-09-20T21:46:51.126Z",""
"SL-PET-12699","අනෝජ් වසන්ත (අනෝජ්)","62*****45V","0785965778","colombo","2026-09-20T21:44:24.441Z","සාධාරණත්වය ඉටු කරන්න."
"SL-PET-13020","ආර්. එම්. සංජීව ලියනගේ","81*****35V","0788982582","trincomalee","2026-09-20T21:43:52.924Z",""
"SL-PET-12059","ආර්. එම්. සජිත් පතිරණ","82*****11V","0771033346","polonnaruwa","2026-09-20T21:43:29.782Z",""
"SL-PET-13624","සචින් වික්‍රමරත්න (සචින්)","84*****10V","0727470861","kandy","2026-09-20T21:39:43.572Z",""
"SL-PET-10917","කේ. ඒ. පියුමි සමරසේකර","83*****47V","0713122671","kalutara","2026-09-20T21:38:42.326Z","ගරු ජනාධිපතිතුමනි, කරුණාවෙන් සලකා බලන්න."
"SL-PET-12085","කේ. ඒ. ජගත් මද්දුමගේ","93*****38V","0775721837","galle","2026-09-20T21:34:46.986Z",""
"SL-PET-13458","එච්. එම්. සුනෙත්‍රා ප්‍රනාන්දු","86*****29V","0752928837","badulla","2026-09-20T21:32:22.583Z",""
"SL-PET-12813","සචින් වික්‍රමසිංහ (සචින්)","73*****55V","0727779952","galle","2026-09-20T21:32:17.739Z","සියලු සත්වයෝ සුවපත් වෙත්වා! ඉක්මන් නිදහස පතමු."
"SL-PET-11330","පූජ්‍ය ගංගොඩවිල චන්දරතන හිමි","92*****78V","0763541670","kandy","2026-09-20T21:31:37.115Z","උතුම් දළදා සමිඳු පිහිටෙන් නිදහස ලැබේවා."
"SL-PET-13923","එච්. එම්. කෞශල්‍යා රත්නායක","99*****51V","0786246481","matara","2026-09-20T21:31:31.736Z",""
"SL-PET-13166","ඩබ්. එම්. ජගත් කරුණාරත්න","73*****95V","0778226600","ratnapura","2026-09-20T21:30:34.900Z",""
"SL-PET-12554","පූජ්‍ය මාදුළුවාවේ සුමංගල හිමි","67*****29V","0781673036","kurunegala","2026-09-20T21:25:47.890Z",""
"SL-PET-11267","ආර්. එම්. උදාරි සිල්වා","19*****397","0779561128","kandy","2026-09-20T21:24:47.080Z",""
"SL-PET-11652","ඩබ්. එම්. දර්ශන නවරත්න","79*****31V","0789868663","puttalam","2026-09-20T21:21:03.538Z",""
"SL-PET-13365","කේ. ඒ. සුනිල් රත්නායක","19*****786","0714460117","matara","2026-09-20T21:18:38.020Z","ඥානසාර හිමියන්ට කඩිනම් ජනාධිපති සමාව ලබා දෙන්න."
"SL-PET-11262","පී. බී. මනෝරි මාරසිංහ","20*****215","0707023172","badulla","2026-09-20T21:18:16.966Z","සමාව ලබා දී උන්වහන්සේ මුදාහරින්න."
"SL-PET-12845","ඩබ්. එම්. කුමුදු මදුශංක","19*****207","0784268433","ampara","2026-09-20T21:11:10.065Z","උතුම් දළදා සමිඳු පිහිටෙන් නිදහස ලැබේවා."
"SL-PET-13730","දිනුෂිකා මද්දුමගේ (දිනුෂිකා)","91*****50V","0787032195","kurunegala","2026-09-20T21:10:51.514Z",""
"SL-PET-10911","උපුල් නවරත්න","82*****62V","0706114139","trincomalee","2026-09-20T21:08:57.929Z","අපේ ප්‍රාර්ථනාව කඩිනමින් ඉටුවේවා!"
"SL-PET-11289","ප්‍රේමචන්ද්‍ර සරත්","67*****23V","0762953361","colombo","2026-09-20T21:07:13.721Z",""
"SL-PET-11034","පී. බී. නිරෝෂා සිල්වා","20*****541","0772433658","anuradhapura","2026-09-20T21:05:57.584Z",""
"SL-PET-11136","කේ. ඒ. ලක්ෂිකා ජයවර්ධන","19*****910","0703028281","trincomalee","2026-09-20T21:05:15.507Z",""
"SL-PET-13076","එච්. එම්. සුජාතා අබේසේකර","19*****279","0719475518","matara","2026-09-20T21:04:13.512Z","සමාව ලබා දී උන්වහන්සේ මුදාහරින්න."
"SL-PET-12629","ඩබ්. එම්. වසන්ත විජේරත්න","89*****97V","0755839224","puttalam","2026-09-20T21:03:14.948Z","අපගේ ආශිර්වාදය හා සහයෝගය උන්වහන්සේ සමගයි."
"SL-PET-12270","එච්. එම්. සම්පත් වික්‍රමරත්න","19*****648","0729612431","ampara","2026-09-20T21:02:44.797Z",""
"SL-PET-12686","පී. බී. තිසර රණසිංහ","68*****81V","0713191696","hambantota","2026-09-20T21:00:53.896Z","අපගේ ආශිර්වාදය හා සහයෝගය උන්වහන්සේ සමගයි."
"SL-PET-11483","කේ. ඒ. ධම්මික විජේමාන්න","79*****59V","0704978065","monaragala","2026-09-20T20:59:22.817Z",""
"SL-PET-13040","ආර්. එම්. තරිඳු කුමාරසිංහ","20*****994","0774898604","trincomalee","2026-09-20T20:57:34.026Z","අපගේ ආශිර්වාදය හා සහයෝගය උන්වහන්සේ සමගයි."
"SL-PET-12453","පී. බී. හිරුණි හපුආරච්චි","19*****891","0728361586","overseas","2026-09-20T20:55:45.009Z",""
"SL-PET-10567","ආර්. එම්. තරිඳු වික්‍රමරත්න","83*****95V","0706074432","ampara","2026-09-20T20:55:01.403Z",""
"SL-PET-13752","ආර්. එම්. මනෝරි තිලකරත්න","97*****11V","0758171895","overseas","2026-09-20T20:52:57.816Z","ත්‍රිවිධ හමුදා හා පුරවැසි ප්‍රජාවේ පූර්ණ සුභපැතුම්."
"SL-PET-10694","පී. බී. ජගත් සේනාරත්න","61*****54V","0784322899","badulla","2026-09-20T20:52:51.219Z",""
"SL-PET-10936","ආර්. එම්. මහේෂ් රත්නායක","79*****24V","0712143810","hambantota","2026-09-20T20:52:11.046Z","ත්‍රිවිධ හමුදා හා පුරවැසි ප්‍රජාවේ පූර්ණ සුභපැතුම්."
"SL-PET-13281","පී. බී. මනෝජ් දසනායක","90*****33V","0709805383","matara","2026-09-20T20:50:15.982Z",""
"SL-PET-10951","කේ. ඒ. දිල්හානි ගුණසේකර","76*****71V","0714366219","anuradhapura","2026-09-20T20:49:22.572Z","සාධාරණත්වය ඉටු කරන්න."
"SL-PET-13068","අනෝමා කහඳගමගේ","19*****579","0757826629","kegalle","2026-09-20T20:48:00.974Z","පෙත්සම සාර්ථක වේවා!"
"SL-PET-12499","ඩබ්. එම්. තක්ෂිලා වික්‍රමරත්න","92*****59V","0715055287","gampaha","2026-09-20T20:47:37.300Z","උතුම් දළදා සමිඳු පිහිටෙන් නිදහස ලැබේවා."
"SL-PET-12150","සචින් විජේතුංග","71*****70V","0781711474","colombo","2026-09-20T20:39:30.584Z","අපේ ප්‍රාර්ථනාව කඩිනමින් ඉටුවේවා!"
"SL-PET-10742","ඩබ්. එම්. සුජාතා ප්‍රනාන්දු","98*****37V","0716067271","kegalle","2026-09-20T20:39:06.443Z","ප්‍රජාතන්ත්‍රවාදී මහජන හඬට සවන් දෙන්න."
"SL-PET-11337","ශිරාන් මාරසිංහ (ශිරාන්)","20*****266","0783508374","anuradhapura","2026-09-20T20:37:37.676Z",""
"SL-PET-10909","මාරසිංහ නිහාල්","19*****722","0775195830","matara","2026-09-20T20:33:48.527Z",""
"SL-PET-11189","කුමුදුනී සෙනෙවිරත්න (කුමුදුනී)","73*****26V","0721137872","polonnaruwa","2026-09-20T20:32:55.493Z",""
"SL-PET-12326","ආර්. එම්. සනත් කුමාරසිංහ","92*****66V","0752658331","kurunegala","2026-09-20T20:32:03.235Z","ගරු ජනාධිපතිතුමනි, කරුණාවෙන් සලකා බලන්න."
"SL-PET-13490","හේරත් නයනා","63*****82V","0763601710","kalutara","2026-09-20T20:31:20.571Z",""
"SL-PET-11989","රොෂාන් ජයවර්ධන (රොෂාන්)","19*****921","0751310731","colombo","2026-09-20T20:29:10.125Z","අධිකරණ තීන්දුවලට ගරු කරමින්ම ජනාධිපති සමාව අයදිමු."
"SL-PET-13305","ආර්. එම්. තිස්ස සිල්වා","19*****316","0759363309","ampara","2026-09-20T20:23:05.600Z",""
"SL-PET-12287","පූජ්‍ය අනුරාධපුර චන්දරතන හිමි","75*****90V","0763317001","kurunegala","2026-09-20T20:22:28.181Z",""
"SL-PET-13532","පී. බී. අයේෂා සෙනෙවිරත්න","19*****569","0714583034","hambantota","2026-09-20T20:18:58.234Z",""
"SL-PET-13505","පී. බී. සචින් මදුශංක","73*****99V","0787411921","kandy","2026-09-20T20:15:16.035Z",""
"SL-PET-12194","පී. බී. ලක්ෂිකා සිල්වා","19*****950","0758038382","puttalam","2026-09-20T20:13:10.181Z",""
"SL-PET-13435","සනත් සෙනෙවිරත්න","19*****634","0787067369","monaragala","2026-09-20T20:13:01.668Z","ත්‍රිවිධ හමුදා හා පුරවැසි ප්‍රජාවේ පූර්ණ සුභපැතුම්."
"SL-PET-13851","එච්. එම්. සුපුන් ප්‍රනාන්දු","82*****84V","0773953002","trincomalee","2026-09-20T20:10:02.643Z","රට ජාතිය ආගම වෙනුවෙන් හඬක් නැගූ හිමියන්ට නිදහස ලැබේවා."
"SL-PET-11587","පී. බී. රංජිත් රණවීර","71*****87V","0775716990","gampaha","2026-09-20T20:06:46.834Z","සාමකාමී ශ්‍රී ලංකාවක් උදෙසා උන්වහන්සේ නිදහස් කරන්න."
"SL-PET-13467","ආර්. එම්. සංජීව රත්නායක","66*****18V","0763517335","ratnapura","2026-09-20T20:06:00.136Z",""
"SL-PET-12910","කේ. ඒ. දිල්හානි වසන්ත","19*****547","0773248058","matale","2026-09-20T20:05:29.527Z",""
"SL-PET-12094","එච්. එම්. නිරෝෂා ප්‍රේමචන්ද්‍ර","98*****36V","0714941850","nuwaraeliya","2026-09-20T20:04:01.651Z",""
"SL-PET-12356","පී. බී. කෙවින් ජයසිංහ","88*****19V","0704124402","hambantota","2026-09-20T20:03:18.947Z",""
"SL-PET-11336","එච්. එම්. චතුර වසන්ත","95*****11V","0703964775","ratnapura","2026-09-20T20:02:42.309Z","සාමකාමී ශ්‍රී ලංකාවක් උදෙසා උන්වහන්සේ නිදහස් කරන්න."
"SL-PET-13447","කේ. ඒ. රොෂාන් විජේසූරිය","19*****522","0707645873","matara","2026-09-20T20:02:37.655Z",""
"SL-PET-12892","කේ. ඒ. අනෝජ් විජේතුංග","19*****275","0717663534","galle","2026-09-20T20:01:42.728Z","සියලු සත්වයෝ සුවපත් වෙත්වා! ඉක්මන් නිදහස පතමු."
"SL-PET-11079","පූජ්‍ය ගංගොඩවිල සුමංගල හිමි","75*****29V","0722983652","trincomalee","2026-09-20T20:01:30.241Z",""
"SL-PET-11505","පූජ්‍ය බදුල්ලේ ධම්මදින්න හිමි","77*****24V","0721611733","kandy","2026-09-20T20:01:27.891Z","උතුම් දළදා සමිඳු පිහිටෙන් නිදහස ලැබේවා."
"SL-PET-11194","ජීවන්ත නවරත්න (ජීවන්ත)","19*****860","0765949708","kalutara","2026-09-20T19:59:38.515Z",""
"SL-PET-12924","සුජාතා වසන්ත (සුජාතා)","19*****881","0756967437","gampaha","2026-09-20T19:58:36.396Z","අපේ ප්‍රාර්ථනාව කඩිනමින් ඉටුවේවා!"
"SL-PET-13648","ආර්. එම්. දීපිකා කහඳගමගේ","19*****985","0711112946","galle","2026-09-20T19:57:10.563Z",""
"SL-PET-12627","චතුරිකා කරුණාරත්න","19*****884","0784183865","kegalle","2026-09-20T19:55:23.402Z","අධිකරණ තීන්දුවලට ගරු කරමින්ම ජනාධිපති සමාව අයදිමු."
"SL-PET-12169","සුදර්ශනී හේරත්","97*****46V","0771554397","kandy","2026-09-20T19:54:20.534Z",""
"SL-PET-12212","ආර්. එම්. නලින් රාජපක්ෂ","19*****625","0784754992","galle","2026-09-20T19:54:17.523Z","බුද්ධ ශාසනයේ ආරක්ෂාව උදෙසා උන්වහන්සේ මුදාහරින්න."
"SL-PET-12217","ආර්. එම්. කුමුදු මහවිතාන","19*****777","0756113888","trincomalee","2026-09-20T19:54:01.747Z",""
"SL-PET-12561","මහේෂ් ප්‍රනාන්දු","78*****63V","0763481474","trincomalee","2026-09-20T19:48:12.898Z",""
"SL-PET-12656","ආර්. එම්. ඉන්දිරා කුමාරසිංහ","62*****60V","0751479133","anuradhapura","2026-09-20T19:45:18.471Z",""
"SL-PET-10835","කේ. ඒ. රවින්ද්‍ර දිසානායක","20*****763","0774070820","gampaha","2026-09-20T19:43:58.835Z","පෙත්සම සාර්ථක වේවා!"
"SL-PET-11328","කේ. ඒ. තිස්ස කරුණාරත්න","67*****47V","0752630624","kegalle","2026-09-20T19:42:15.221Z","ත්‍රිවිධ හමුදා හා පුරවැසි ප්‍රජාවේ පූර්ණ සුභපැතුම්."
"SL-PET-12465","කේ. ඒ. කෞශල්‍යා නවරත්න","20*****741","0762295616","gampaha","2026-09-20T19:37:50.079Z","අධිකරණ තීන්දුවලට ගරු කරමින්ම ජනාධිපති සමාව අයදිමු."
"SL-PET-13603","පූජ්‍ය තිස්සමහාරාමයේ සුමනසාර හිමි","19*****610","0787005102","matale","2026-09-20T19:32:58.560Z",""
"SL-PET-10747","පී. බී. රවින්ද්‍ර ජයවර්ධන","19*****579","0759780599","ratnapura","2026-09-20T19:31:39.226Z","ලක්ෂ 50 ක ජනතා හඬට ඇහුම්කන් දෙන්න."
"SL-PET-13093","කේ. ඒ. ප්‍රදීප් ජයවර්ධන","19*****683","0774761546","kalutara","2026-09-20T19:29:04.920Z",""
"SL-PET-11518","සේනාරත්න මනෝජා","19*****223","0711482983","gampaha","2026-09-20T19:29:01.624Z",""
"SL-PET-13039","මදුශංක දිල්හානි","93*****82V","0712545312","kandy","2026-09-20T19:28:47.230Z",""
"SL-PET-13148","එච්. එම්. උපුල් ආටිගල","82*****15V","0755382640","ratnapura","2026-09-20T19:25:43.018Z","උතුම් දළදා සමිඳු පිහිටෙන් නිදහස ලැබේවා."
"SL-PET-13057","ප්‍රමෝද් සේනාරත්න (ප්‍රමෝද්)","72*****54V","0707395388","ampara","2026-09-20T19:15:29.408Z",""
"SL-PET-13268","තිළිණ දසනායක (තිළිණ)","60*****80V","0758760488","gampaha","2026-09-20T19:14:03.006Z","ඥානසාර හිමියන්ට කඩිනම් ජනාධිපති සමාව ලබා දෙන්න."
"SL-PET-13548","කේ. ඒ. ජනක වික්‍රමරත්න","19*****996","0772166296","colombo","2026-09-20T19:13:37.371Z",""
"SL-PET-11099","සදුනි විජේසූරිය (සදුනි)","95*****81V","0785463378","badulla","2026-09-20T19:12:00.510Z",""
"SL-PET-13118","අජිත් සෙනෙවිරත්න (අජිත්)","76*****47V","0724964804","galle","2026-09-20T19:11:00.974Z",""
"SL-PET-12973","පී. බී. චන්දන විජේතුංග","93*****62V","0768997608","colombo","2026-09-20T19:07:01.959Z",""
"SL-PET-10919","ආර්. එම්. ප්‍රේමරත්න මෙන්ඩිස්","19*****394","0776517121","kurunegala","2026-09-20T19:05:21.438Z",""
"SL-PET-12992","එච්. එම්. කුසුම් සෝමරත්න","87*****87V","0717905595","ratnapura","2026-09-20T19:03:31.284Z",""
"SL-PET-11027","කේ. ඒ. අනුරාධා අතුකෝරල","19*****165","0787849606","colombo","2026-09-20T19:01:15.458Z","අපේ ප්‍රාර්ථනාව කඩිනමින් ඉටුවේවා!"
"SL-PET-12108","සෝමරත්න අතුල","20*****895","0775369042","colombo","2026-09-20T18:57:51.700Z",""
"SL-PET-12987","මද්දුමගේ සන්ධ්‍යා","99*****17V","0778076308","gampaha","2026-09-20T18:57:07.750Z",""
"SL-PET-10792","නුවන් දසනායක (නුවන්)","71*****52V","0766630071","kurunegala","2026-09-20T18:54:04.278Z",""
"SL-PET-12913","පී. බී. උපුල් වික්‍රමසිංහ","20*****586","0751677186","colombo","2026-09-20T18:51:29.483Z",""
"SL-PET-13672","අතුරලියේ සෝභිත හිමි","19*****163","0767132532","matara","2026-09-20T18:50:38.451Z",""
"SL-PET-11235","නිලන්ති දේවප්‍රිය (නිලන්ති)","86*****16V","0702183722","ratnapura","2026-09-20T18:50:37.876Z",""
"SL-PET-13124","කරුණාරත්න චතුරිකා","95*****98V","0722790340","matale","2026-09-20T18:50:27.895Z",""
"SL-PET-11441","ඩබ්. එම්. රුවන් වික්‍රමසිංහ","19*****463","0763097030","kegalle","2026-09-20T18:48:39.035Z","සමාව ලබා දී උන්වහන්සේ මුදාහරින්න."
"SL-PET-11865","සුජාතා වික්‍රමසිංහ","97*****52V","0766155876","overseas","2026-09-20T18:48:09.833Z",""
"SL-PET-12233","ආර්. එම්. චන්දන මද්දුමගේ","91*****85V","0764748403","puttalam","2026-09-20T18:47:12.817Z",""
"SL-PET-13760","එච්. එම්. ප්‍රමෝද් වසන්ත","19*****163","0776401588","gampaha","2026-09-20T18:46:57.433Z","අධිකරණ තීන්දුවලට ගරු කරමින්ම ජනාධිපති සමාව අයදිමු."
"SL-PET-13496","ධර්මප්‍රිය ප්‍රමෝද්","91*****43V","0713670217","colombo","2026-09-20T18:45:57.898Z",""
"SL-PET-12480","ඉලංගකෝන් කුමාර","19*****164","0758447566","polonnaruwa","2026-09-20T18:45:37.786Z","ගරු ජනාධිපතිතුමනි, කරුණාවෙන් සලකා බලන්න."
"SL-PET-11574","පී. බී. හර්ෂ මාරසිංහ","79*****49V","0704255766","hambantota","2026-09-20T18:43:38.624Z","අපගේ ආශිර්වාදය හා සහයෝගය උන්වහන්සේ සමගයි."
"SL-PET-12907","පූජ්‍ය ගංගොඩවිල පඤ්ඤානන්ද හිමි","19*****698","0701490636","anuradhapura","2026-09-20T18:38:13.121Z",""
"SL-PET-10715","කේ. ඒ. රුක්මන් වික්‍රමසිංහ","20*****927","0725646278","galle","2026-09-20T18:36:16.617Z",""
"SL-PET-13223","ආර්. එම්. සන්ධ්‍යා රණසිංහ","19*****783","0785980052","galle","2026-09-20T18:30:48.603Z","සියලු සත්වයෝ සුවපත් වෙත්වා! ඉක්මන් නිදහස පතමු."
"SL-PET-13882","ආර්. එම්. තිලක් දේවප්‍රිය","81*****77V","0766760868","kurunegala","2026-09-20T18:29:58.086Z",""
"SL-PET-10755","එච්. එම්. තිලක් විජේරත්න","91*****47V","0702692643","ratnapura","2026-09-20T18:29:55.734Z",""
"SL-PET-11142","මෙන්ඩිස් නිලන්ති","19*****494","0704533319","kegalle","2026-09-20T18:28:27.045Z",""
"SL-PET-10539","ආර්. එම්. රොමේෂ් කළුවිතාරණ","20*****837","0722262890","matara","2026-09-20T18:26:06.003Z",""
"SL-PET-12240","පී. බී. රොෂාන් පෙරේරා","77*****97V","0759453222","matara","2026-09-20T18:25:47.351Z",""
"SL-PET-12916","එච්. එම්. ප්‍රමෝද් විජේමාන්න","76*****44V","0767264176","gampaha","2026-09-20T18:19:26.105Z","අපේ ප්‍රාර්ථනාව කඩිනමින් ඉටුවේවා!"
"SL-PET-13682","ආර්. එම්. සචින් විජේමාන්න","92*****14V","0723883320","anuradhapura","2026-09-20T18:19:23.252Z","පෙත්සම සාර්ථක වේවා!"
"SL-PET-12185","ඩබ්. එම්. සුජාතා පතිරණ","97*****78V","0765546354","monaragala","2026-09-20T18:19:16.229Z",""
"SL-PET-11585","ඩබ්. එම්. ශිරාන් තිලකරත්න","78*****32V","0714760895","kurunegala","2026-09-20T18:15:13.483Z",""
"SL-PET-11768","මඩවලගේ ජනක","19*****215","0789597908","overseas","2026-09-20T18:11:07.446Z",""
"SL-PET-12885","පී. බී. දර්ශන රාජපක්ෂ","87*****68V","0779731781","anuradhapura","2026-09-20T18:06:44.689Z","සමාව ලබා දී උන්වහන්සේ මුදාහරින්න."
"SL-PET-12713","සංජීව දේවප්‍රිය (සංජීව)","78*****97V","0754151106","trincomalee","2026-09-20T18:05:53.577Z",""
"SL-PET-13440","මඩවලගේ මනෝජා","71*****96V","0767945870","kurunegala","2026-09-20T18:05:27.959Z",""
"SL-PET-11922","ප්‍රනාන්දු සනත්","19*****289","0783183472","kalutara","2026-09-20T18:03:35.897Z","සියලු සත්වයෝ සුවපත් වෙත්වා! ඉක්මන් නිදහස පතමු."
"SL-PET-11647","ශ්‍රියානි නවරත්න","19*****729","0774412040","gampaha","2026-09-20T18:00:42.667Z",""
"SL-PET-12636","දර්ශන ලියනගේ","71*****80V","0724747540","badulla","2026-09-20T18:00:35.495Z",""
"SL-PET-13588","ඩබ්. එම්. සමිත සිල්වා","19*****683","0787413520","ratnapura","2026-09-20T17:59:58.328Z","ගරු ජනාධිපතිතුමනි, කරුණාවෙන් සලකා බලන්න."
"SL-PET-13674","පූජ්‍ය තිස්සමහාරාමයේ ධම්මරක්ඛිත හිමි","99*****95V","0785611551","overseas","2026-09-20T17:57:14.573Z","අපගේ ආශිර්වාදය හා සහයෝගය උන්වහන්සේ සමගයි."
"SL-PET-13426","ආර්. එම්. අයේෂා ප්‍රනාන්දු","20*****220","0702626291","kandy","2026-09-20T17:57:13.995Z",""
"SL-PET-10874","ප්‍රමෝද් ආටිගල","19*****929","0768590664","polonnaruwa","2026-09-20T17:57:05.997Z","අපගේ ආශිර්වාදය හා සහයෝගය උන්වහන්සේ සමගයි."
"SL-PET-12945","එච්. එම්. තිළිණ ප්‍රනාන්දු","87*****78V","0709371218","matara","2026-09-20T17:53:52.176Z","පෙත්සම සාර්ථක වේවා!"
"SL-PET-12852","පූජ්‍ය පොළොන්නරුවේ ධම්මජෝති හිමි","71*****49V","0707192352","matara","2026-09-20T17:51:27.672Z","අපේ පූර්ණ සහයෝගය පෙත්සමට හිමිවේ."
"SL-PET-12568","සුනේත්‍රා සිරිවර්ධන","60*****86V","0763078937","ratnapura","2026-09-20T17:51:25.214Z",""
"SL-PET-13783","චතුර සුමනපාල (චතුර)","19*****934","0774763659","ratnapura","2026-09-20T17:51:23.269Z",""
"SL-PET-13663","ඩබ්. එම්. සමිත මෙන්ඩිස්","19*****756","0709133957","kurunegala","2026-09-20T17:51:02.568Z",""
"SL-PET-11999","කේ. ඒ. කුමුදුනී කරුණාරත්න","19*****920","0768249678","puttalam","2026-09-20T17:49:59.630Z","අපේ ප්‍රාර්ථනාව කඩිනමින් ඉටුවේවා!"
"SL-PET-10647","ආර්. එම්. ජීවන්ත කුමාරසිංහ","72*****47V","0724761543","matara","2026-09-20T17:48:40.736Z",""
"SL-PET-13529","විජේසිංහ රුක්මන්","96*****59V","0751855733","kurunegala","2026-09-20T17:48:20.603Z",""
"SL-PET-12942","බුද්ධික රත්නායක","73*****62V","0722045479","ratnapura","2026-09-20T17:47:58.717Z",""
"SL-PET-12749","පී. බී. ජනක ගුණතිලක","89*****17V","0785536019","polonnaruwa","2026-09-20T17:47:38.708Z","බුද්ධ ශාසනයේ ආරක්ෂාව උදෙසා උන්වහන්සේ මුදාහරින්න."
"SL-PET-11122","ආර්. එම්. කුමුදුනී සමරසේකර","88*****79V","0714101518","colombo","2026-09-20T17:44:49.058Z",""
"SL-PET-12487","මාලක සුමනසේකර (මාලක)","19*****705","0701633186","anuradhapura","2026-09-20T17:41:23.200Z",""
"SL-PET-10795","ඩබ්. එම්. අජිත් අතුකෝරල","19*****590","0701079752","kandy","2026-09-20T17:40:56.779Z",""
"SL-PET-12353","ආර්. එම්. ගයාන් පෙරේරා","20*****457","0781087299","gampaha","2026-09-20T17:34:06.830Z","සාධාරණත්වය ඉටු කරන්න."
"SL-PET-12983","රංජිත් සුමනසේකර","19*****794","0784167588","anuradhapura","2026-09-20T17:34:02.016Z",""
"SL-PET-12231","දැදිගම රුක්මන්","20*****975","0713537318","kegalle","2026-09-20T17:32:09.782Z",""
"SL-PET-13871","ඩබ්. එම්. තිසර බණ්ඩාර","97*****75V","0774912663","colombo","2026-09-20T17:30:46.782Z",""
"SL-PET-12418","එච්. එම්. සනත් ගුණතිලක","20*****742","0771161107","kalutara","2026-09-20T17:30:32.862Z","බුද්ධ ශාසනයේ ආරක්ෂාව උදෙසා උන්වහන්සේ මුදාහරින්න."
"SL-PET-12425","රුචිරා මඩවලගේ (රුචිරා)","85*****18V","0714475990","kurunegala","2026-09-20T17:29:12.097Z","රට ජාතිය ආගම වෙනුවෙන් හඬක් නැගූ හිමියන්ට නිදහස ලැබේවා."
"SL-PET-11156","ඩබ්. එම්. සංජීව හේරත්","82*****47V","0766230582","kurunegala","2026-09-20T17:28:33.646Z",""
"SL-PET-12065","එච්. එම්. කුසුම් කුලතුංග","67*****46V","0767991119","monaragala","2026-09-20T17:21:18.709Z",""
"SL-PET-10590","එච්. එම්. සරත් සුමනපාල","92*****86V","0708227974","ratnapura","2026-09-20T17:18:48.151Z","පෙත්සම සාර්ථක වේවා!"
"SL-PET-11456","ආර්. එම්. චතුරංග අබේසේකර","70*****95V","0779245137","matara","2026-09-20T17:17:05.109Z",""
"SL-PET-13226","දිල්හානි කහඳගමගේ","68*****36V","0787766638","kandy","2026-09-20T17:13:17.352Z",""
"SL-PET-13061","විජේසිංහ වසන්ත","19*****631","0705494786","gampaha","2026-09-20T17:11:31.989Z",""
"SL-PET-13161","එච්. එම්. කුසුම් මෙන්ඩිස්","67*****71V","0722543060","anuradhapura","2026-09-20T17:08:30.011Z",""
"SL-PET-11383","ආර්. එම්. කුමුදු ප්‍රේමචන්ද්‍ර","87*****31V","0765716011","trincomalee","2026-09-20T17:05:57.912Z","නිරෝගී සුවය හා නිදහස ලැබේවා."
"SL-PET-11083","ආර්. එම්. දිනුෂිකා මාරසිංහ","75*****16V","0775808941","gampaha","2026-09-20T17:05:50.104Z","ගරු ජනාධිපතිතුමනි, කරුණාවෙන් සලකා බලන්න."
"SL-PET-11081","නලින් සෙනෙවිරත්න (නලින්)","79*****33V","0789840233","kandy","2026-09-20T17:02:09.898Z",""
"SL-PET-10837","කේ. ඒ. තිළිණ මඩවලගේ","78*****50V","0771474593","colombo","2026-09-20T17:02:09.443Z",""
"SL-PET-12186","ඩබ්. එම්. තරිඳු මහවිතාන","61*****91V","0777589936","kurunegala","2026-09-20T17:01:01.104Z",""
"SL-PET-11398","එච්. එම්. හේමන්ත සුමනපාල","72*****67V","0755165991","ratnapura","2026-09-20T16:55:52.911Z","අපේ ප්‍රාර්ථනාව කඩිනමින් ඉටුවේවා!"
"SL-PET-10534","ප්‍රනාන්දු චතුරංග","19*****922","0711318110","kurunegala","2026-09-20T16:53:56.180Z",""
"SL-PET-12282","වික්‍රමරත්න ප්‍රදීප්","73*****85V","0702110094","hambantota","2026-09-20T16:48:42.283Z",""
"SL-PET-13868","පූජ්‍ය කුරුණෑගල සුමනසාර හිමි","19*****468","0785780864","kurunegala","2026-09-20T16:48:00.773Z",""
"SL-PET-11066","පූජ්‍ය අස්ගිරියේ ධම්මදින්න හිමි","83*****65V","0717367268","hambantota","2026-09-20T16:47:56.969Z","නිරෝගී සුවය හා නිදහස ලැබේවා."
"SL-PET-12342","ආර්. එම්. අයේෂා මඩවලගේ","80*****33V","0712554229","anuradhapura","2026-09-20T16:47:07.348Z","නිරෝගී සුවය හා නිදහස ලැබේවා."
"SL-PET-13833","දැදිගම තිළිණ","19*****102","0726899585","galle","2026-09-20T16:46:46.028Z",""
"SL-PET-12831","ලක්ෂිකා ගුණසේකර (ලක්ෂිකා)","97*****45V","0713950316","kandy","2026-09-20T16:42:18.484Z","ගරු ජනාධිපතිතුමනි, කරුණාවෙන් සලකා බලන්න."
"SL-PET-11222","අබේසේකර අතුල","98*****36V","0786984124","gampaha","2026-09-20T16:40:31.332Z","සමාව ලබා දී උන්වහන්සේ මුදාහරින්න."
"SL-PET-11047","කෞශල්‍යා සෙනෙවිරත්න","62*****66V","0714442402","ratnapura","2026-09-20T16:38:49.983Z",""
"SL-PET-12648","පී. බී. ශ්‍රියානි විජේසිංහ","83*****94V","0776652320","anuradhapura","2026-09-20T16:37:22.119Z",""
"SL-PET-12076","පූජ්‍ය තිස්සමහාරාමයේ ධම්මදින්න හිමි","19*****480","0765569282","badulla","2026-09-20T16:34:53.779Z",""
"SL-PET-10680","කේ. ඒ. මහේෂ් සිල්වා","19*****389","0768101013","polonnaruwa","2026-09-20T16:34:45.531Z",""
"SL-PET-11143","ඩබ්. එම්. චම්පා විතානගේ","70*****24V","0715481951","colombo","2026-09-20T16:32:30.888Z",""
"SL-PET-11891","දිනේෂ් කුමාරසිංහ (දිනේෂ්)","74*****86V","0787254459","colombo","2026-09-20T16:31:59.066Z","ප්‍රජාතන්ත්‍රවාදී මහජන හඬට සවන් දෙන්න."
"SL-PET-11391","තිසර මහවිතාන","19*****553","0775066786","kurunegala","2026-09-20T16:30:54.734Z",""
"SL-PET-12861","කුසුම් බණ්ඩාර (කුසුම්)","19*****203","0717895432","polonnaruwa","2026-09-20T16:29:38.883Z","අපේ ප්‍රාර්ථනාව කඩිනමින් ඉටුවේවා!"
"SL-PET-11286","කේ. ඒ. චතුරිකා ගුණතිලක","90*****55V","0756314437","monaragala","2026-09-20T16:29:33.293Z","රට ජාතිය ආගම වෙනුවෙන් හඬක් නැගූ හිමියන්ට නිදහස ලැබේවා."
"SL-PET-13687","ලක්ෂ්මන් කරුණාරත්න","19*****177","0767757061","anuradhapura","2026-09-20T16:27:16.037Z","පෙත්සම සාර්ථක වේවා!"
"SL-PET-12757","පී. බී. සදුනි රණවීර","19*****475","0779720891","ampara","2026-09-20T16:24:15.135Z","අපේ පූර්ණ සහයෝගය පෙත්සමට හිමිවේ."
"SL-PET-11758","ආර්. එම්. රුක්මන් පෙරේරා","71*****55V","0727270615","ratnapura","2026-09-20T16:23:47.523Z",""
"SL-PET-11514","ගයාන් වසන්ත (ගයාන්)","82*****82V","0721913171","kurunegala","2026-09-20T16:15:57.834Z",""
"SL-PET-12437","රණවීර අතුල","19*****505","0711059077","colombo","2026-09-20T16:13:53.033Z",""
"SL-PET-13848","නයනා සිරිවර්ධන (නයනා)","76*****19V","0786259017","colombo","2026-09-20T16:13:37.698Z",""
"SL-PET-11617","පී. බී. ප්‍රේමරත්න ගුණසේකර","19*****868","0755799153","matara","2026-09-20T16:12:41.978Z","සමාව ලබා දී උන්වහන්සේ මුදාහරින්න."
"SL-PET-13042","ධම්මික ධර්මප්‍රිය (ධම්මික)","81*****31V","0768533851","badulla","2026-09-20T16:12:04.219Z",""
"SL-PET-12297","එච්. එම්. නිරංජලා ප්‍රනාන්දු","97*****67V","0703922505","colombo","2026-09-20T16:05:52.856Z",""
"SL-PET-11105","එච්. එම්. සුදර්ශනී රත්නායක","19*****147","0777607909","galle","2026-09-20T16:05:34.761Z",""
"SL-PET-10603","කරුණාරත්න උපුල්","63*****85V","0708587313","matale","2026-09-20T15:57:56.171Z",""
"SL-PET-12070","එච්. එම්. කෙවින් වික්‍රමසිංහ","71*****16V","0787150829","gampaha","2026-09-20T15:57:51.258Z",""
"SL-PET-12589","කේ. ඒ. රුවන් හපුආරච්චි","19*****911","0774876985","trincomalee","2026-09-20T15:55:23.242Z",""
"SL-PET-11141","පී. බී. ශිරාන් සේනාරත්න","99*****55V","0724937427","puttalam","2026-09-20T15:51:31.810Z",""
"SL-PET-11809","මනෝජා රණවීර","72*****33V","0768312643","colombo","2026-09-20T15:48:23.813Z",""
"SL-PET-11792","එච්. එම්. සුනේත්‍රා සෙනෙවිරත්න","92*****42V","0778625888","polonnaruwa","2026-09-20T15:47:44.529Z",""
"SL-PET-12786","කේ. ඒ. කුෂාන් මඩවලගේ","19*****370","0721373274","gampaha","2026-09-20T15:46:56.904Z",""
"SL-PET-11926","එච්. එම්. නයනා තිලකරත්න","93*****41V","0713599658","badulla","2026-09-20T15:45:50.202Z","අපගේ ආශිර්වාදය හා සහයෝගය උන්වහන්සේ සමගයි."
"SL-PET-12088","කේ. ඒ. මාලා විජේමාන්න","19*****105","0787091981","kalutara","2026-09-20T15:38:36.596Z","උතුම් දළදා සමිඳු පිහිටෙන් නිදහස ලැබේවා."
"SL-PET-10882","චාන්දනී විජේමාන්න","19*****671","0777742587","polonnaruwa","2026-09-20T15:34:29.052Z","නිරෝගී සුවය හා නිදහස ලැබේවා."
"SL-PET-11724","පූජ්‍ය මාදුළුවාවේ පියරතන හිමි","76*****27V","0764657732","hambantota","2026-09-20T15:31:59.563Z",""
"SL-PET-11511","පූජ්‍ය පොළොන්නරුවේ පියරතන හිමි","19*****452","0768542981","kurunegala","2026-09-20T15:28:45.078Z","උතුම් දළදා සමිඳු පිහිටෙන් නිදහස ලැබේවා."
"SL-PET-10968","සුජාතා සුමනපාල","95*****69V","0715820914","kandy","2026-09-20T15:28:26.293Z",""
"SL-PET-13796","ඩබ්. එම්. කුසුම් සුමනසේකර","87*****44V","0706163232","kalutara","2026-09-20T15:28:21.831Z","සාමකාමී ශ්‍රී ලංකාවක් උදෙසා උන්වහන්සේ නිදහස් කරන්න."
"SL-PET-12444","චතුරංග කරුණාරත්න","19*****931","0754635810","ampara","2026-09-20T15:27:20.351Z",""
"SL-PET-13361","ඩබ්. එම්. චතුර නවරත්න","19*****234","0779044352","kurunegala","2026-09-20T15:27:19.863Z",""
"SL-PET-13427","මඩවලගේ කුමුදු","19*****959","0716320815","polonnaruwa","2026-09-20T15:21:06.833Z",""
"SL-PET-11003","හපුආරච්චි නයනා","19*****278","0707924250","nuwaraeliya","2026-09-20T15:18:26.166Z",""
"SL-PET-10675","එච්. එම්. සුදර්ශනී මදුශංක","83*****67V","0703040711","puttalam","2026-09-20T15:17:53.932Z",""
"SL-PET-12542","මහින්ද බණ්ඩාර (මහින්ද)","19*****426","0715439662","anuradhapura","2026-09-20T15:14:02.280Z","අපේ පූර්ණ සහයෝගය පෙත්සමට හිමිවේ."
"SL-PET-13489","කේ. ඒ. සුනිල් රණවීර","19*****927","0718493563","anuradhapura","2026-09-20T15:09:55.696Z",""
"SL-PET-10659","හපුආරච්චි පියුමි","19*****441","0753144424","anuradhapura","2026-09-20T15:05:09.145Z","අපේ ප්‍රාර්ථනාව කඩිනමින් ඉටුවේවා!"
"SL-PET-11158","කේ. ඒ. මාලක පතිරණ","76*****54V","0766519771","badulla","2026-09-20T15:05:05.216Z","අපේ ප්‍රාර්ථනාව කඩිනමින් ඉටුවේවා!"
"SL-PET-11159","පී. බී. සරත් මඩවලගේ","84*****81V","0707649214","ampara","2026-09-20T15:02:42.156Z",""
"SL-PET-11893","එච්. එම්. උපුල් දිසානායක","75*****23V","0788985534","galle","2026-09-20T14:54:50.827Z","නිරෝගී සුවය හා නිදහස ලැබේවා."
"SL-PET-11861","නුවන් දේවප්‍රිය","19*****786","0783699744","monaragala","2026-09-20T14:52:22.947Z","උතුම් දළදා සමිඳු පිහිටෙන් නිදහස ලැබේවා."
"SL-PET-13390","අසංක කුමාරසිංහ (අසංක)","19*****475","0711547238","ratnapura","2026-09-20T14:51:03.883Z",""
"SL-PET-11850","එච්. එම්. නුවන් විජේසූරිය","74*****16V","0724518595","ratnapura","2026-09-20T14:49:13.718Z","නිරෝගී සුවය හා නිදහස ලැබේවා."
"SL-PET-10821","ආර්. එම්. වසන්ත සිල්වා","19*****100","0765861174","kurunegala","2026-09-20T14:47:05.698Z",""
"SL-PET-11403","පී. බී. රොෂාන් හපුආරච්චි","86*****15V","0776514773","anuradhapura","2026-09-20T14:46:07.235Z",""
"SL-PET-13615","කේ. ඒ. වසන්ති රාජපක්ෂ","93*****73V","0775200936","ratnapura","2026-09-20T14:43:11.261Z",""
"SL-PET-10995","එච්. එම්. තිළිණ රණවීර","76*****59V","0751600490","galle","2026-09-20T14:40:38.592Z",""
"SL-PET-11863","රුක්මන් මදුශංක (රුක්මන්)","19*****198","0702788326","colombo","2026-09-20T14:39:49.304Z",""
"SL-PET-11517","පී. බී. රුක්මන් මදුශංක","88*****67V","0769057771","kandy","2026-09-20T14:36:58.988Z","නිරෝගී සුවය හා නිදහස ලැබේවා."
"SL-PET-12744","විජේරත්න අනෝමා","19*****123","0765953294","badulla","2026-09-20T14:34:49.774Z",""
"SL-PET-10871","කේ. ඒ. නිරෝෂා සමරසේකර","19*****950","0771193607","colombo","2026-09-20T14:33:10.764Z","උතුම් දළදා සමිඳු පිහිටෙන් නිදහස ලැබේවා."
"SL-PET-13471","ඩබ්. එම්. අසංක කරුණාරත්න","97*****91V","0707956880","badulla","2026-09-20T14:32:45.906Z","ත්‍රිවිධ හමුදා හා පුරවැසි ප්‍රජාවේ පූර්ණ සුභපැතුම්."
"SL-PET-12619","කේ. ඒ. චතුර මදුශංක","72*****58V","0771135481","polonnaruwa","2026-09-20T14:31:43.103Z",""
"SL-PET-10612","රුවන් කුමාරසිංහ","89*****14V","0701155835","gampaha","2026-09-20T14:31:03.961Z",""
"SL-PET-13147","චතුරංග විජේතුංග","19*****958","0783753244","colombo","2026-09-20T14:30:38.427Z","සාධාරණත්වය ඉටු කරන්න."
"SL-PET-11921","ඩබ්. එම්. ගයත්‍රි දසනායක","87*****38V","0705429879","polonnaruwa","2026-09-20T14:29:23.091Z",""
"SL-PET-11372","රොමේෂ් ලියනගේ (රොමේෂ්)","64*****25V","0759427131","matara","2026-09-20T14:22:46.254Z","අපේ ප්‍රාර්ථනාව කඩිනමින් ඉටුවේවා!"
"SL-PET-13555","පී. බී. සුනේත්‍රා අබේසේකර","20*****587","0704277331","kurunegala","2026-09-20T14:19:48.812Z",""
"SL-PET-11556","ආර්. එම්. මධුෂිකා ලියනගේ","19*****455","0783198846","monaragala","2026-09-20T14:19:06.211Z","සාමකාමී ශ්‍රී ලංකාවක් උදෙසා උන්වහන්සේ නිදහස් කරන්න."
"SL-PET-11358","ඩබ්. එම්. කසුන් මඩවලගේ","19*****316","0764167221","colombo","2026-09-20T14:18:26.917Z",""
"SL-PET-11730","කේ. ඒ. සරත් ගුණතිලක","74*****77V","0781791250","kandy","2026-09-20T14:16:50.869Z","රට ජාතිය ආගම වෙනුවෙන් හඬක් නැගූ හිමියන්ට නිදහස ලැබේවා."
"SL-PET-12130","ආර්. එම්. නලින් සිල්වා","19*****846","0774369343","kurunegala","2026-09-20T14:14:44.826Z",""
"SL-PET-13731","වික්‍රමසිංහ මහේෂ්","96*****91V","0722877584","galle","2026-09-20T14:08:59.300Z","නිරෝගී සුවය හා නිදහස ලැබේවා."
"SL-PET-12804","අසංක ආටිගල","94*****78V","0755859056","gampaha","2026-09-20T14:08:47.177Z",""
"SL-PET-12279","එච්. එම්. දර්ශන වසන්ත","63*****16V","0765315758","ratnapura","2026-09-20T14:06:21.581Z","සමාව ලබා දී උන්වහන්සේ මුදාහරින්න."
"SL-PET-10956","කේ. ඒ. සුපුන් සිරිවර්ධන","75*****42V","0789399484","matale","2026-09-20T14:06:11.664Z",""
"SL-PET-11453","පී. බී. සන්ධ්‍යා සිරිවර්ධන","19*****516","0775606500","galle","2026-09-20T14:05:45.822Z",""
"SL-PET-12236","දර්ශන විජේසිංහ","68*****62V","0718982186","gampaha","2026-09-20T14:02:32.248Z","බුද්ධ ශාසනයේ ආරක්ෂාව උදෙසා උන්වහන්සේ මුදාහරින්න."
"SL-PET-10962","සචින් ලියනගේ","98*****31V","0784077448","colombo","2026-09-20T13:59:38.310Z",""
"SL-PET-10734","ඩබ්. එම්. සන්ධ්‍යා ජයසිංහ","19*****837","0778106714","polonnaruwa","2026-09-20T13:51:15.111Z","අපේ ප්‍රාර්ථනාව කඩිනමින් ඉටුවේවා!"
"SL-PET-12700","පී. බී. රොමේෂ් කුමාරසිංහ","80*****81V","0773089332","ampara","2026-09-20T13:50:29.301Z",""
"SL-PET-11774","මනෝරි විජේරත්න (මනෝරි)","71*****53V","0705465366","kegalle","2026-09-20T13:46:08.532Z","සමාව ලබා දී උන්වහන්සේ මුදාහරින්න."
"SL-PET-13758","බණ්ඩාර සමිත","19*****401","0788476251","galle","2026-09-20T13:43:02.536Z",""
"SL-PET-11613","ජනක කළුවිතාරණ (ජනක)","96*****79V","0721777855","gampaha","2026-09-20T13:41:24.141Z","ප්‍රජාතන්ත්‍රවාදී මහජන හඬට සවන් දෙන්න."
"SL-PET-13122","ඩබ්. එම්. ජනක ජයසිංහ","95*****14V","0711250031","matale","2026-09-20T13:39:07.063Z","සියලු සත්වයෝ සුවපත් වෙත්වා! ඉක්මන් නිදහස පතමු."
"SL-PET-13126","කේ. ඒ. සමිත ධර්මප්‍රිය","77*****23V","0773970555","kegalle","2026-09-20T13:37:59.028Z",""
"SL-PET-13438","ආර්. එම්. චතුර බණ්ඩාර","78*****58V","0782544497","polonnaruwa","2026-09-20T13:36:47.974Z","ඥානසාර හිමියන්ට කඩිනම් ජනාධිපති සමාව ලබා දෙන්න."
"SL-PET-10551","ඩබ්. එම්. සමිත මෙන්ඩිස්","19*****112","0783213597","matale","2026-09-20T13:35:45.428Z","ත්‍රිවිධ හමුදා හා පුරවැසි ප්‍රජාවේ පූර්ණ සුභපැතුම්."
"SL-PET-12290","එච්. එම්. සුනිල් ජයසිංහ","19*****301","0785344691","colombo","2026-09-20T13:34:10.192Z","ගරු ජනාධිපතිතුමනි, කරුණාවෙන් සලකා බලන්න."
"SL-PET-12836","එච්. එම්. කෙවින් බණ්ඩාර","19*****454","0774401581","gampaha","2026-09-20T13:29:19.362Z","රට ජාතිය ආගම වෙනුවෙන් හඬක් නැගූ හිමියන්ට නිදහස ලැබේවා."
"SL-PET-10559","සචින් දසනායක (සචින්)","19*****921","0779712163","gampaha","2026-09-20T13:27:57.532Z",""
"SL-PET-12020","චන්දන මද්දුමගේ (චන්දන)","73*****21V","0758976679","kegalle","2026-09-20T13:27:22.375Z",""
"SL-PET-13778","එච්. එම්. හර්ෂ කුමාරසිංහ","82*****63V","0722213802","badulla","2026-09-20T13:18:25.158Z",""
"SL-PET-10864","එච්. එම්. මනෝජා බණ්ඩාර","76*****12V","0722272742","ratnapura","2026-09-20T13:13:44.331Z","ත්‍රිවිධ හමුදා හා පුරවැසි ප්‍රජාවේ පූර්ණ සුභපැතුම්."
"SL-PET-11123","පූජ්‍ය තිස්සමහාරාමයේ ධම්මදින්න හිමි","82*****79V","0713430951","colombo","2026-09-20T13:07:13.779Z",""
"SL-PET-11323","ආර්. එම්. ලක්ෂ්මන් කළුවිතාරණ","75*****97V","0758098636","puttalam","2026-09-20T13:04:18.822Z",""
"SL-PET-12157","කුසුම් විතානගේ","19*****900","0727987380","overseas","2026-09-20T13:03:56.790Z",""
"SL-PET-13639","වසන්ති කුලතුංග","19*****374","0726849696","colombo","2026-09-20T13:03:47.184Z",""
"SL-PET-10706","ප්‍රේමචන්ද්‍ර දිනේෂ්","19*****133","0719810523","colombo","2026-09-20T13:03:23.156Z",""
"SL-PET-10597","එච්. එම්. මහින්ද මාරසිංහ","92*****85V","0787978844","nuwaraeliya","2026-09-20T13:02:06.607Z","රට ජාතිය ආගම වෙනුවෙන් හඬක් නැගූ හිමියන්ට නිදහස ලැබේවා."
"SL-PET-11667","එච්. එම්. සනත් විජේමාන්න","75*****89V","0722272815","polonnaruwa","2026-09-20T12:51:53.349Z","සාධාරණත්වය ඉටු කරන්න."
"SL-PET-10667","මල්කාන්ති දිසානායක","19*****160","0754455460","colombo","2026-09-20T12:48:42.432Z",""
"SL-PET-12650","ආර්. එම්. සරත් සෝමරත්න","19*****704","0711455145","gampaha","2026-09-20T12:47:24.456Z",""
"SL-PET-13089","පී. බී. අතුල ධර්මප්‍රිය","20*****863","0762657183","monaragala","2026-09-20T12:45:32.333Z","සාමකාමී ශ්‍රී ලංකාවක් උදෙසා උන්වහන්සේ නිදහස් කරන්න."
"SL-PET-12019","කේ. ඒ. අනෝජ් විජේමාන්න","60*****89V","0765146838","nuwaraeliya","2026-09-20T12:44:28.945Z",""
"SL-PET-13793","පී. බී. අතුල දිසානායක","99*****18V","0771443072","kandy","2026-09-20T12:43:43.248Z",""
"SL-PET-12693","විජේසිංහ සචින්","89*****18V","0724397666","galle","2026-09-20T12:34:05.604Z",""
"SL-PET-13419","කේ. ඒ. රේණුකා ප්‍රනාන්දු","82*****48V","0771766284","matara","2026-09-20T12:33:00.573Z","සාධාරණත්වය ඉටු කරන්න."
"SL-PET-12433","ශ්‍රියානි සිල්වා (ශ්‍රියානි)","66*****72V","0755617836","colombo","2026-09-20T12:26:03.450Z",""
"SL-PET-13011","කේ. ඒ. රංජිත් ඉලංගකෝන්","70*****62V","0767970505","ratnapura","2026-09-20T12:26:01.043Z",""
"SL-PET-13493","කහඳගමගේ ප්‍රදීප්","93*****12V","0706818371","galle","2026-09-20T12:24:16.960Z",""
"SL-PET-13446","නිහාල් අතුකෝරල","87*****84V","0786889709","monaragala","2026-09-20T12:19:24.872Z",""
"SL-PET-12978","චතුර ප්‍රේමචන්ද්‍ර","90*****12V","0714163487","monaragala","2026-09-20T12:19:05.557Z","අධිකරණ තීන්දුවලට ගරු කරමින්ම ජනාධිපති සමාව අයදිමු."
"SL-PET-12145","ඩබ්. එම්. ජගත් සිරිවර්ධන","19*****716","0758169001","matara","2026-09-20T12:18:24.429Z","සමාව ලබා දී උන්වහන්සේ මුදාහරින්න."
"SL-PET-13741","කේ. ඒ. ශිරාන් මාරසිංහ","90*****19V","0769091930","polonnaruwa","2026-09-20T12:17:25.404Z","පෙත්සම සාර්ථක වේවා!"
"SL-PET-11064","පී. බී. හේමන්ත බණ්ඩාර","98*****63V","0776061646","hambantota","2026-09-20T12:17:12.329Z",""
"SL-PET-13561","ගුණතිලක ධම්මික","80*****28V","0765227969","puttalam","2026-09-20T12:12:00.858Z",""
"SL-PET-12552","නිරංජලා සෙනෙවිරත්න","19*****177","0769023718","kurunegala","2026-09-20T12:04:04.364Z","රට ජාතිය ආගම වෙනුවෙන් හඬක් නැගූ හිමියන්ට නිදහස ලැබේවා."
"SL-PET-11315","ඩබ්. එම්. අනුරාධා ප්‍රනාන්දු","19*****412","0784023625","puttalam","2026-09-20T12:02:42.057Z",""
"SL-PET-11381","මල්කාන්ති මදුශංක (මල්කාන්ති)","68*****16V","0763790044","colombo","2026-09-20T11:59:10.477Z",""
"SL-PET-13780","ඩබ්. එම්. දර්ශන සෝමරත්න","19*****168","0753477977","monaragala","2026-09-20T11:57:49.260Z","නිරෝගී සුවය හා නිදහස ලැබේවා."
"SL-PET-11253","ඩබ්. එම්. අනුරාධා මඩවලගේ","93*****50V","0722586156","galle","2026-09-20T11:55:31.741Z",""
"SL-PET-11056","ආර්. එම්. කෞශල්‍යා විජේසූරිය","89*****80V","0704759139","ampara","2026-09-20T11:53:34.858Z",""
"SL-PET-13189","පී. බී. සිතුම් මදුශංක","19*****519","0759556575","overseas","2026-09-20T11:49:03.886Z",""
"SL-PET-12649","පී. බී. සුදර්ශනී විජේසිංහ","66*****39V","0714103337","anuradhapura","2026-09-20T11:40:46.416Z","අධිකරණ තීන්දුවලට ගරු කරමින්ම ජනාධිපති සමාව අයදිමු."
"SL-PET-13924","ආර්. එම්. රංජිත් ආටිගල","60*****76V","0789762700","matara","2026-09-20T11:38:31.662Z",""
"SL-PET-13755","වික්‍රමසිංහ මාලක","19*****412","0787065220","kalutara","2026-09-20T11:37:12.676Z","අපේ ප්‍රාර්ථනාව කඩිනමින් ඉටුවේවා!"
"SL-PET-12904","ඩබ්. එම්. හිරුණි විජේරත්න","19*****258","0723448150","kalutara","2026-09-20T11:35:25.173Z","අපගේ ආශිර්වාදය හා සහයෝගය උන්වහන්සේ සමගයි."
"SL-PET-13500","නලින් සිරිවර්ධන (නලින්)","19*****334","0779600193","kegalle","2026-09-20T11:33:41.695Z",""
"SL-PET-11722","රොමේෂ් සේනාරත්න (රොමේෂ්)","84*****67V","0727394394","monaragala","2026-09-20T11:30:36.074Z",""
"SL-PET-10527","එච්. එම්. මනෝජා විතානගේ","83*****89V","0776690279","kalutara","2026-09-20T11:30:01.258Z","ප්‍රජාතන්ත්‍රවාදී මහජන හඬට සවන් දෙන්න."
"SL-PET-12571","කේ. ඒ. දිනේෂ් ගුණතිලක","19*****494","0723298279","matale","2026-09-20T11:28:15.323Z",""
"SL-PET-12328","ධම්මික ඉලංගකෝන් (ධම්මික)","98*****48V","0767427882","matara","2026-09-20T11:26:25.214Z",""
"SL-PET-12035","එච්. එම්. රුවන් මඩවලගේ","97*****59V","0716459772","anuradhapura","2026-09-20T11:25:48.009Z",""
"SL-PET-13767","අසංක ගුණතිලක","84*****84V","0713570875","puttalam","2026-09-20T11:23:47.284Z",""
"SL-PET-12890","පී. බී. ශ්‍රියානි මහවිතාන","19*****596","0707854979","trincomalee","2026-09-20T11:23:24.421Z",""
"SL-PET-11254","සුනිල් දිසානායක (සුනිල්)","80*****20V","0707737402","colombo","2026-09-20T11:23:21.336Z",""
"SL-PET-12082","කෙවින් විජේතුංග","20*****537","0771345490","matale","2026-09-20T11:22:01.549Z","උතුම් දළදා සමිඳු පිහිටෙන් නිදහස ලැබේවා."
"SL-PET-13323","ජයසිංහ කුෂාන්","19*****475","0765581915","colombo","2026-09-20T11:21:01.126Z","සාමකාමී ශ්‍රී ලංකාවක් උදෙසා උන්වහන්සේ නිදහස් කරන්න."
"SL-PET-10578","කරුණාරත්න මාලක","20*****345","0721861679","ampara","2026-09-20T11:20:08.967Z",""
"SL-PET-13736","පූජ්‍ය බදුල්ලේ සුමන හිමි","95*****62V","0721526792","galle","2026-09-20T11:19:56.955Z",""
"SL-PET-11175","ආර්. එම්. නලින් තිලකරත්න","19*****852","0784083684","kurunegala","2026-09-20T11:18:54.504Z",""
"SL-PET-12473","ආටිගල ජගත්","19*****641","0759769042","galle","2026-09-20T11:18:33.655Z",""
"SL-PET-11460","එච්. එම්. සචින් ධර්මප්‍රිය","19*****494","0773110994","polonnaruwa","2026-09-20T11:17:12.701Z",""
"SL-PET-10609","කේ. ඒ. ජනක ප්‍රේමචන්ද්‍ර","19*****741","0782565468","colombo","2026-09-20T11:15:59.840Z",""
"SL-PET-11966","ඩබ්. එම්. තිලක් පතිරණ","93*****73V","0776055816","kurunegala","2026-09-20T11:15:13.355Z","ලක්ෂ 50 ක ජනතා හඬට ඇහුම්කන් දෙන්න."
"SL-PET-13761","අසංක හේරත් (අසංක)","88*****96V","0704405665","hambantota","2026-09-20T11:08:03.706Z",""
"SL-PET-10985","සේනාරත්න ප්‍රේමරත්න","19*****386","0705137877","kurunegala","2026-09-20T11:04:18.193Z",""
"SL-PET-13157","පී. බී. තිළිණ පතිරණ","19*****146","0757158590","matara","2026-09-20T11:02:52.665Z",""
"SL-PET-11561","කේ. ඒ. සුනේත්‍රා පෙරේරා","95*****66V","0758947375","anuradhapura","2026-09-20T11:00:57.499Z","ප්‍රජාතන්ත්‍රවාදී මහජන හඬට සවන් දෙන්න."
"SL-PET-12899","සම්පත් රත්නායක (සම්පත්)","91*****74V","0727323565","ampara","2026-09-20T10:58:38.716Z","ත්‍රිවිධ හමුදා හා පුරවැසි ප්‍රජාවේ පූර්ණ සුභපැතුම්."
"SL-PET-12870","එච්. එම්. ජනක රණසිංහ","85*****41V","0727325170","monaragala","2026-09-20T10:55:55.363Z",""
"SL-PET-12398","ජයසිංහ කුෂාන්","89*****67V","0788946981","trincomalee","2026-09-20T10:54:40.477Z",""
"SL-PET-10921","සුජාතා විතානගේ (සුජාතා)","91*****93V","0703472047","monaragala","2026-09-20T10:52:33.554Z","අපගේ ආශිර්වාදය හා සහයෝගය උන්වහන්සේ සමගයි."
"SL-PET-13665","පී. බී. චතුරංග කුමාරසිංහ","67*****66V","0718911396","overseas","2026-09-20T10:49:37.959Z",""
"SL-PET-13507","ඩබ්. එම්. නිහාල් දිසානායක","74*****16V","0717841283","kalutara","2026-09-20T10:48:52.854Z",""
"SL-PET-12848","සුමනසේකර කුමාර","19*****448","0752558000","kalutara","2026-09-20T10:47:54.887Z",""
"SL-PET-12884","සදුනි නවරත්න (සදුනි)","20*****310","0721457932","kandy","2026-09-20T10:47:45.797Z",""
"SL-PET-12817","පූජ්‍ය කොටුගොඩ මේධානන්ද හිමි","19*****869","0767616089","matara","2026-09-20T10:45:44.657Z",""
"SL-PET-13232","කේ. ඒ. චන්දන කුමාරසිංහ","99*****62V","0721881307","badulla","2026-09-20T10:45:19.295Z",""
"SL-PET-12883","සිරිවර්ධන චතුරංග","19*****542","0702809484","colombo","2026-09-20T10:44:42.569Z",""
"SL-PET-13850","එච්. එම්. තිලක් ගුණසේකර","87*****85V","0767476140","kalutara","2026-09-20T10:44:28.737Z",""
"SL-PET-13523","උදාරි ගුණතිලක","97*****60V","0785179257","kalutara","2026-09-20T10:43:03.575Z",""
"SL-PET-11675","පී. බී. කෙවින් දිසානායක","19*****791","0714748886","trincomalee","2026-09-20T10:41:59.063Z",""
"SL-PET-13394","පී. බී. කසුන් මදුශංක","19*****428","0764137410","polonnaruwa","2026-09-20T10:41:49.719Z",""
"SL-PET-13337","දීපිකා දිසානායක","60*****28V","0784264468","colombo","2026-09-20T10:40:57.379Z",""
"SL-PET-13486","ධම්මික පෙරේරා (ධම්මික)","19*****871","0713898178","anuradhapura","2026-09-20T10:40:07.426Z",""
"SL-PET-10781","ඩබ්. එම්. අසංක අතුකෝරල","62*****53V","0716251079","colombo","2026-09-20T10:34:50.501Z",""
"SL-PET-13344","කේ. ඒ. ජනක කුලතුංග","96*****39V","0772467789","kandy","2026-09-20T10:32:03.887Z",""
"SL-PET-11006","ප්‍රේමචන්ද්‍ර වසන්ත","70*****93V","0756087798","galle","2026-09-20T10:31:02.040Z","අපේ ප්‍රාර්ථනාව කඩිනමින් ඉටුවේවා!"
"SL-PET-13230","ආර්. එම්. නිහාල් සුමනසේකර","85*****25V","0778999021","kurunegala","2026-09-20T10:27:05.501Z","සාධාරණත්වය ඉටු කරන්න."
"SL-PET-11043","එච්. එම්. චතුරංග පතිරණ","69*****94V","0719592092","badulla","2026-09-20T10:24:44.448Z","ඥානසාර හිමියන්ට කඩිනම් ජනාධිපති සමාව ලබා දෙන්න."
"SL-PET-10670","පූජ්‍ය රජවත්තේ ධම්මදින්න හිමි","19*****513","0725117706","matara","2026-09-20T10:19:27.542Z",""
"SL-PET-11293","පූජ්‍ය කොටුගොඩ පියරතන හිමි","19*****240","0719640078","badulla","2026-09-20T10:15:05.448Z",""
"SL-PET-12970","එච්. එම්. ජනක සෙනෙවිරත්න","88*****42V","0716413828","kurunegala","2026-09-20T10:03:12.472Z","ලක්ෂ 50 ක ජනතා හඬට ඇහුම්කන් දෙන්න."
"SL-PET-13330","ප්‍රදීප් සේනාරත්න (ප්‍රදීප්)","20*****260","0711768213","ampara","2026-09-20T10:02:29.145Z",""
"SL-PET-13753","ශිරාන් මදුශංක","19*****380","0771754935","badulla","2026-09-20T10:00:11.082Z",""
"SL-PET-12958","ඩබ්. එම්. රංජිත් කහඳගමගේ","19*****330","0716903398","matara","2026-09-20T09:58:17.371Z",""
"SL-PET-13080","නිරෝෂා නවරත්න (නිරෝෂා)","61*****96V","0767786402","kalutara","2026-09-20T09:55:34.224Z","සාමකාමී ශ්‍රී ලංකාවක් උදෙසා උන්වහන්සේ නිදහස් කරන්න."
"SL-PET-11848","බෙල්ලන්විල ආනන්ද හිමි","77*****95V","0788667466","anuradhapura","2026-09-20T09:47:51.998Z",""
"SL-PET-10550","තිසර අතුකෝරල","19*****476","0719195700","anuradhapura","2026-09-20T09:47:44.426Z","සාමකාමී ශ්‍රී ලංකාවක් උදෙසා උන්වහන්සේ නිදහස් කරන්න."
"SL-PET-13573","එච්. එම්. දිනුෂිකා පෙරේරා","88*****30V","0708876456","galle","2026-09-20T09:46:29.028Z","පෙත්සම සාර්ථක වේවා!"
"SL-PET-11241","පූජ්‍ය මල්වත්තේ පියරතන හිමි","65*****19V","0775414443","galle","2026-09-20T09:44:55.084Z","බුද්ධ ශාසනයේ ආරක්ෂාව උදෙසා උන්වහන්සේ මුදාහරින්න."
"SL-PET-10624","නිරෝෂා ලියනගේ (නිරෝෂා)","99*****84V","0781568981","galle","2026-09-20T09:44:12.343Z","ලක්ෂ 50 ක ජනතා හඬට ඇහුම්කන් දෙන්න."
"SL-PET-12086","එච්. එම්. නයනා ආටිගල","20*****449","0769284807","badulla","2026-09-20T09:42:18.477Z","නිරෝගී සුවය හා නිදහස ලැබේවා."
"SL-PET-11445","ඩබ්. එම්. ප්‍රදීප් මඩවලගේ","19*****400","0715382726","kurunegala","2026-09-20T09:41:25.352Z",""
"SL-PET-10709","එච්. එම්. අසංක විජේසිංහ","67*****61V","0714230357","trincomalee","2026-09-20T09:41:07.418Z",""
"SL-PET-12980","ආර්. එම්. ජගත් විතානගේ","74*****72V","0781085332","puttalam","2026-09-20T09:37:49.274Z","නිරෝගී සුවය හා නිදහස ලැබේවා."
"SL-PET-12225","ජීවන්ත ජයවර්ධන","68*****81V","0762101253","puttalam","2026-09-20T09:34:43.290Z","සාමකාමී ශ්‍රී ලංකාවක් උදෙසා උන්වහන්සේ නිදහස් කරන්න."
"SL-PET-11052","කේ. ඒ. රවින්ද්‍ර ජයවර්ධන","19*****431","0726070182","galle","2026-09-20T09:30:11.668Z",""
"SL-PET-10503","එච්. එම්. ප්‍රමෝද් දසනායක","68*****37V","0703452850","kegalle","2026-09-20T09:29:57.013Z","සාමකාමී ශ්‍රී ලංකාවක් උදෙසා උන්වහන්සේ නිදහස් කරන්න."
"SL-PET-10608","පී. බී. සුනේත්‍රා වික්‍රමසිංහ","19*****513","0719983377","kandy","2026-09-20T09:28:25.201Z",""
"SL-PET-12867","ගයත්‍රි දිසානායක (ගයත්‍රි)","20*****748","0709805816","kegalle","2026-09-20T09:27:10.924Z","පෙත්සම සාර්ථක වේවා!"
"SL-PET-12376","පී. බී. සචින් රාජපක්ෂ","19*****444","0715475662","kandy","2026-09-20T09:26:32.980Z",""
"SL-PET-11582","විජේමාන්න හේමන්ත","96*****49V","0783564826","polonnaruwa","2026-09-20T09:26:28.606Z",""
"SL-PET-13830","ශ්‍රියානි සුමනසේකර","19*****113","0709684943","badulla","2026-09-20T09:23:37.354Z","නිරෝගී සුවය හා නිදහස ලැබේවා."
"SL-PET-13203","නුවන් දේවප්‍රිය (නුවන්)","19*****811","0756799218","kandy","2026-09-20T09:21:09.801Z",""
"SL-PET-10741","අනුර විජේතුංග (අනුර)","19*****888","0782977816","ratnapura","2026-09-20T09:20:07.794Z",""
"SL-PET-11096","ඩබ්. එම්. දුමින්ද ප්‍රනාන්දු","88*****36V","0755579307","kurunegala","2026-09-20T09:19:39.160Z","ත්‍රිවිධ හමුදා හා පුරවැසි ප්‍රජාවේ පූර්ණ සුභපැතුම්."
"SL-PET-11312","ඩබ්. එම්. අනුර මඩවලගේ","65*****42V","0761256952","matara","2026-09-20T09:17:39.398Z","නිරෝගී සුවය හා නිදහස ලැබේවා."
"SL-PET-13421","එච්. එම්. අයේෂා බණ්ඩාර","19*****142","0785867303","gampaha","2026-09-20T09:11:52.966Z",""
"SL-PET-11151","එච්. එම්. මහින්ද ප්‍රේමචන්ද්‍ර","97*****41V","0707169188","monaragala","2026-09-20T09:02:03.743Z",""
"SL-PET-12830","ආර්. එම්. ධම්මික කරුණාරත්න","92*****66V","0773289221","kurunegala","2026-09-20T09:00:56.892Z",""
"SL-PET-12669","පූජ්‍ය රජවත්තේ පියරතන හිමි","19*****734","0712501700","galle","2026-09-20T09:00:17.421Z","බුද්ධ ශාසනයේ ආරක්ෂාව උදෙසා උන්වහන්සේ මුදාහරින්න."
"SL-PET-11313","ඩබ්. එම්. නයනා අතුකෝරල","70*****68V","0753156575","nuwaraeliya","2026-09-20T08:57:28.238Z",""
"SL-PET-13777","ධම්මික විජේරත්න (ධම්මික)","72*****55V","0761442836","colombo","2026-09-20T08:56:04.122Z","ත්‍රිවිධ හමුදා හා පුරවැසි ප්‍රජාවේ පූර්ණ සුභපැතුම්."
"SL-PET-11761","අතුකෝරල ලලිත්","63*****69V","0719349075","colombo","2026-09-20T08:54:45.075Z",""
"SL-PET-12011","ආර්. එම්. වසන්ත බණ්ඩාර","19*****880","0763872140","monaragala","2026-09-20T08:52:58.690Z","සියලු සත්වයෝ සුවපත් වෙත්වා! ඉක්මන් නිදහස පතමු."
"SL-PET-12758","පී. බී. අසංක විජේසිංහ","19*****285","0721188641","matara","2026-09-20T08:52:29.329Z",""
"SL-PET-11488","ඩබ්. එම්. සංජීව ප්‍රනාන්දු","90*****43V","0753316701","colombo","2026-09-20T08:49:05.791Z",""
"SL-PET-13891","මනෝරි අතුකෝරල","87*****76V","0781788276","kurunegala","2026-09-20T08:46:03.691Z",""
"SL-PET-11097","ඩබ්. එම්. රේණුකා හපුආරච්චි","83*****93V","0706508885","hambantota","2026-09-20T08:43:11.785Z",""
"SL-PET-11553","පූජ්‍ය රජවත්තේ ආනන්ද හිමි","19*****812","0763016367","kandy","2026-09-20T08:42:41.756Z",""
"SL-PET-10912","ඩබ්. එම්. චම්පා විජේසූරිය","63*****35V","0707179843","colombo","2026-09-20T08:38:25.747Z",""
"SL-PET-13775","ඩබ්. එම්. අජිත් ප්‍රනාන්දු","19*****333","0717426075","gampaha","2026-09-20T08:32:58.173Z",""
"SL-PET-12812","එච්. එම්. සන්ධ්‍යා විජේසිංහ","97*****27V","0722716385","badulla","2026-09-20T08:31:01.373Z","සමාව ලබා දී උන්වහන්සේ මුදාහරින්න."
"SL-PET-12340","ඉලංගකෝන් රුවන්","68*****14V","0706435992","kegalle","2026-09-20T08:25:37.350Z","ගරු ජනාධිපතිතුමනි, කරුණාවෙන් සලකා බලන්න."
"SL-PET-13617","කේ. ඒ. සරත් හපුආරච්චි","19*****415","0775070728","kurunegala","2026-09-20T08:23:12.439Z","ඥානසාර හිමියන්ට කඩිනම් ජනාධිපති සමාව ලබා දෙන්න."
"SL-PET-12639","කහඳගමගේ අනුර","86*****80V","0785759332","anuradhapura","2026-09-20T08:23:06.366Z",""
"SL-PET-12972","ඩබ්. එම්. රොමේෂ් මද්දුමගේ","72*****70V","0771933789","gampaha","2026-09-20T08:22:49.415Z",""
"SL-PET-11349","පූජ්‍ය වටපොත සුමංගල හිමි","76*****22V","0759961459","puttalam","2026-09-20T08:21:37.223Z",""
"SL-PET-11359","ඩබ්. එම්. මධුෂිකා දසනායක","19*****907","0783370072","galle","2026-09-20T08:21:29.765Z",""
"SL-PET-13013","මාලක රණවීර","89*****27V","0772804032","anuradhapura","2026-09-20T08:20:38.067Z",""
"SL-PET-13364","කේ. ඒ. අයේෂා විජේමාන්න","20*****711","0751748996","kurunegala","2026-09-20T08:19:50.422Z","සාමකාමී ශ්‍රී ලංකාවක් උදෙසා උන්වහන්සේ නිදහස් කරන්න."
"SL-PET-12344","පී. බී. නලින් හේරත්","77*****98V","0757893279","galle","2026-09-20T08:17:27.252Z","ත්‍රිවිධ හමුදා හා පුරවැසි ප්‍රජාවේ පූර්ණ සුභපැතුම්."
"SL-PET-13653","කුමුදු සමරසේකර","84*****19V","0705184338","badulla","2026-09-20T08:15:45.259Z",""
"SL-PET-11718","ආර්. එම්. නුවන් සිරිවර්ධන","61*****80V","0752367480","kurunegala","2026-09-20T08:11:40.662Z",""
"SL-PET-10929","කේ. ඒ. ලක්ෂිකා මාරසිංහ","90*****35V","0702739043","trincomalee","2026-09-20T08:10:19.822Z",""
"SL-PET-12378","ගයත්‍රි දිසානායක","85*****96V","0775963308","trincomalee","2026-09-20T08:06:10.779Z",""
"SL-PET-12384","එච්. එම්. උපුල් කරුණාරත්න","19*****150","0755322698","polonnaruwa","2026-09-20T08:03:47.341Z",""
"SL-PET-13540","කේ. ඒ. මනෝරි දිසානායක","88*****95V","0722903841","kalutara","2026-09-20T08:03:23.354Z",""
"SL-PET-11568","ආර්. එම්. රුචිරා නවරත්න","89*****11V","0776246872","anuradhapura","2026-09-20T08:02:33.933Z",""
"SL-PET-12943","දිනුෂිකා සුමනපාල (දිනුෂිකා)","19*****131","0754928560","trincomalee","2026-09-20T08:01:44.146Z",""
"SL-PET-13156","සදුනි සමරසේකර","19*****179","0766909614","gampaha","2026-09-20T08:00:54.508Z",""
"SL-PET-13101","සේනාරත්න ප්‍රේමරත්න","98*****98V","0759164763","anuradhapura","2026-09-20T07:59:58.379Z","සමාව ලබා දී උන්වහන්සේ මුදාහරින්න."
"SL-PET-13146","ඉන්දිරා සිල්වා","20*****552","0721258756","hambantota","2026-09-20T07:58:52.852Z","සාධාරණත්වය ඉටු කරන්න."
"SL-PET-12400","එච්. එම්. චාන්දනී කුලතුංග","64*****65V","0785108987","kurunegala","2026-09-20T07:57:13.467Z",""
"SL-PET-12096","ආර්. එම්. මනෝජා විජේමාන්න","19*****496","0758311645","matara","2026-09-20T07:56:30.991Z",""
"SL-PET-11651","අනෝජ් මෙන්ඩිස්","19*****411","0789609621","anuradhapura","2026-09-20T07:54:22.649Z",""
"SL-PET-13673","සන්ධ්‍යා විජේතුංග (සන්ධ්‍යා)","19*****857","0707334989","colombo","2026-09-20T07:53:49.892Z",""
"SL-PET-12478","පූජ්‍ය රත්නපුරේ ධම්මදින්න හිමි","91*****50V","0711850462","ratnapura","2026-09-20T07:51:25.517Z","ප්‍රජාතන්ත්‍රවාදී මහජන හඬට සවන් දෙන්න."
"SL-PET-11171","එච්. එම්. අමිල රණවීර","20*****515","0709337526","galle","2026-09-20T07:45:59.548Z",""
"SL-PET-13472","මදුශංක දිනේෂ්","19*****450","0721220849","gampaha","2026-09-20T07:44:32.737Z","අපේ පූර්ණ සහයෝගය පෙත්සමට හිමිවේ."
"SL-PET-12610","පී. බී. අනෝජ් විජේසූරිය","70*****97V","0766067834","kandy","2026-09-20T07:44:22.359Z",""
"SL-PET-12022","ආර්. එම්. සරත් අබේසේකර","19*****662","0782013743","kurunegala","2026-09-20T07:43:53.792Z",""
"SL-PET-13422","පී. බී. කුෂාන් මෙන්ඩිස්","81*****53V","0762929383","badulla","2026-09-20T07:43:36.013Z","සමාව ලබා දී උන්වහන්සේ මුදාහරින්න."
"SL-PET-12710","ආර්. එම්. ජීවන්ත ආටිගල","19*****951","0711401768","colombo","2026-09-20T07:35:11.885Z",""
"SL-PET-13099","කේ. ඒ. ගයාන් දේවප්‍රිය","83*****35V","0716635119","colombo","2026-09-20T07:35:01.533Z",""
"SL-PET-11936","පී. බී. රොමේෂ් කුලතුංග","20*****607","0705825909","kurunegala","2026-09-20T07:31:09.740Z",""
"SL-PET-12286","එච්. එම්. නලින් මහවිතාන","91*****60V","0765077225","gampaha","2026-09-20T07:30:23.079Z",""
"SL-PET-11668","සන්ධ්‍යා සිරිවර්ධන (සන්ධ්‍යා)","70*****29V","0704161913","badulla","2026-09-20T07:29:25.789Z",""
"SL-PET-11520","ආර්. එම්. තක්ෂිලා ප්‍රේමචන්ද්‍ර","62*****81V","0758636619","anuradhapura","2026-09-20T07:28:30.837Z",""
"SL-PET-11169","පී. බී. මනෝජා විජේසිංහ","89*****63V","0722638338","ratnapura","2026-09-20T07:28:10.606Z",""
"SL-PET-11499","ඩබ්. එම්. රංජිත් සෝමරත්න","69*****43V","0762264042","monaragala","2026-09-20T07:26:31.270Z",""
"SL-PET-13670","විජේරත්න සම්පත්","19*****251","0721000142","colombo","2026-09-20T07:25:31.211Z",""
"SL-PET-10817","ඩබ්. එම්. සම්පත් දසනායක","65*****96V","0714157181","monaragala","2026-09-20T07:25:16.457Z","සමාව ලබා දී උන්වහන්සේ මුදාහරින්න."
"SL-PET-13406","ආර්. එම්. මහේෂ් හපුආරච්චි","76*****89V","0702673751","kandy","2026-09-20T07:24:56.189Z",""
"SL-PET-12188","ප්‍රේමරත්න හපුආරච්චි","19*****456","0774204012","matara","2026-09-20T07:23:25.018Z",""
"SL-PET-12249","දිසානායක ජගත්","68*****93V","0702344487","monaragala","2026-09-20T07:22:29.101Z",""
"SL-PET-10830","ලක්ෂිකා සේනාරත්න","83*****17V","0721311959","colombo","2026-09-20T07:20:55.748Z","සාධාරණත්වය ඉටු කරන්න."
"SL-PET-11113","ලලිත් සිල්වා (ලලිත්)","62*****11V","0778058973","monaragala","2026-09-20T07:20:02.622Z",""
"SL-PET-10934","එච්. එම්. සුනිල් කරුණාරත්න","62*****12V","0708994835","kurunegala","2026-09-20T07:17:34.415Z",""
"SL-PET-11522","පූජ්‍ය මල්වත්තේ ආනන්ද හිමි","94*****98V","0751400603","badulla","2026-09-20T07:13:00.433Z",""
"SL-PET-10586","මඩවලගේ නලින්","19*****457","0787198766","galle","2026-09-20T07:09:18.251Z",""
"SL-PET-11244","ධම්මික තිලකරත්න","19*****728","0779038727","kandy","2026-09-20T07:09:10.442Z",""
"SL-PET-10983","පී. බී. කුමාර ජයවර්ධන","19*****826","0763346882","ratnapura","2026-09-20T07:02:07.945Z","නිරෝගී සුවය හා නිදහස ලැබේවා."
"SL-PET-13111","සන්ධ්‍යා හේරත් (සන්ධ්‍යා)","19*****452","0725731609","gampaha","2026-09-20T07:00:27.818Z",""
"SL-PET-11053","අනෝමා රණවීර","98*****19V","0705957863","matara","2026-09-20T07:00:26.619Z",""
"SL-PET-11693","පූජ්‍ය රත්නපුරේ සෝභිත හිමි","80*****12V","0716525367","kandy","2026-09-20T07:00:01.156Z","ඥානසාර හිමියන්ට කඩිනම් ජනාධිපති සමාව ලබා දෙන්න."
"SL-PET-10974","පී. බී. රේණුකා වසන්ත","19*****401","0777184329","ampara","2026-09-20T06:59:16.573Z",""
"SL-PET-10748","ඩබ්. එම්. නිරංජලා ජයසිංහ","19*****656","0777345650","gampaha","2026-09-20T06:57:54.395Z","පෙත්සම සාර්ථක වේවා!"
"SL-PET-10937","ආර්. එම්. මල්කාන්ති මෙන්ඩිස්","19*****884","0781853952","overseas","2026-09-20T06:55:57.731Z","උතුම් දළදා සමිඳු පිහිටෙන් නිදහස ලැබේවා."
"SL-PET-10697","පූජ්‍ය නාරද රේවත හිමි","19*****800","0773272187","anuradhapura","2026-09-20T06:55:32.500Z","බුද්ධ ශාසනයේ ආරක්ෂාව උදෙසා උන්වහන්සේ මුදාහරින්න."
"SL-PET-10732","කේ. ඒ. සනත් ආටිගල","89*****29V","0712459573","puttalam","2026-09-20T06:52:47.359Z","සාධාරණත්වය ඉටු කරන්න."
"SL-PET-13269","චතුරංග වික්‍රමසිංහ","19*****895","0786059295","anuradhapura","2026-09-20T06:49:23.814Z","රට ජාතිය ආගම වෙනුවෙන් හඬක් නැගූ හිමියන්ට නිදහස ලැබේවා."
"SL-PET-11351","කේ. ඒ. චතුරංග විජේමාන්න","69*****12V","0723064076","ratnapura","2026-09-20T06:48:55.814Z",""
"SL-PET-13902","පී. බී. ජීවන්ත සෙනෙවිරත්න","79*****40V","0709376979","kandy","2026-09-20T06:46:55.128Z","ප්‍රජාතන්ත්‍රවාදී මහජන හඬට සවන් දෙන්න."
"SL-PET-13746","ආර්. එම්. ඉසුරු විජේසූරිය","88*****51V","0704155382","anuradhapura","2026-09-20T06:46:04.251Z",""
"SL-PET-12015","ආර්. එම්. චම්පා කුමාරසිංහ","98*****36V","0757565514","gampaha","2026-09-20T06:45:34.361Z","ප්‍රජාතන්ත්‍රවාදී මහජන හඬට සවන් දෙන්න."
"SL-PET-12651","කේ. ඒ. නිරෝෂා රණසිංහ","78*****96V","0701863476","monaragala","2026-09-20T06:45:32.560Z",""
"SL-PET-13590","කේ. ඒ. ජගත් සිල්වා","80*****29V","0762859446","ratnapura","2026-09-20T06:36:48.452Z",""
"SL-PET-13558","අතුකෝරල මනෝජ්","20*****201","0752663577","kandy","2026-09-20T06:36:25.224Z",""
"SL-PET-12248","මනෝජ් සෝමරත්න","91*****10V","0776078756","anuradhapura","2026-09-20T06:33:54.650Z",""
"SL-PET-10831","ආර්. එම්. නිරෝෂා පතිරණ","88*****69V","0775706441","kalutara","2026-09-20T06:31:15.623Z","බුද්ධ ශාසනයේ ආරක්ෂාව උදෙසා උන්වහන්සේ මුදාහරින්න."
"SL-PET-11304","ලලිත් සමරසේකර","70*****34V","0772160205","colombo","2026-09-20T06:29:47.486Z",""
"SL-PET-13589","පී. බී. නයනා දේවප්‍රිය","72*****89V","0761619510","kandy","2026-09-20T06:28:03.631Z",""
"SL-PET-13356","පූජ්‍ය මාදුළුවාවේ සුමනසාර හිමි","76*****46V","0705158230","kurunegala","2026-09-20T06:25:49.950Z","අපේ ප්‍රාර්ථනාව කඩිනමින් ඉටුවේවා!"
"SL-PET-11686","ආර්. එම්. මනෝජා සෝමරත්න","87*****30V","0728266906","matale","2026-09-20T06:24:33.609Z",""
"SL-PET-11248","ආර්. එම්. මහින්ද සුමනසේකර","19*****348","0789129504","matale","2026-09-20T06:23:05.403Z",""
"SL-PET-12560","පී. බී. ශ්‍රියානි දැදිගම","19*****533","0758237096","overseas","2026-09-20T06:20:46.575Z","සාමකාමී ශ්‍රී ලංකාවක් උදෙසා උන්වහන්සේ නිදහස් කරන්න."
"SL-PET-11524","මධුෂිකා ප්‍රනාන්දු","19*****223","0717562084","gampaha","2026-09-20T06:19:06.093Z",""
"SL-PET-13519","ආර්. එම්. හේමන්ත සිරිවර්ධන","19*****431","0772052170","gampaha","2026-09-20T06:15:30.115Z","පෙත්සම සාර්ථක වේවා!"
"SL-PET-13401","ආර්. එම්. වසන්ති සමරසේකර","19*****919","0722639081","badulla","2026-09-20T06:14:02.441Z","අපගේ ආශිර්වාදය හා සහයෝගය උන්වහන්සේ සමගයි."
"SL-PET-10824","රවින්ද්‍ර අතුකෝරල","98*****22V","0771453949","colombo","2026-09-20T06:12:34.385Z","අපේ ප්‍රාර්ථනාව කඩිනමින් ඉටුවේවා!"
"SL-PET-13377","කුමුදුනී සමරසේකර (කුමුදුනී)","86*****80V","0778389582","trincomalee","2026-09-20T06:06:50.863Z",""
"SL-PET-11399","දැදිගම ශිරාන්","76*****79V","0761699282","colombo","2026-09-20T06:04:22.072Z",""
"SL-PET-13895","ඩබ්. එම්. චතුරංග ප්‍රේමචන්ද්‍ර","83*****86V","0721565821","anuradhapura","2026-09-20T06:02:22.684Z",""
"SL-PET-11290","රත්නායක සුනෙත්‍රා","19*****773","0708780040","matale","2026-09-20T05:55:51.899Z","ලක්ෂ 50 ක ජනතා හඬට ඇහුම්කන් දෙන්න."
"SL-PET-11467","තිළිණ මඩවලගේ","67*****97V","0722407576","kalutara","2026-09-20T05:52:35.510Z",""
"SL-PET-12735","ආර්. එම්. රේණුකා කරුණාරත්න","82*****44V","0716141998","polonnaruwa","2026-09-20T05:48:52.080Z",""
"SL-PET-13481","ආර්. එම්. නිහාල් බණ්ඩාර","19*****712","0762523943","ampara","2026-09-20T05:44:48.144Z",""
"SL-PET-13462","ඩබ්. එම්. මනෝරි විතානගේ","94*****21V","0705258143","gampaha","2026-09-20T05:42:52.897Z","අපේ පූර්ණ සහයෝගය පෙත්සමට හිමිවේ."
"SL-PET-12679","ආර්. එම්. තරිඳු සුමනපාල","85*****11V","0701327929","hambantota","2026-09-20T05:40:36.493Z","සමාව ලබා දී උන්වහන්සේ මුදාහරින්න."
"SL-PET-13143","ලලිත් දිසානායක","19*****576","0785603399","galle","2026-09-20T05:33:23.219Z",""
"SL-PET-13441","ඩබ්. එම්. සිතුම් විජේරත්න","69*****41V","0715558433","kurunegala","2026-09-20T05:32:48.013Z",""
"SL-PET-10948","ප්‍රේමරත්න මාරසිංහ (ප්‍රේමරත්න)","88*****81V","0755535517","gampaha","2026-09-20T05:31:41.465Z",""
"SL-PET-13044","ඉසුරු රත්නායක","71*****71V","0751012904","polonnaruwa","2026-09-20T05:24:17.453Z",""
"SL-PET-12739","ඩබ්. එම්. වසන්ති කුමාරසිංහ","19*****619","0776274227","kurunegala","2026-09-20T05:23:46.518Z",""
"SL-PET-13584","එච්. එම්. මනෝජ් ප්‍රේමචන්ද්‍ර","19*****317","0777174040","kurunegala","2026-09-20T05:20:34.521Z","සාමකාමී ශ්‍රී ලංකාවක් උදෙසා උන්වහන්සේ නිදහස් කරන්න."
"SL-PET-11687","දුමින්ද වික්‍රමසිංහ","92*****94V","0764227055","badulla","2026-09-20T05:17:12.401Z","පෙත්සම සාර්ථක වේවා!"
"SL-PET-12502","කෞශල්‍යා වික්‍රමසිංහ","19*****443","0726550978","anuradhapura","2026-09-20T05:16:48.897Z",""
"SL-PET-10737","එච්. එම්. සනත් කළුවිතාරණ","20*****453","0753956101","matale","2026-09-20T05:15:15.731Z","පෙත්සම සාර්ථක වේවා!"
"SL-PET-12009","සංජීව ජයවර්ධන (සංජීව)","90*****19V","0769210874","ratnapura","2026-09-20T05:13:11.374Z","රට ජාතිය ආගම වෙනුවෙන් හඬක් නැගූ හිමියන්ට නිදහස ලැබේවා."
"SL-PET-10521","එච්. එම්. නිහාල් සුමනසේකර","19*****945","0706354160","matara","2026-09-20T05:10:44.179Z",""
"SL-PET-12513","කේ. ඒ. මහේෂ් ප්‍රේමචන්ද්‍ර","71*****53V","0717218009","ratnapura","2026-09-20T05:06:53.580Z","නිරෝගී සුවය හා නිදහස ලැබේවා."
"SL-PET-13060","ඩබ්. එම්. ප්‍රේමරත්න ආටිගල","19*****610","0755185876","matale","2026-09-20T05:05:16.154Z",""
"SL-PET-11427","නිලන්ති සුමනසේකර (නිලන්ති)","68*****71V","0785719991","kurunegala","2026-09-20T05:04:28.996Z","නිරෝගී සුවය හා නිදහස ලැබේවා."
"SL-PET-13017","පූජ්‍ය රත්නපුරේ ඥානාලෝක හිමි","77*****90V","0713063750","ratnapura","2026-09-20T05:01:45.058Z",""
"SL-PET-13873","පී. බී. අනුරාධා සුමනපාල","98*****10V","0752943824","badulla","2026-09-20T05:01:29.773Z",""
"SL-PET-12409","පූජ්‍ය බදුල්ලේ රේවත හිමි","99*****78V","0754155024","matara","2026-09-20T04:58:11.094Z","අපගේ ආශිර්වාදය හා සහයෝගය උන්වහන්සේ සමගයි."
"SL-PET-11415","ඩබ්. එම්. රුක්මන් සෝමරත්න","81*****34V","0778634893","trincomalee","2026-09-20T04:54:12.975Z",""
"SL-PET-11566","ආර්. එම්. සරත් ප්‍රේමචන්ද්‍ර","93*****82V","0777268236","ampara","2026-09-20T04:53:16.500Z","අපේ ප්‍රාර්ථනාව කඩිනමින් ඉටුවේවා!"
"SL-PET-12123","ඩබ්. එම්. චාන්දනී සුමනපාල","67*****57V","0784548031","matale","2026-09-20T04:48:02.287Z",""
"SL-PET-11775","කේ. ඒ. අමිල රණවීර","19*****937","0768284572","kandy","2026-09-20T04:43:57.571Z","නිරෝගී සුවය හා නිදහස ලැබේවා."
"SL-PET-10975","එච්. එම්. රොමේෂ් බණ්ඩාර","19*****488","0779677254","kalutara","2026-09-20T04:40:44.559Z","නිරෝගී සුවය හා නිදහස ලැබේවා."
"SL-PET-11493","සුමනසේකර කසුන්","97*****91V","0779793291","monaragala","2026-09-20T04:39:59.831Z",""
"SL-PET-10655","ඩබ්. එම්. මනෝරි සුමනපාල","19*****237","0755776801","galle","2026-09-20T04:38:33.774Z","නිරෝගී සුවය හා නිදහස ලැබේවා."
"SL-PET-13847","ඩබ්. එම්. ගයත්‍රි රණසිංහ","60*****29V","0772309478","colombo","2026-09-20T04:33:14.880Z","නිරෝගී සුවය හා නිදහස ලැබේවා."
"SL-PET-12741","පූජ්‍ය බදුල්ලේ චන්දරතන හිමි","98*****59V","0711847291","puttalam","2026-09-20T04:32:18.289Z","ප්‍රජාතන්ත්‍රවාදී මහජන හඬට සවන් දෙන්න."
"SL-PET-12641","ඩබ්. එම්. රංජිත් මාරසිංහ","66*****88V","0723730150","kurunegala","2026-09-20T04:31:58.637Z","උතුම් දළදා සමිඳු පිහිටෙන් නිදහස ලැබේවා."
"SL-PET-11198","කේ. ඒ. ඉසුරු ජයසිංහ","71*****82V","0768506012","gampaha","2026-09-20T04:31:50.026Z","උතුම් දළදා සමිඳු පිහිටෙන් නිදහස ලැබේවා."
"SL-PET-11523","තිළිණ කුමාරසිංහ (තිළිණ)","79*****46V","0728965254","colombo","2026-09-20T04:30:15.456Z",""
"SL-PET-13064","ආර්. එම්. කුමාර රත්නායක","19*****414","0728558665","gampaha","2026-09-20T04:27:40.819Z",""
"SL-PET-12213","එච්. එම්. මනෝජ් රණවීර","90*****53V","0774815167","kandy","2026-09-20T04:25:33.198Z","අධිකරණ තීන්දුවලට ගරු කරමින්ම ජනාධිපති සමාව අයදිමු."
"SL-PET-13512","එච්. එම්. ගයාන් සෝමරත්න","90*****16V","0716114916","galle","2026-09-20T04:24:55.012Z",""
"SL-PET-10613","ඩබ්. එම්. චාන්දනී ධර්මප්‍රිය","19*****240","0781685010","kurunegala","2026-09-20T04:24:50.543Z",""
"SL-PET-11918","සදුනි දේවප්‍රිය (සදුනි)","19*****476","0769661977","nuwaraeliya","2026-09-20T04:24:23.267Z",""
"SL-PET-11752","එච්. එම්. රංජිත් සිරිවර්ධන","20*****682","0771126204","nuwaraeliya","2026-09-20T04:23:50.263Z",""
"SL-PET-12538","අනෝජ් සිරිවර්ධන (අනෝජ්)","75*****99V","0718870801","ampara","2026-09-20T04:22:35.081Z",""
"SL-PET-13242","ආර්. එම්. සමිත දැදිගම","19*****593","0703119236","gampaha","2026-09-20T04:22:08.141Z",""
"SL-PET-11979","ඩබ්. එම්. රුචිරා විජේසූරිය","19*****811","0778050135","kurunegala","2026-09-20T04:21:45.456Z","සියලු සත්වයෝ සුවපත් වෙත්වා! ඉක්මන් නිදහස පතමු."
"SL-PET-11867","කේ. ඒ. මාලක නවරත්න","19*****311","0706838878","overseas","2026-09-20T04:18:16.728Z",""
"SL-PET-11813","ඩබ්. එම්. කුමාර සිල්වා","19*****299","0717889199","puttalam","2026-09-20T04:18:12.525Z",""
"SL-PET-11694","ඩබ්. එම්. කෙවින් වික්‍රමරත්න","68*****26V","0757049614","kurunegala","2026-09-20T04:17:17.771Z",""
"SL-PET-13327","කේ. ඒ. සම්පත් මද්දුමගේ","66*****18V","0718381408","gampaha","2026-09-20T04:16:48.437Z",""
"SL-PET-12816","කේ. ඒ. වසන්ත සේනාරත්න","66*****91V","0786167142","gampaha","2026-09-20T04:15:00.283Z",""
"SL-PET-11854","ආර්. එම්. රේණුකා සුමනපාල","94*****22V","0719512164","gampaha","2026-09-20T04:14:30.323Z",""
"SL-PET-11259","එච්. එම්. සිතුම් සෙනෙවිරත්න","72*****44V","0774262245","anuradhapura","2026-09-20T04:14:19.699Z",""
"SL-PET-12575","කේ. ඒ. අනුරාධා රණසිංහ","82*****81V","0767443691","kalutara","2026-09-20T04:11:53.825Z","සාමකාමී ශ්‍රී ලංකාවක් උදෙසා උන්වහන්සේ නිදහස් කරන්න."
"SL-PET-11020","සිල්වා තිස්ස","68*****67V","0755208344","colombo","2026-09-20T04:11:31.502Z",""
"SL-PET-12694","කේ. ඒ. චම්පා සුමනපාල","97*****63V","0711792189","anuradhapura","2026-09-20T04:08:56.059Z",""
"SL-PET-10501","කේ. ඒ. හිරුණි කුලතුංග","81*****47V","0767990567","matara","2026-09-20T04:06:48.161Z","ලක්ෂ 50 ක ජනතා හඬට ඇහුම්කන් දෙන්න."
"SL-PET-13899","කේ. ඒ. කුෂාන් විජේසිංහ","94*****68V","0722824637","kurunegala","2026-09-20T04:06:11.022Z",""
"SL-PET-12131","පී. බී. රුවන් වික්‍රමසිංහ","19*****453","0776807864","hambantota","2026-09-20T04:00:10.615Z",""
"SL-PET-10950","කේ. ඒ. අයේෂා ලියනගේ","62*****68V","0774325757","kurunegala","2026-09-20T03:59:57.361Z",""
"SL-PET-13528","මෙන්ඩිස් සුනේත්‍රා","91*****22V","0708784440","galle","2026-09-20T03:59:56.049Z","සාමකාමී ශ්‍රී ලංකාවක් උදෙසා උන්වහන්සේ නිදහස් කරන්න."
"SL-PET-10770","එච්. එම්. චමින්ද දේවප්‍රිය","19*****383","0717007934","matale","2026-09-20T03:58:22.880Z","ප්‍රජාතන්ත්‍රවාදී මහජන හඬට සවන් දෙන්න."
"SL-PET-13312","එච්. එම්. සංජීව අතුකෝරල","80*****39V","0762456407","gampaha","2026-09-20T03:55:32.114Z",""
"SL-PET-12489","පී. බී. කෞශල්‍යා කුමාරසිංහ","97*****90V","0768461136","ratnapura","2026-09-20T03:51:04.570Z","ත්‍රිවිධ හමුදා හා පුරවැසි ප්‍රජාවේ පූර්ණ සුභපැතුම්."
"SL-PET-12808","කේ. ඒ. සංජීව සෙනෙවිරත්න","19*****177","0722644343","matara","2026-09-20T03:50:52.307Z",""
"SL-PET-12663","පී. බී. දිනේෂ් කරුණාරත්න","19*****698","0752312641","ampara","2026-09-20T03:49:49.951Z",""
"SL-PET-11931","කේ. ඒ. තරිඳු තිලකරත්න","68*****28V","0751090945","ampara","2026-09-20T03:48:26.551Z","ප්‍රජාතන්ත්‍රවාදී මහජන හඬට සවන් දෙන්න."
"SL-PET-11590","රණසිංහ කුමුදුනී","19*****242","0767088533","kurunegala","2026-09-20T03:47:57.712Z",""
"SL-PET-12822","පූජ්‍ය බදුල්ලේ පියරතන හිමි","66*****76V","0763221851","colombo","2026-09-20T03:47:39.346Z",""
"SL-PET-11389","ජයසිංහ අමිල","19*****945","0756520987","kurunegala","2026-09-20T03:47:34.199Z","අපගේ ආශිර්වාදය හා සහයෝගය උන්වහන්සේ සමගයි."
"SL-PET-12501","මෙන්ඩිස් ප්‍රේමරත්න","19*****992","0701493988","kalutara","2026-09-20T03:45:15.687Z",""
"SL-PET-12331","පූජ්‍ය අස්ගිරියේ රේවත හිමි","60*****50V","0777602472","badulla","2026-09-20T03:44:09.443Z","ඥානසාර හිමියන්ට කඩිනම් ජනාධිපති සමාව ලබා දෙන්න."
"SL-PET-11125","වික්‍රමරත්න ධම්මික","61*****57V","0705510617","hambantota","2026-09-20T03:44:04.958Z","රට ජාතිය ආගම වෙනුවෙන් හඬක් නැගූ හිමියන්ට නිදහස ලැබේවා."
"SL-PET-12484","විජේමාන්න මනෝජා","93*****82V","0759117221","gampaha","2026-09-20T03:39:58.770Z",""
"SL-PET-12047","සජිත් ආටිගල","20*****548","0781567446","gampaha","2026-09-20T03:38:55.479Z","ලක්ෂ 50 ක ජනතා හඬට ඇහුම්කන් දෙන්න."
"SL-PET-12564","කේ. ඒ. ජනක සුමනසේකර","20*****651","0765697950","kalutara","2026-09-20T03:31:37.270Z",""
"SL-PET-10906","එච්. එම්. රුක්මන් ඉලංගකෝන්","19*****153","0705582000","hambantota","2026-09-20T03:28:17.880Z",""
"SL-PET-13906","දැදිගම ධම්මික","19*****454","0723662289","matara","2026-09-20T03:24:08.075Z",""
"SL-PET-10717","පූජ්‍ය කුරුණෑගල සුමංගල හිමි","66*****68V","0717960783","puttalam","2026-09-20T03:22:06.499Z","සියලු සත්වයෝ සුවපත් වෙත්වා! ඉක්මන් නිදහස පතමු."
"SL-PET-12886","ගයත්‍රි අබේසේකර","80*****58V","0722981408","matale","2026-09-20T03:22:03.722Z","සාමකාමී ශ්‍රී ලංකාවක් උදෙසා උන්වහන්සේ නිදහස් කරන්න."
"SL-PET-11203","පී. බී. රුවන් ජයවර්ධන","68*****64V","0724422592","colombo","2026-09-20T03:21:51.334Z",""
"SL-PET-11715","එච්. එම්. සංජීව මාරසිංහ","83*****77V","0706987366","colombo","2026-09-20T03:21:16.585Z","අධිකරණ තීන්දුවලට ගරු කරමින්ම ජනාධිපති සමාව අයදිමු."
"SL-PET-12062","සන්ධ්‍යා සිරිවර්ධන (සන්ධ්‍යා)","19*****522","0769749714","matale","2026-09-20T03:20:05.823Z","සාමකාමී ශ්‍රී ලංකාවක් උදෙසා උන්වහන්සේ නිදහස් කරන්න."
"SL-PET-10575","කේ. ඒ. ජගත් ප්‍රනාන්දු","19*****951","0701661206","kurunegala","2026-09-20T03:14:39.901Z",""
"SL-PET-12475","නයනා ජයවර්ධන (නයනා)","19*****158","0788710952","galle","2026-09-20T03:08:47.481Z",""
"SL-PET-11501","සමිත ගුණතිලක","90*****83V","0723405396","badulla","2026-09-20T03:06:30.956Z",""
"SL-PET-13411","හිරුණි රාජපක්ෂ (හිරුණි)","95*****41V","0763248758","polonnaruwa","2026-09-20T03:05:14.074Z",""
"SL-PET-11225","එච්. එම්. ප්‍රමෝද් පෙරේරා","19*****234","0762602116","matale","2026-09-20T03:03:30.743Z","අධිකරණ තීන්දුවලට ගරු කරමින්ම ජනාධිපති සමාව අයදිමු."
"SL-PET-12281","පූජ්‍ය බදුල්ලේ තිස්ස හිමි","86*****63V","0788380311","kandy","2026-09-20T03:03:18.810Z","අපේ ප්‍රාර්ථනාව කඩිනමින් ඉටුවේවා!"
"SL-PET-13007","ජගත් කහඳගමගේ","20*****689","0788037361","galle","2026-09-20T02:59:52.692Z",""
"SL-PET-12736","එච්. එම්. අයේෂා සිරිවර්ධන","95*****25V","0729025076","colombo","2026-09-20T02:58:19.976Z",""
"SL-PET-11418","එච්. එම්. නලින් දේවප්‍රිය","81*****99V","0705588203","kegalle","2026-09-20T02:55:11.361Z",""
"SL-PET-11804","ශ්‍රියානි පතිරණ","20*****624","0771835832","galle","2026-09-20T02:54:56.483Z","සාධාරණත්වය ඉටු කරන්න."
"SL-PET-13094","පූජ්‍ය රත්නපුරේ ධම්මජෝති හිමි","75*****82V","0701524615","matara","2026-09-20T02:54:08.937Z",""
"SL-PET-10849","කේ. ඒ. සම්පත් රාජපක්ෂ","68*****89V","0765653405","kegalle","2026-09-20T02:51:19.061Z",""
"SL-PET-12597","පී. බී. දර්ශන විජේසූරිය","95*****70V","0758676421","anuradhapura","2026-09-20T02:50:25.544Z",""
"SL-PET-13331","පූජ්‍ය නාරද රේවත හිමි","19*****753","0716108080","colombo","2026-09-20T02:49:14.645Z",""
"SL-PET-13191","කේ. ඒ. චාන්දනී දිසානායක","73*****77V","0701585373","galle","2026-09-20T02:42:23.887Z",""
"SL-PET-12510","සෙනෙවිරත්න සමිත","88*****77V","0753363359","kurunegala","2026-09-20T02:41:57.671Z",""
"SL-PET-11341","වසන්ත ආටිගල (වසන්ත)","95*****57V","0714390711","kalutara","2026-09-20T02:40:14.796Z",""
"SL-PET-12974","සුමනසේකර මහේෂ්","69*****77V","0767534355","kandy","2026-09-20T02:37:30.240Z",""
"SL-PET-13875","ඩබ්. එම්. රුවන් ආටිගල","19*****375","0786694806","nuwaraeliya","2026-09-20T02:34:35.703Z",""
"SL-PET-13613","ආර්. එම්. සුනේත්‍රා විතානගේ","90*****38V","0775074361","polonnaruwa","2026-09-20T02:32:35.779Z",""
"SL-PET-10825","ඩබ්. එම්. ලක්ෂිකා මදුශංක","87*****37V","0771578329","ratnapura","2026-09-20T02:29:27.886Z","උතුම් දළදා සමිඳු පිහිටෙන් නිදහස ලැබේවා."
"SL-PET-10553","ඩබ්. එම්. සුපුන් ජයසිංහ","19*****510","0757895864","matara","2026-09-20T02:25:35.705Z",""
"SL-PET-11089","ආර්. එම්. කසුන් ඉලංගකෝන්","73*****22V","0776168132","ratnapura","2026-09-20T02:21:24.459Z",""
"SL-PET-11322","බෙල්ලන්විල සුමන හිමි","68*****12V","0705450836","polonnaruwa","2026-09-20T02:21:08.295Z",""
"SL-PET-12964","ආර්. එම්. මහේෂ් හපුආරච්චි","19*****712","0724372526","colombo","2026-09-20T02:20:32.738Z",""
"SL-PET-11182","පූජ්‍ය මාදුළුවාවේ තිස්ස හිමි","19*****121","0755491673","colombo","2026-09-20T02:12:54.519Z","නිරෝගී සුවය හා නිදහස ලැබේවා."
"SL-PET-11536","ආර්. එම්. ගයත්‍රි ගුණතිලක","93*****51V","0726044674","galle","2026-09-20T02:11:53.971Z",""
"SL-PET-11080","මනෝජා හපුආරච්චි (මනෝජා)","96*****23V","0715714254","ratnapura","2026-09-20T02:00:11.046Z",""
"SL-PET-11603","ඩබ්. එම්. අමිල සුමනපාල","20*****674","0723442186","colombo","2026-09-20T01:59:47.520Z","ඥානසාර හිමියන්ට කඩිනම් ජනාධිපති සමාව ලබා දෙන්න."
"SL-PET-12524","ලක්ෂ්මන් පෙරේරා","60*****77V","0769519923","gampaha","2026-09-20T01:59:29.957Z","උතුම් දළදා සමිඳු පිහිටෙන් නිදහස ලැබේවා."
"SL-PET-11584","එච්. එම්. අනුර විජේසිංහ","19*****122","0764050033","badulla","2026-09-20T01:58:50.571Z","සියලු සත්වයෝ සුවපත් වෙත්වා! ඉක්මන් නිදහස පතමු."
"SL-PET-11649","ඩබ්. එම්. ශ්‍රියානි විජේමාන්න","19*****926","0728746387","kalutara","2026-09-20T01:55:32.592Z",""
"SL-PET-13112","අනුරාධා විජේරත්න","19*****965","0724852384","hambantota","2026-09-20T01:53:08.145Z",""
"SL-PET-12308","විජේතුංග සංජීව","20*****206","0753519482","kegalle","2026-09-20T01:50:19.307Z","ලක්ෂ 50 ක ජනතා හඬට ඇහුම්කන් දෙන්න."
"SL-PET-13105","ඩබ්. එම්. සුනෙත්‍රා ධර්මප්‍රිය","19*****803","0768246055","ratnapura","2026-09-20T01:50:15.330Z",""
"SL-PET-13264","සිතුම් කහඳගමගේ (සිතුම්)","91*****55V","0762677165","matara","2026-09-20T01:46:38.863Z","ලක්ෂ 50 ක ජනතා හඬට ඇහුම්කන් දෙන්න."
"SL-PET-11677","පී. බී. දිනුෂිකා කළුවිතාරණ","87*****98V","0762591614","anuradhapura","2026-09-20T01:44:08.074Z",""
"SL-PET-12684","පූජ්‍ය කොටුගොඩ ආනන්ද හිමි","19*****192","0759630852","matale","2026-09-20T01:42:40.491Z",""
"SL-PET-10545","මදුශංක ලක්ෂිකා","19*****918","0754824983","kurunegala","2026-09-20T01:36:08.357Z",""
"SL-PET-12800","අසංක ජයසිංහ","62*****59V","0761838250","anuradhapura","2026-09-20T01:33:49.647Z",""
"SL-PET-12315","ආර්. එම්. මධුෂිකා විතානගේ","85*****55V","0762961420","badulla","2026-09-20T01:33:48.364Z","ත්‍රිවිධ හමුදා හා පුරවැසි ප්‍රජාවේ පූර්ණ සුභපැතුම්."
"SL-PET-10652","අතුල සෝමරත්න","83*****13V","0788150138","puttalam","2026-09-20T01:33:16.441Z","පෙත්සම සාර්ථක වේවා!"
"SL-PET-11793","සිල්වා බුද්ධික","75*****49V","0713859141","polonnaruwa","2026-09-20T01:28:55.260Z",""
"SL-PET-11342","කේ. ඒ. සමිත තිලකරත්න","77*****59V","0781919148","kurunegala","2026-09-20T01:26:36.104Z","අධිකරණ තීන්දුවලට ගරු කරමින්ම ජනාධිපති සමාව අයදිමු."
"SL-PET-13470","කේ. ඒ. මනෝජා රාජපක්ෂ","20*****709","0752805294","kandy","2026-09-20T01:24:47.028Z","නිරෝගී සුවය හා නිදහස ලැබේවා."
"SL-PET-12664","ආර්. එම්. චාන්දනී දැදිගම","91*****10V","0778873280","anuradhapura","2026-09-20T01:23:26.003Z","ගරු ජනාධිපතිතුමනි, කරුණාවෙන් සලකා බලන්න."
"SL-PET-11216","ලක්ෂ්මන් තිලකරත්න (ලක්ෂ්මන්)","91*****19V","0701614178","hambantota","2026-09-20T01:15:23.116Z","අපගේ ආශිර්වාදය හා සහයෝගය උන්වහන්සේ සමගයි."
"SL-PET-13371","ආර්. එම්. සිතුම් කළුවිතාරණ","94*****80V","0766812325","gampaha","2026-09-20T01:14:45.283Z",""
"SL-PET-11559","පූජ්‍ය බදුල්ලේ ඥානාරාම හිමි","19*****715","0759503131","gampaha","2026-09-20T01:13:48.097Z",""
"SL-PET-11874","පී. බී. කෞශල්‍යා සෙනෙවිරත්න","20*****605","0763510840","overseas","2026-09-20T01:11:59.441Z",""
"SL-PET-11385","එච්. එම්. මහින්ද සමරසේකර","83*****87V","0705250002","matara","2026-09-20T01:11:47.412Z","පෙත්සම සාර්ථක වේවා!"
"SL-PET-10533","කේ. ඒ. මහේෂ් මදුශංක","91*****45V","0713011251","colombo","2026-09-20T01:11:40.879Z",""
"SL-PET-13279","ඩබ්. එම්. අමිල දිසානායක","91*****98V","0702386318","kegalle","2026-09-20T01:11:24.375Z",""
"SL-PET-12207","පූජ්‍ය බදුල්ලේ පඤ්ඤානන්ද හිමි","19*****152","0789990676","gampaha","2026-09-20T01:09:54.533Z",""
"SL-PET-12129","ආර්. එම්. තරිඳු කහඳගමගේ","19*****391","0752089107","ratnapura","2026-09-20T01:09:07.069Z",""
"SL-PET-12662","ලලිත් කළුවිතාරණ (ලලිත්)","74*****65V","0784209092","trincomalee","2026-09-20T01:04:06.898Z",""
"SL-PET-11552","තිසර සුමනපාල (තිසර)","99*****42V","0757403811","trincomalee","2026-09-20T00:58:00.773Z",""
"SL-PET-12294","මදුශංක ශ්‍රියානි","19*****831","0787916776","monaragala","2026-09-20T00:52:35.568Z","උතුම් දළදා සමිඳු පිහිටෙන් නිදහස ලැබේවා."
"SL-PET-11102","කේ. ඒ. ජගත් ජයවර්ධන","75*****34V","0708609603","anuradhapura","2026-09-20T00:52:28.690Z",""
"SL-PET-10877","පී. බී. ප්‍රමෝද් නවරත්න","19*****903","0727989451","nuwaraeliya","2026-09-20T00:46:21.456Z",""
"SL-PET-13311","කේ. ඒ. කුමුදු ඉලංගකෝන්","19*****606","0774851213","kegalle","2026-09-20T00:44:07.396Z",""
"SL-PET-12497","රුවන් පෙරේරා (රුවන්)","19*****935","0777313703","galle","2026-09-20T00:40:13.050Z",""
"SL-PET-13282","එච්. එම්. සමිත රණසිංහ","19*****802","0716436510","matara","2026-09-20T00:38:56.220Z",""
"SL-PET-10895","ආර්. එම්. ජනක රත්නායක","19*****343","0773574595","kalutara","2026-09-20T00:33:09.850Z","සමාව ලබා දී උන්වහන්සේ මුදාහරින්න."
"SL-PET-12687","කේ. ඒ. ගයාන් දිසානායක","19*****553","0789280070","colombo","2026-09-20T00:33:02.349Z",""
"SL-PET-11354","එච්. එම්. කුසුම් සෝමරත්න","68*****71V","0779745488","ratnapura","2026-09-20T00:31:56.050Z",""
"SL-PET-11794","ඩබ්. එම්. රවින්ද්‍ර අබේසේකර","91*****89V","0729802719","puttalam","2026-09-20T00:29:27.148Z",""
"SL-PET-13277","චන්දන රත්නායක","19*****529","0754248981","trincomalee","2026-09-20T00:26:23.788Z",""
"SL-PET-10779","මාරසිංහ චන්දන","75*****77V","0709794095","hambantota","2026-09-20T00:26:17.445Z","ඥානසාර හිමියන්ට කඩිනම් ජනාධිපති සමාව ලබා දෙන්න."
"SL-PET-11137","ආර්. එම්. කුෂාන් දේවප්‍රිය","19*****958","0728541574","monaragala","2026-09-20T00:25:52.292Z",""
"SL-PET-13149","එච්. එම්. රුක්මන් විතානගේ","20*****677","0754896430","hambantota","2026-09-20T00:23:52.978Z",""
"SL-PET-11350","සුනිල් දසනායක","19*****377","0704244381","overseas","2026-09-20T00:15:56.125Z",""
"SL-PET-13841","කුමාර පතිරණ","72*****70V","0762540496","trincomalee","2026-09-20T00:05:58.637Z",""
"SL-PET-13511","විජේතුංග නිලන්ති","83*****34V","0724961200","galle","2026-09-19T23:57:16.494Z",""
"SL-PET-12634","වසන්ත විජේමාන්න (වසන්ත)","19*****794","0783226958","overseas","2026-09-19T23:56:39.776Z","බුද්ධ ශාසනයේ ආරක්ෂාව උදෙසා උන්වහන්සේ මුදාහරින්න."
"SL-PET-12809","කේ. ඒ. රුචිරා දිසානායක","63*****99V","0788873685","kurunegala","2026-09-19T23:54:46.906Z",""
"SL-PET-12956","සදුනි සේනාරත්න (සදුනි)","19*****520","0705073605","overseas","2026-09-19T23:53:46.875Z",""
"SL-PET-11812","ආර්. එම්. දිනේෂ් රත්නායක","19*****686","0729697668","trincomalee","2026-09-19T23:53:27.201Z",""
"SL-PET-10758","ඩබ්. එම්. නිරංජලා ප්‍රනාන්දු","19*****880","0782432541","matale","2026-09-19T23:52:49.918Z",""
"SL-PET-12455","තිස්ස මඩවලගේ","19*****493","0753497853","overseas","2026-09-19T23:51:32.512Z",""
"SL-PET-13336","ඩබ්. එම්. රේණුකා දේවප්‍රිය","65*****27V","0704751053","kalutara","2026-09-19T23:50:59.050Z",""
"SL-PET-13409","එච්. එම්. මනෝජා ජයසිංහ","88*****76V","0774049043","matale","2026-09-19T23:47:08.939Z",""
"SL-PET-12658","හේරත් මහේෂ්","20*****273","0776623671","polonnaruwa","2026-09-19T23:47:08.431Z",""
"SL-PET-13816","සදුනි ජයවර්ධන","87*****84V","0758978444","trincomalee","2026-09-19T23:45:58.215Z",""
"SL-PET-11353","ඩබ්. එම්. නලින් දිසානායක","91*****88V","0768618218","kandy","2026-09-19T23:39:18.814Z",""
"SL-PET-11444","ආර්. එම්. ප්‍රදීප් ජයසිංහ","81*****24V","0711467658","polonnaruwa","2026-09-19T23:38:18.826Z","උතුම් දළදා සමිඳු පිහිටෙන් නිදහස ලැබේවා."
"SL-PET-13807","පී. බී. කුමුදු මඩවලගේ","74*****46V","0775165013","ampara","2026-09-19T23:38:06.095Z","රට ජාතිය ආගම වෙනුවෙන් හඬක් නැගූ හිමියන්ට නිදහස ලැබේවා."
"SL-PET-12729","මෙන්ඩිස් සුජාතා","64*****38V","0775485992","ratnapura","2026-09-19T23:33:49.924Z","ත්‍රිවිධ හමුදා හා පුරවැසි ප්‍රජාවේ පූර්ණ සුභපැතුම්."
"SL-PET-13302","ඩබ්. එම්. අනෝජ් බණ්ඩාර","63*****32V","0764933573","colombo","2026-09-19T23:31:16.543Z","අපේ පූර්ණ සහයෝගය පෙත්සමට හිමිවේ."
"SL-PET-12606","එච්. එම්. ජනක ජයවර්ධන","91*****93V","0767435494","ratnapura","2026-09-19T23:25:37.410Z","අපගේ ආශිර්වාදය හා සහයෝගය උන්වහන්සේ සමගයි."
"SL-PET-12874","ඩබ්. එම්. ප්‍රේමරත්න මඩවලගේ","19*****669","0783739316","polonnaruwa","2026-09-19T23:21:20.609Z","ලක්ෂ 50 ක ජනතා හඬට ඇහුම්කන් දෙන්න."
"SL-PET-13910","පූජ්‍ය කුරුණෑගල සුමංගල හිමි","97*****35V","0713776574","monaragala","2026-09-19T23:17:13.037Z",""
"SL-PET-10707","සංජීව කහඳගමගේ (සංජීව)","84*****56V","0757055176","monaragala","2026-09-19T23:16:52.998Z",""
"SL-PET-12518","ඩබ්. එම්. සුනේත්‍රා රණවීර","20*****986","0716698911","matale","2026-09-19T23:12:33.509Z",""
"SL-PET-11502","තිස්ස කහඳගමගේ (තිස්ස)","19*****794","0729091849","polonnaruwa","2026-09-19T23:12:07.806Z",""
"SL-PET-12206","ගයාන් සෙනෙවිරත්න (ගයාන්)","19*****448","0756291843","ampara","2026-09-19T23:10:52.939Z","අපගේ ආශිර්වාදය හා සහයෝගය උන්වහන්සේ සමගයි."
"SL-PET-12463","ආර්. එම්. හිරුණි මඩවලගේ","19*****753","0728221203","anuradhapura","2026-09-19T23:08:44.156Z",""
"SL-PET-13010","ආර්. එම්. නිරංජලා දැදිගම","81*****89V","0702340818","kurunegala","2026-09-19T23:03:13.420Z","නිරෝගී සුවය හා නිදහස ලැබේවා."
"SL-PET-10967","කේ. ඒ. දිනේෂ් මදුශංක","19*****729","0761222498","matale","2026-09-19T22:56:40.439Z","අධිකරණ තීන්දුවලට ගරු කරමින්ම ජනාධිපති සමාව අයදිමු."
"SL-PET-12260","එච්. එම්. රංජිත් ගුණසේකර","67*****68V","0727712847","trincomalee","2026-09-19T22:55:44.830Z",""
"SL-PET-13837","කේ. ඒ. මනෝරි පෙරේරා","85*****26V","0724385442","ratnapura","2026-09-19T22:53:15.653Z","ප්‍රජාතන්ත්‍රවාදී මහජන හඬට සවන් දෙන්න."
"SL-PET-11117","එච්. එම්. ධම්මික දැදිගම","86*****27V","0788982805","gampaha","2026-09-19T22:51:48.579Z",""
"SL-PET-12536","පී. බී. චතුර දිසානායක","19*****901","0775419323","gampaha","2026-09-19T22:50:00.330Z","ඥානසාර හිමියන්ට කඩිනම් ජනාධිපති සමාව ලබා දෙන්න."
"SL-PET-12598","අනෝජ් කරුණාරත්න","19*****613","0716305951","kalutara","2026-09-19T22:49:54.822Z","සියලු සත්වයෝ සුවපත් වෙත්වා! ඉක්මන් නිදහස පතමු."
"SL-PET-12572","කේ. ඒ. සුනෙත්‍රා කහඳගමගේ","67*****90V","0701826420","monaragala","2026-09-19T22:48:22.787Z",""
"SL-PET-13592","එච්. එම්. ශ්‍රියානි විජේරත්න","19*****667","0716412864","colombo","2026-09-19T22:43:52.013Z","සමාව ලබා දී උන්වහන්සේ මුදාහරින්න."
"SL-PET-13806","දර්ශන දිසානායක (දර්ශන)","70*****70V","0713349653","polonnaruwa","2026-09-19T22:42:32.192Z","සාධාරණත්වය ඉටු කරන්න."
"SL-PET-12386","ඩබ්. එම්. කුෂාන් ලියනගේ","19*****894","0774590677","ratnapura","2026-09-19T22:42:11.268Z",""
"SL-PET-12963","එච්. එම්. සන්ධ්‍යා මාරසිංහ","70*****44V","0754204911","gampaha","2026-09-19T22:41:20.266Z",""
"SL-PET-11956","එච්. එම්. අනුර විජේසිංහ","19*****997","0701331802","badulla","2026-09-19T22:39:14.045Z","බුද්ධ ශාසනයේ ආරක්ෂාව උදෙසා උන්වහන්සේ මුදාහරින්න."
"SL-PET-12146","ඩබ්. එම්. අයේෂා මඩවලගේ","19*****496","0768670406","kurunegala","2026-09-19T22:37:54.472Z","අපේ පූර්ණ සහයෝගය පෙත්සමට හිමිවේ."
"SL-PET-12106","ආර්. එම්. සජිත් දසනායක","19*****772","0753811759","matale","2026-09-19T22:34:51.034Z",""
"SL-PET-12849","පී. බී. අනෝජ් රණසිංහ","19*****275","0775247896","ratnapura","2026-09-19T22:34:22.589Z",""
"SL-PET-13474","බුද්ධික විජේමාන්න (බුද්ධික)","83*****47V","0785057267","badulla","2026-09-19T22:29:46.054Z",""
"SL-PET-12544","ආර්. එම්. තිසර මෙන්ඩිස්","19*****597","0756935326","kalutara","2026-09-19T22:29:33.853Z",""
"SL-PET-11967","ඩබ්. එම්. හිරුණි වික්‍රමරත්න","87*****90V","0775475750","badulla","2026-09-19T22:29:09.773Z",""
"SL-PET-11819","පූජ්‍ය නාරද ඥානාරාම හිමි","89*****80V","0752490770","kurunegala","2026-09-19T22:27:45.038Z",""
"SL-PET-10850","සමරසේකර ශ්‍රියානි","74*****94V","0725437478","colombo","2026-09-19T22:27:25.155Z",""
"SL-PET-10834","මාරසිංහ තිළිණ","79*****55V","0752744365","kandy","2026-09-19T22:24:17.739Z",""
"SL-PET-12268","ඩබ්. එම්. චතුරංග ඉලංගකෝන්","61*****81V","0756692696","polonnaruwa","2026-09-19T22:21:33.974Z","අධිකරණ තීන්දුවලට ගරු කරමින්ම ජනාධිපති සමාව අයදිමු."
"SL-PET-10593","කේ. ඒ. ඉසුරු සෝමරත්න","80*****26V","0722591339","galle","2026-09-19T22:16:36.943Z","සාධාරණත්වය ඉටු කරන්න."
"SL-PET-12474","පී. බී. අනුරාධා සෝමරත්න","79*****96V","0769802328","kalutara","2026-09-19T22:16:36.707Z",""
"SL-PET-12168","කුෂාන් සෝමරත්න","19*****356","0754136313","kurunegala","2026-09-19T22:13:19.490Z",""
"SL-PET-12905","පී. බී. දිනේෂ් ජයසිංහ","19*****953","0727741873","polonnaruwa","2026-09-19T22:12:26.470Z",""
"SL-PET-12666","මධුෂිකා මහවිතාන (මධුෂිකා)","19*****140","0756504905","kegalle","2026-09-19T22:12:21.601Z","බුද්ධ ශාසනයේ ආරක්ෂාව උදෙසා උන්වහන්සේ මුදාහරින්න."
"SL-PET-13078","කේ. ඒ. මහින්ද කහඳගමගේ","73*****80V","0755934754","puttalam","2026-09-19T22:10:29.068Z",""
"SL-PET-11128","එච්. එම්. මධුෂිකා රණසිංහ","19*****559","0717258198","puttalam","2026-09-19T22:02:42.230Z",""
"SL-PET-13643","ආර්. එම්. මහින්ද වික්‍රමරත්න","63*****62V","0784743864","trincomalee","2026-09-19T22:02:15.763Z",""
"SL-PET-12548","ඩබ්. එම්. කුමුදු දැදිගම","81*****44V","0787978303","colombo","2026-09-19T22:01:43.789Z",""
"SL-PET-13159","ආර්. එම්. කෞශල්‍යා ඉලංගකෝන්","20*****674","0772886907","kurunegala","2026-09-19T21:56:49.646Z","ත්‍රිවිධ හමුදා හා පුරවැසි ප්‍රජාවේ පූර්ණ සුභපැතුම්."
"SL-PET-12522","පී. බී. නලින් පෙරේරා","72*****97V","0769379642","kandy","2026-09-19T21:56:38.229Z",""
"SL-PET-12222","ගුණතිලක චන්දන","19*****373","0767409873","kurunegala","2026-09-19T21:53:21.337Z","පෙත්සම සාර්ථක වේවා!"
"SL-PET-13022","ඩබ්. එම්. චමින්ද වික්‍රමරත්න","85*****42V","0728288460","badulla","2026-09-19T21:50:50.429Z",""
"SL-PET-11826","පී. බී. කුසුම් ප්‍රේමචන්ද්‍ර","77*****96V","0724373868","matara","2026-09-19T21:48:30.659Z","ගරු ජනාධිපතිතුමනි, කරුණාවෙන් සලකා බලන්න."
"SL-PET-10883","පූජ්‍ය රජවත්තේ ධම්මදින්න හිමි","20*****840","0775638779","colombo","2026-09-19T21:46:38.653Z","අපේ ප්‍රාර්ථනාව කඩිනමින් ඉටුවේවා!"
"SL-PET-13901","පූජ්‍ය කුරුණෑගල තිස්ස හිමි","89*****38V","0768642281","anuradhapura","2026-09-19T21:45:35.350Z",""
"SL-PET-11954","පූජ්‍ය අනුරාධපුර සීලරතන හිමි","19*****534","0704779202","galle","2026-09-19T21:45:22.068Z",""
"SL-PET-13184","කේ. ඒ. බුද්ධික විජේතුංග","19*****659","0719304106","polonnaruwa","2026-09-19T21:44:27.238Z","ගරු ජනාධිපතිතුමනි, කරුණාවෙන් සලකා බලන්න."
"SL-PET-11300","පී. බී. ධම්මික සිල්වා","19*****794","0764601682","galle","2026-09-19T21:41:51.343Z",""
"SL-PET-12339","ඩබ්. එම්. තරිඳු කුමාරසිංහ","93*****51V","0723825612","colombo","2026-09-19T21:40:30.681Z",""
"SL-PET-11602","පී. බී. මාලක ධර්මප්‍රිය","20*****408","0786821438","matara","2026-09-19T21:35:40.328Z",""
"SL-PET-13707","සුජාතා සිල්වා","19*****279","0756939435","overseas","2026-09-19T21:30:54.756Z",""
"SL-PET-10554","ආර්. එම්. ලක්ෂිකා වික්‍රමසිංහ","19*****106","0714991643","kandy","2026-09-19T21:27:39.745Z",""
"SL-PET-13234","එච්. එම්. දිනුෂිකා මහවිතාන","97*****86V","0717488606","kurunegala","2026-09-19T21:24:34.882Z","ප්‍රජාතන්ත්‍රවාදී මහජන හඬට සවන් දෙන්න."
"SL-PET-11251","සෝමරත්න අජිත්","78*****78V","0715097033","colombo","2026-09-19T21:22:57.740Z",""
"SL-PET-10879","හේමන්ත කරුණාරත්න (හේමන්ත)","20*****425","0721128016","polonnaruwa","2026-09-19T21:22:21.704Z","ගරු ජනාධිපතිතුමනි, කරුණාවෙන් සලකා බලන්න."
"SL-PET-11294","ධම්මික ජයවර්ධන (ධම්මික)","19*****282","0725157604","ratnapura","2026-09-19T21:14:06.445Z","ප්‍රජාතන්ත්‍රවාදී මහජන හඬට සවන් දෙන්න."
"SL-PET-11901","කේ. ඒ. දිල්හානි විජේසිංහ","60*****39V","0727312501","kandy","2026-09-19T21:10:29.851Z","පෙත්සම සාර්ථක වේවා!"
"SL-PET-13115","ආර්. එම්. ගයාන් රත්නායක","61*****74V","0775479137","monaragala","2026-09-19T21:07:56.494Z",""
"SL-PET-13892","විජේසූරිය ලක්ෂ්මන්","20*****679","0783073753","badulla","2026-09-19T21:06:46.369Z","අපගේ ආශිර්වාදය හා සහයෝගය උන්වහන්සේ සමගයි."
"SL-PET-11111","කේ. ඒ. ප්‍රේමරත්න වික්‍රමරත්න","96*****38V","0775490471","anuradhapura","2026-09-19T21:03:03.284Z","අපගේ ආශිර්වාදය හා සහයෝගය උන්වහන්සේ සමගයි."
"SL-PET-11969","සජිත් මඩවලගේ","89*****30V","0713520732","monaragala","2026-09-19T21:02:40.637Z",""
"SL-PET-11234","ඩබ්. එම්. සජිත් විතානගේ","83*****27V","0765115034","galle","2026-09-19T21:00:49.500Z",""
"SL-PET-13326","ආර්. එම්. චතුර රණසිංහ","19*****151","0712654271","ratnapura","2026-09-19T21:00:11.548Z",""
"SL-PET-12046","ඩබ්. එම්. නයනා රණසිංහ","19*****311","0725211352","kalutara","2026-09-19T20:57:38.151Z",""
"SL-PET-11515","හේමන්ත මද්දුමගේ","19*****365","0769297799","colombo","2026-09-19T20:55:02.427Z",""
"SL-PET-13869","පී. බී. දිනූෂ නවරත්න","20*****492","0751440628","hambantota","2026-09-19T20:52:39.705Z",""
"SL-PET-11489","එච්. එම්. අමිල රාජපක්ෂ","19*****195","0713432771","gampaha","2026-09-19T20:52:03.982Z","සියලු සත්වයෝ සුවපත් වෙත්වා! ඉක්මන් නිදහස පතමු."
"SL-PET-13145","පී. බී. තරිඳු වසන්ත","74*****84V","0715304089","gampaha","2026-09-19T20:48:17.126Z","පෙත්සම සාර්ථක වේවා!"
"SL-PET-10851","ආර්. එම්. කුමාර ඉලංගකෝන්","81*****57V","0784367598","ampara","2026-09-19T20:47:58.004Z",""
"SL-PET-13449","විජේතුංග ධම්මික","19*****934","0767243144","hambantota","2026-09-19T20:41:24.938Z",""
"SL-PET-10727","පී. බී. හර්ෂ සෙනෙවිරත්න","94*****98V","0729227920","polonnaruwa","2026-09-19T20:40:01.052Z","ගරු ජනාධිපතිතුමනි, කරුණාවෙන් සලකා බලන්න."
"SL-PET-12519","පී. බී. දිනුෂිකා ගුණතිලක","89*****93V","0753809583","matara","2026-09-19T20:37:32.766Z",""
"SL-PET-12187","ආර්. එම්. සුදර්ශනී සුමනසේකර","61*****71V","0766199877","kurunegala","2026-09-19T20:33:12.963Z","සියලු සත්වයෝ සුවපත් වෙත්වා! ඉක්මන් නිදහස පතමු."
"SL-PET-13553","ආර්. එම්. චතුරංග වසන්ත","65*****62V","0722003365","matara","2026-09-19T20:30:37.411Z",""
"SL-PET-13779","ආර්. එම්. ඉසුරු විජේසූරිය","96*****68V","0705708821","gampaha","2026-09-19T20:27:40.875Z",""
"SL-PET-12219","පී. බී. ශ්‍රියානි ප්‍රේමචන්ද්‍ර","19*****603","0772285552","polonnaruwa","2026-09-19T20:26:52.160Z",""
"SL-PET-12750","බුද්ධික දේවප්‍රිය","19*****746","0726096043","colombo","2026-09-19T20:26:48.110Z",""
"SL-PET-13104","මහේෂ් අතුකෝරල (මහේෂ්)","68*****37V","0709803826","nuwaraeliya","2026-09-19T20:26:19.930Z",""
"SL-PET-13880","චමින්ද හපුආරච්චි (චමින්ද)","69*****43V","0788381752","badulla","2026-09-19T20:21:37.788Z",""
"SL-PET-13801","ඩබ්. එම්. වසන්ත රාජපක්ෂ","81*****92V","0789332411","ratnapura","2026-09-19T20:20:23.406Z",""
"SL-PET-13019","ඩබ්. එම්. අනෝජ් දේවප්‍රිය","85*****15V","0758108439","kurunegala","2026-09-19T20:18:43.170Z",""
"SL-PET-11887","විජේසිංහ රංජිත්","96*****71V","0787968206","puttalam","2026-09-19T20:17:08.964Z",""
"SL-PET-12372","ඩබ්. එම්. සුනෙත්‍රා රාජපක්ෂ","19*****592","0751709785","kurunegala","2026-09-19T20:10:21.722Z",""
"SL-PET-10992","සමිත ලියනගේ (සමිත)","19*****839","0774762124","kalutara","2026-09-19T20:09:24.856Z",""
"SL-PET-13413","තිලක් විජේතුංග","71*****47V","0713161512","gampaha","2026-09-19T20:08:02.030Z",""
"SL-PET-12918","ආර්. එම්. සචින් ආටිගල","19*****442","0712351210","kurunegala","2026-09-19T20:05:09.667Z","සියලු සත්වයෝ සුවපත් වෙත්වා! ඉක්මන් නිදහස පතමු."
"SL-PET-11661","කේ. ඒ. චන්දන මාරසිංහ","19*****997","0763033053","gampaha","2026-09-19T20:02:06.203Z",""
"SL-PET-10798","එච්. එම්. චමින්ද විතානගේ","19*****961","0763948586","kurunegala","2026-09-19T19:59:27.281Z",""
"SL-PET-12081","චම්පා කළුවිතාරණ","76*****10V","0766657642","overseas","2026-09-19T19:59:21.924Z","සාමකාමී ශ්‍රී ලංකාවක් උදෙසා උන්වහන්සේ නිදහස් කරන්න."
"SL-PET-13545","ඩබ්. එම්. කුමුදු ජයසිංහ","19*****228","0783815676","galle","2026-09-19T19:57:54.177Z",""
"SL-PET-12211","ඩබ්. එම්. ශ්‍රියානි විජේමාන්න","99*****92V","0764545018","kurunegala","2026-09-19T19:55:35.464Z","ඥානසාර හිමියන්ට කඩිනම් ජනාධිපති සමාව ලබා දෙන්න."
"SL-PET-11562","ගයාන් රණසිංහ (ගයාන්)","19*****294","0717202682","hambantota","2026-09-19T19:55:32.341Z","උතුම් දළදා සමිඳු පිහිටෙන් නිදහස ලැබේවා."
"SL-PET-10504","ඩබ්. එම්. නිරංජලා විජේමාන්න","19*****118","0772747233","nuwaraeliya","2026-09-19T19:53:39.846Z",""
"SL-PET-13770","තිළිණ පෙරේරා (තිළිණ)","70*****88V","0761581221","overseas","2026-09-19T19:53:11.631Z",""
"SL-PET-10836","පී. බී. මහින්ද විජේතුංග","76*****39V","0778947260","matale","2026-09-19T19:52:57.742Z","අපේ පූර්ණ සහයෝගය පෙත්සමට හිමිවේ."
"SL-PET-10630","පූජ්‍ය අනුරාධපුර ඥානාලෝක හිමි","81*****69V","0768603560","overseas","2026-09-19T19:51:09.834Z",""
"SL-PET-13773","ආර්. එම්. ඉන්දිරා විජේසූරිය","62*****57V","0755039548","matara","2026-09-19T19:39:15.884Z","සමාව ලබා දී උන්වහන්සේ මුදාහරින්න."
"SL-PET-11455","ඩබ්. එම්. අනුර පතිරණ","75*****99V","0768746260","badulla","2026-09-19T19:39:05.748Z",""
"SL-PET-11757","එච්. එම්. රොමේෂ් ප්‍රේමචන්ද්‍ර","96*****33V","0751073452","anuradhapura","2026-09-19T19:36:34.559Z",""
"SL-PET-12160","ආර්. එම්. ප්‍රදීප් ප්‍රේමචන්ද්‍ර","91*****86V","0726471245","monaragala","2026-09-19T19:32:49.304Z",""
"SL-PET-12034","ආර්. එම්. මහේෂ් විජේතුංග","19*****606","0758283951","galle","2026-09-19T19:29:08.910Z",""
"SL-PET-11533","ඩබ්. එම්. වසන්ති රාජපක්ෂ","67*****19V","0702372818","polonnaruwa","2026-09-19T19:28:54.582Z","උතුම් දළදා සමිඳු පිහිටෙන් නිදහස ලැබේවා."
"SL-PET-13228","එච්. එම්. රුවන් කුලතුංග","69*****12V","0707997182","kegalle","2026-09-19T19:21:34.377Z",""
"SL-PET-13439","ඩබ්. එම්. පියුමි විජේසිංහ","19*****766","0789076223","kegalle","2026-09-19T19:19:35.062Z","ප්‍රජාතන්ත්‍රවාදී මහජන හඬට සවන් දෙන්න."
"SL-PET-10924","ආර්. එම්. ඉන්දිරා කළුවිතාරණ","19*****881","0761553508","kegalle","2026-09-19T19:19:02.396Z",""
"SL-PET-13046","මද්දුමගේ ජගත්","64*****74V","0722058741","kandy","2026-09-19T19:18:40.931Z",""
"SL-PET-13656","ඩබ්. එම්. උදාරි අතුකෝරල","92*****41V","0784712785","kurunegala","2026-09-19T19:14:16.511Z",""
"SL-PET-11039","එච්. එම්. අනුර ගුණතිලක","99*****27V","0752584371","hambantota","2026-09-19T19:12:14.958Z","ලක්ෂ 50 ක ජනතා හඬට ඇහුම්කන් දෙන්න."
"SL-PET-11307","වසන්ති විතානගේ (වසන්ති)","68*****91V","0765917940","matale","2026-09-19T19:10:21.832Z",""
"SL-PET-11025","එච්. එම්. කෞශල්‍යා දේවප්‍රිය","80*****12V","0768969571","gampaha","2026-09-19T19:05:55.195Z",""
"SL-PET-11396","හිරුණි සුමනසේකර","19*****590","0772359483","kegalle","2026-09-19T19:03:59.698Z","සමාව ලබා දී උන්වහන්සේ මුදාහරින්න."
"SL-PET-12251","පී. බී. තිළිණ රත්නායක","87*****25V","0777462747","kalutara","2026-09-19T19:01:33.819Z","නිරෝගී සුවය හා නිදහස ලැබේවා."
"SL-PET-12243","ආර්. එම්. චමින්ද ප්‍රේමචන්ද්‍ර","83*****32V","0755658590","kegalle","2026-09-19T19:01:28.660Z",""
"SL-PET-12900","එච්. එම්. ලක්ෂ්මන් මෙන්ඩිස්","67*****53V","0728931220","nuwaraeliya","2026-09-19T18:56:37.491Z",""
"SL-PET-12254","ඩබ්. එම්. සචින් රත්නායක","19*****223","0765014155","ratnapura","2026-09-19T18:53:05.905Z","ප්‍රජාතන්ත්‍රවාදී මහජන හඬට සවන් දෙන්න."
"SL-PET-11760","විජේරත්න මහින්ද","19*****724","0778608977","colombo","2026-09-19T18:52:45.009Z","සාමකාමී ශ්‍රී ලංකාවක් උදෙසා උන්වහන්සේ නිදහස් කරන්න."
"SL-PET-12266","පූජ්‍ය කොටුගොඩ සුමන හිමි","19*****603","0775579670","matale","2026-09-19T18:51:17.427Z",""
"SL-PET-13229","රුචිරා ධර්මප්‍රිය (රුචිරා)","81*****89V","0707236362","kegalle","2026-09-19T18:50:44.205Z","බුද්ධ ශාසනයේ ආරක්ෂාව උදෙසා උන්වහන්සේ මුදාහරින්න."
"SL-PET-12596","අසංක සමරසේකර (අසංක)","19*****420","0777158749","polonnaruwa","2026-09-19T18:46:28.221Z",""
"SL-PET-13734","අනෝමා අතුකෝරල (අනෝමා)","87*****39V","0724836619","polonnaruwa","2026-09-19T18:43:06.252Z",""
"SL-PET-11340","පී. බී. සුනිල් ධර්මප්‍රිය","90*****36V","0703785623","matara","2026-09-19T18:40:29.355Z",""
"SL-PET-13179","පී. බී. චතුරංග හේරත්","20*****356","0761129237","kalutara","2026-09-19T18:39:17.926Z",""
"SL-PET-11919","දර්ශන සුමනසේකර","73*****45V","0763285438","anuradhapura","2026-09-19T18:38:42.179Z","බුද්ධ ශාසනයේ ආරක්ෂාව උදෙසා උන්වහන්සේ මුදාහරින්න."
"SL-PET-13033","ඩබ්. එම්. අයේෂා මඩවලගේ","20*****437","0729055913","ratnapura","2026-09-19T18:36:36.206Z",""
"SL-PET-13791","ඩබ්. එම්. ශිරාන් කුමාරසිංහ","19*****250","0762831146","polonnaruwa","2026-09-19T18:35:37.085Z","සියලු සත්වයෝ සුවපත් වෙත්වා! ඉක්මන් නිදහස පතමු."
"SL-PET-13704","ලලිත් මද්දුමගේ (ලලිත්)","86*****76V","0702100314","kandy","2026-09-19T18:33:34.810Z",""
"SL-PET-11879","මහවිතාන නුවන්","19*****177","0755223694","kandy","2026-09-19T18:29:50.254Z","රට ජාතිය ආගම වෙනුවෙන් හඬක් නැගූ හිමියන්ට නිදහස ලැබේවා."
"SL-PET-10594","ඩබ්. එම්. කුමාර සුමනසේකර","92*****32V","0775889343","gampaha","2026-09-19T18:29:45.801Z",""
"SL-PET-13629","ආර්. එම්. මහින්ද කහඳගමගේ","19*****614","0705390472","hambantota","2026-09-19T18:29:29.066Z",""
"SL-PET-10654","කේ. ඒ. ජගත් සමරසේකර","94*****12V","0752667383","anuradhapura","2026-09-19T18:27:58.775Z",""
"SL-PET-13359","සචින් ගුණතිලක","19*****399","0779041483","kandy","2026-09-19T18:21:32.214Z",""
"SL-PET-13483","විජේමාන්න රුක්මන්","98*****58V","0718412919","kegalle","2026-09-19T18:11:31.809Z","ගරු ජනාධිපතිතුමනි, කරුණාවෙන් සලකා බලන්න."
"SL-PET-11061","රුක්මන් බණ්ඩාර (රුක්මන්)","20*****197","0708375696","matara","2026-09-19T18:08:46.679Z","නිරෝගී සුවය හා නිදහස ලැබේවා."
"SL-PET-12514","කේ. ඒ. තක්ෂිලා වික්‍රමසිංහ","19*****809","0754073326","kurunegala","2026-09-19T18:05:41.886Z","සාමකාමී ශ්‍රී ලංකාවක් උදෙසා උන්වහන්සේ නිදහස් කරන්න."
"SL-PET-12492","පී. බී. තිසර දසනායක","19*****249","0788566577","kurunegala","2026-09-19T17:55:22.633Z",""
"SL-PET-13351","එච්. එම්. බුද්ධික දිසානායක","83*****98V","0702159146","puttalam","2026-09-19T17:52:37.077Z","උතුම් දළදා සමිඳු පිහිටෙන් නිදහස ලැබේවා."
"SL-PET-11311","එච්. එම්. ගයාන් කුමාරසිංහ","19*****405","0781230381","kalutara","2026-09-19T17:44:01.503Z",""
"SL-PET-11364","හිරුණි මඩවලගේ","20*****452","0772132041","colombo","2026-09-19T17:43:16.475Z","ත්‍රිවිධ හමුදා හා පුරවැසි ප්‍රජාවේ පූර්ණ සුභපැතුම්."
"SL-PET-13353","ඩබ්. එම්. අනෝමා පෙරේරා","19*****335","0763239888","ratnapura","2026-09-19T17:42:58.736Z","උතුම් දළදා සමිඳු පිහිටෙන් නිදහස ලැබේවා."
"SL-PET-10856","ආර්. එම්. තරිඳු රණසිංහ","78*****40V","0762486461","colombo","2026-09-19T17:42:50.246Z","සියලු සත්වයෝ සුවපත් වෙත්වා! ඉක්මන් නිදහස පතමු."
"SL-PET-13113","මද්දුමගේ අයේෂා","19*****695","0724069326","puttalam","2026-09-19T17:39:59.302Z",""
"SL-PET-11822","ඩබ්. එම්. මහේෂ් කහඳගමගේ","65*****22V","0758920873","gampaha","2026-09-19T17:37:19.549Z",""
"SL-PET-12567","ආර්. එම්. දර්ශන ආටිගල","19*****986","0722345389","colombo","2026-09-19T17:36:50.829Z","සාධාරණත්වය ඉටු කරන්න."
"SL-PET-12537","රණවීර සුජාතා","19*****421","0777269551","kurunegala","2026-09-19T17:36:39.871Z","රට ජාතිය ආගම වෙනුවෙන් හඬක් නැගූ හිමියන්ට නිදහස ලැබේවා."
"SL-PET-13569","කේ. ඒ. තිළිණ දැදිගම","19*****158","0765112306","colombo","2026-09-19T17:35:18.734Z","සමාව ලබා දී උන්වහන්සේ මුදාහරින්න."
"SL-PET-13054","සරත් පෙරේරා (සරත්)","96*****65V","0709077588","kurunegala","2026-09-19T17:27:38.375Z","රට ජාතිය ආගම වෙනුවෙන් හඬක් නැගූ හිමියන්ට නිදහස ලැබේවා."
"SL-PET-12996","පූජ්‍ය මල්වත්තේ සුමංගල හිමි","94*****41V","0723257719","ampara","2026-09-19T17:26:22.232Z",""
"SL-PET-12521","පෙරේරා බුද්ධික","94*****40V","0784811294","polonnaruwa","2026-09-19T17:24:28.796Z",""
"SL-PET-10505","නිරෝෂා හපුආරච්චි (නිරෝෂා)","63*****26V","0783929175","kegalle","2026-09-19T17:23:50.838Z",""
"SL-PET-12456","එච්. එම්. සජිත් හපුආරච්චි","19*****746","0713169681","ratnapura","2026-09-19T17:19:08.052Z",""
"SL-PET-12504","එච්. එම්. සරත් රාජපක්ෂ","95*****98V","0715751366","monaragala","2026-09-19T17:17:50.893Z",""
"SL-PET-11759","ආර්. එම්. කසුන් මාරසිංහ","92*****76V","0715216177","puttalam","2026-09-19T17:17:17.222Z",""
"SL-PET-12100","ආර්. එම්. තරිඳු සෙනෙවිරත්න","69*****63V","0758823576","overseas","2026-09-19T17:17:10.332Z","පෙත්සම සාර්ථක වේවා!"
"SL-PET-13129","ඩබ්. එම්. ජගත් ලියනගේ","90*****24V","0708767256","gampaha","2026-09-19T17:10:54.733Z","අපගේ ආශිර්වාදය හා සහයෝගය උන්වහන්සේ සමගයි."
"SL-PET-11193","එච්. එම්. කසුන් ප්‍රනාන්දු","19*****483","0719685153","monaragala","2026-09-19T17:08:59.446Z","සියලු සත්වයෝ සුවපත් වෙත්වා! ඉක්මන් නිදහස පතමු."
"SL-PET-11302","කේ. ඒ. ශ්‍රියානි වික්‍රමරත්න","75*****17V","0727901550","badulla","2026-09-19T17:08:18.534Z","සියලු සත්වයෝ සුවපත් වෙත්වා! ඉක්මන් නිදහස පතමු."
"SL-PET-11595","කේ. ඒ. චතුර මදුශංක","68*****82V","0783669478","galle","2026-09-19T17:07:52.004Z","ත්‍රිවිධ හමුදා හා පුරවැසි ප්‍රජාවේ පූර්ණ සුභපැතුම්."
"SL-PET-11870","සෝමරත්න කසුන්","78*****97V","0726311436","gampaha","2026-09-19T17:07:17.126Z",""
"SL-PET-11739","විතානගේ තිසර","60*****16V","0759911226","polonnaruwa","2026-09-19T17:06:32.912Z",""
"SL-PET-11744","සේනාරත්න ජගත්","19*****823","0729927103","anuradhapura","2026-09-19T17:01:50.183Z",""
"SL-PET-11163","එච්. එම්. සංජීව දිසානායක","19*****451","0774892920","anuradhapura","2026-09-19T16:58:35.450Z",""
"SL-PET-12335","පී. බී. මධුෂිකා මද්දුමගේ","19*****423","0713730763","kandy","2026-09-19T16:58:30.548Z","ත්‍රිවිධ හමුදා හා පුරවැසි ප්‍රජාවේ පූර්ණ සුභපැතුම්."
"SL-PET-11044","ගයාන් පතිරණ (ගයාන්)","78*****45V","0768352430","monaragala","2026-09-19T16:55:21.600Z","ප්‍රජාතන්ත්‍රවාදී මහජන හඬට සවන් දෙන්න."
"SL-PET-13834","රාජපක්ෂ ජීවන්ත","63*****35V","0754774423","colombo","2026-09-19T16:51:55.705Z",""
"SL-PET-10588","රණසිංහ කුසුම්","73*****31V","0726775747","gampaha","2026-09-19T16:51:17.514Z","නිරෝගී සුවය හා නිදහස ලැබේවා."
"SL-PET-11133","නුවන් විජේමාන්න","90*****81V","0764892092","kurunegala","2026-09-19T16:44:47.487Z",""
"SL-PET-11916","එච්. එම්. චතුරිකා අබේසේකර","19*****671","0705899982","kurunegala","2026-09-19T16:42:16.302Z",""
"SL-PET-11695","ඉලංගකෝන් ඉසුරු","20*****998","0724917252","gampaha","2026-09-19T16:39:23.333Z",""
"SL-PET-10796","ඩබ්. එම්. අසංක සිරිවර්ධන","74*****68V","0719631524","ratnapura","2026-09-19T16:38:29.226Z",""
"SL-PET-13608","දැදිගම බුද්ධික","69*****93V","0753021164","colombo","2026-09-19T16:38:18.958Z",""
"SL-PET-13757","පී. බී. සචින් රණවීර","19*****858","0753512734","galle","2026-09-19T16:38:00.940Z",""
"SL-PET-11324","පූජ්‍ය කොටුගොඩ සුමන හිමි","95*****72V","0709918712","monaragala","2026-09-19T16:34:32.320Z","බුද්ධ ශාසනයේ ආරක්ෂාව උදෙසා උන්වහන්සේ මුදාහරින්න."
"SL-PET-11690","පූජ්‍ය කුරුණෑගල සෝභිත හිමි","19*****884","0785399303","puttalam","2026-09-19T16:27:38.675Z",""
"SL-PET-12419","ඩබ්. එම්. සිතුම් ගුණතිලක","19*****829","0753571526","matara","2026-09-19T16:23:26.838Z","නිරෝගී සුවය හා නිදහස ලැබේවා."
"SL-PET-12709","එච්. එම්. පියුමි ආටිගල","20*****951","0706297261","matara","2026-09-19T16:22:06.207Z",""
"SL-PET-11767","ඩබ්. එම්. දිනේෂ් ප්‍රේමචන්ද්‍ර","83*****97V","0715775323","galle","2026-09-19T16:21:52.636Z",""
"SL-PET-11429","කේ. ඒ. සමිත මහවිතාන","63*****63V","0706838476","polonnaruwa","2026-09-19T16:21:43.271Z",""
"SL-PET-11903","පී. බී. සුපුන් සුමනපාල","66*****23V","0756762200","puttalam","2026-09-19T16:17:15.505Z","සමාව ලබා දී උන්වහන්සේ මුදාහරින්න."
"SL-PET-11806","ඩබ්. එම්. කුසුම් දේවප්‍රිය","65*****55V","0704875215","anuradhapura","2026-09-19T16:13:55.537Z","පෙත්සම සාර්ථක වේවා!"
"SL-PET-10625","පී. බී. සුනිල් රණවීර","19*****822","0702756257","kandy","2026-09-19T16:08:25.827Z",""
"SL-PET-11984","කේ. ඒ. චම්පා අතුකෝරල","98*****77V","0702282597","kurunegala","2026-09-19T16:03:01.413Z",""
"SL-PET-13177","කේ. ඒ. සමිත බණ්ඩාර","20*****150","0779391171","anuradhapura","2026-09-19T16:02:46.664Z",""
"SL-PET-11223","පී. බී. දිනුෂිකා විජේමාන්න","98*****29V","0759881753","gampaha","2026-09-19T16:02:08.847Z",""
"SL-PET-11048","එච්. එම්. වසන්ත සුමනසේකර","61*****37V","0711964945","kalutara","2026-09-19T16:00:34.335Z",""
"SL-PET-11440","එච්. එම්. නලින් විතානගේ","72*****30V","0765644112","kegalle","2026-09-19T15:59:11.647Z",""
"SL-PET-11276","අතුල ජයසිංහ (අතුල)","19*****143","0713942459","gampaha","2026-09-19T15:57:45.358Z",""
"SL-PET-12362","කේ. ඒ. කෞශල්‍යා කුමාරසිංහ","98*****83V","0762912476","polonnaruwa","2026-09-19T15:57:21.696Z",""
"SL-PET-11807","ඩබ්. එම්. චතුර කරුණාරත්න","19*****284","0709709765","kandy","2026-09-19T15:53:07.007Z","සාමකාමී ශ්‍රී ලංකාවක් උදෙසා උන්වහන්සේ නිදහස් කරන්න."
"SL-PET-12961","කේ. ඒ. පියුමි විජේසිංහ","19*****686","0771257071","puttalam","2026-09-19T15:51:41.827Z","අපේ පූර්ණ සහයෝගය පෙත්සමට හිමිවේ."
"SL-PET-11666","සුපුන් කුලතුංග (සුපුන්)","19*****696","0715475037","ratnapura","2026-09-19T15:50:09.343Z",""
"SL-PET-13662","ඩබ්. එම්. අනුරාධා මදුශංක","19*****864","0717937781","kurunegala","2026-09-19T15:48:29.665Z","සමාව ලබා දී උන්වහන්සේ මුදාහරින්න."
"SL-PET-11496","ශිරාන් විජේසිංහ","20*****769","0759418934","puttalam","2026-09-19T15:40:51.474Z","ලක්ෂ 50 ක ජනතා හඬට ඇහුම්කන් දෙන්න."
"SL-PET-13563","පූජ්‍ය නාරද ධම්මජෝති හිමි","66*****16V","0773150336","ampara","2026-09-19T15:37:34.297Z","නිරෝගී සුවය හා නිදහස ලැබේවා."
"SL-PET-10651","මනෝජ් ධර්මප්‍රිය","99*****82V","0782992394","colombo","2026-09-19T15:31:34.407Z",""
"SL-PET-12127","කුමාරසිංහ ධම්මික","98*****37V","0782302179","matara","2026-09-19T15:30:35.035Z","සාමකාමී ශ්‍රී ලංකාවක් උදෙසා උන්වහන්සේ නිදහස් කරන්න."
"SL-PET-11596","ඩබ්. එම්. කෙවින් ප්‍රනාන්දු","61*****48V","0721576791","kegalle","2026-09-19T15:30:23.364Z",""
"SL-PET-10517","රණසිංහ දිනූෂ","19*****479","0773397310","kandy","2026-09-19T15:29:13.814Z",""
"SL-PET-13219","නලින් ධර්මප්‍රිය","19*****148","0716075682","nuwaraeliya","2026-09-19T15:28:36.330Z",""
"SL-PET-12850","උපුල් ලියනගේ","20*****670","0777775787","badulla","2026-09-19T15:23:43.378Z",""
"SL-PET-13805","පී. බී. ජීවන්ත ලියනගේ","20*****709","0773172688","kurunegala","2026-09-19T15:23:38.989Z",""
"SL-PET-13342","පූජ්‍ය පොළොන්නරුවේ සුමංගල හිමි","19*****139","0779914519","galle","2026-09-19T15:22:14.421Z",""
"SL-PET-11915","කේ. ඒ. රුවන් විජේතුංග","63*****19V","0788432589","kurunegala","2026-09-19T15:21:43.134Z","රට ජාතිය ආගම වෙනුවෙන් හඬක් නැගූ හිමියන්ට නිදහස ලැබේවා."
"SL-PET-11369","විජේතුංග දිල්හානි","19*****596","0704886595","kalutara","2026-09-19T15:16:31.964Z",""
"SL-PET-11007","කුසුම් වික්‍රමසිංහ (කුසුම්)","19*****791","0712570778","kalutara","2026-09-19T15:16:27.682Z",""
"SL-PET-13117","කේ. ඒ. දිනූෂ සුමනපාල","19*****119","0726836213","galle","2026-09-19T15:13:50.995Z",""
"SL-PET-11161","ආර්. එම්. ප්‍රදීප් අබේසේකර","89*****80V","0705772385","colombo","2026-09-19T15:10:30.128Z",""
"SL-PET-12193","කේ. ඒ. ජනක සේනාරත්න","19*****705","0717693565","galle","2026-09-19T15:10:16.471Z",""
"SL-PET-13628","ආර්. එම්. චතුරංග ප්‍රේමචන්ද්‍ර","75*****31V","0725464108","colombo","2026-09-19T15:09:56.274Z","අපේ පූර්ණ සහයෝගය පෙත්සමට හිමිවේ."
"SL-PET-11411","දිනූෂ ප්‍රනාන්දු (දිනූෂ)","19*****570","0728373624","ampara","2026-09-19T15:09:13.179Z",""
"SL-PET-10844","ආර්. එම්. ප්‍රමෝද් දැදිගම","19*****323","0776472940","gampaha","2026-09-19T15:06:57.606Z","අපගේ ආශිර්වාදය හා සහයෝගය උන්වහන්සේ සමගයි."
"SL-PET-10976","පූජ්‍ය ගංගොඩවිල පියරතන හිමි","20*****146","0716182514","galle","2026-09-19T15:06:26.377Z",""
"SL-PET-12543","ආර්. එම්. සම්පත් සුමනසේකර","90*****36V","0757777836","ratnapura","2026-09-19T15:06:25.681Z","ගරු ජනාධිපතිතුමනි, කරුණාවෙන් සලකා බලන්න."
"SL-PET-10820","විජේසූරිය මාලා","68*****97V","0758294969","anuradhapura","2026-09-19T15:06:13.466Z",""
"SL-PET-13154","එච්. එම්. සුනිල් ගුණතිලක","60*****60V","0712241998","hambantota","2026-09-19T15:02:39.062Z",""
"SL-PET-11283","චමින්ද විජේසූරිය","19*****572","0769781089","ratnapura","2026-09-19T15:01:27.380Z",""
"SL-PET-10639","කේ. ඒ. චතුරංග කළුවිතාරණ","20*****717","0786564540","kurunegala","2026-09-19T14:58:52.390Z","නිරෝගී සුවය හා නිදහස ලැබේවා."
"SL-PET-11839","ඩබ්. එම්. අතුල සිරිවර්ධන","19*****231","0771910823","matale","2026-09-19T14:54:41.162Z","අධිකරණ තීන්දුවලට ගරු කරමින්ම ජනාධිපති සමාව අයදිමු."
"SL-PET-11041","සුනිල් සිල්වා","19*****704","0729657797","kalutara","2026-09-19T14:50:18.353Z",""
"SL-PET-12407","ජනක මද්දුමගේ (ජනක)","98*****54V","0785079916","galle","2026-09-19T14:45:52.103Z","සාධාරණත්වය ඉටු කරන්න."
"SL-PET-12784","මහින්ද ජයසිංහ","19*****598","0711971311","polonnaruwa","2026-09-19T14:40:55.859Z","ත්‍රිවිධ හමුදා හා පුරවැසි ප්‍රජාවේ පූර්ණ සුභපැතුම්."
"SL-PET-12189","නයනා විජේතුංග","20*****697","0707922052","badulla","2026-09-19T14:40:26.233Z",""
"SL-PET-13049","එච්. එම්. නිරෝෂා කළුවිතාරණ","71*****23V","0776829404","ratnapura","2026-09-19T14:38:57.539Z","ගරු ජනාධිපතිතුමනි, කරුණාවෙන් සලකා බලන්න."
"SL-PET-13611","පී. බී. චතුරංග වික්‍රමරත්න","19*****401","0776037638","trincomalee","2026-09-19T14:30:49.436Z",""
"SL-PET-12672","සමරසේකර ප්‍රේමරත්න","19*****919","0776377755","gampaha","2026-09-19T14:29:55.061Z",""
"SL-PET-12110","පතිරණ චතුර","20*****473","0717886077","matara","2026-09-19T14:22:49.334Z",""
"SL-PET-13199","සචින් මදුශංක","19*****946","0705712967","polonnaruwa","2026-09-19T14:21:23.229Z","සමාව ලබා දී උන්වහන්සේ මුදාහරින්න."
"SL-PET-13404","දර්ශන විතානගේ","86*****74V","0763052185","kandy","2026-09-19T14:16:42.264Z",""
"SL-PET-11506","කේ. ඒ. ප්‍රමෝද් රණවීර","19*****671","0771273847","kandy","2026-09-19T14:13:42.240Z",""
"SL-PET-11301","මාරසිංහ සමිත","20*****581","0758512625","kurunegala","2026-09-19T14:10:33.479Z",""
"SL-PET-11426","ජයවර්ධන චතුරිකා","20*****699","0729058060","kurunegala","2026-09-19T14:10:10.593Z","සියලු සත්වයෝ සුවපත් වෙත්වා! ඉක්මන් නිදහස පතමු."
"SL-PET-10744","පූජ්‍ය බදුල්ලේ ඥානාලෝක හිමි","90*****28V","0771284172","matara","2026-09-19T14:09:49.929Z",""
"SL-PET-13700","කේ. ඒ. සනත් ජයවර්ධන","86*****86V","0768924814","anuradhapura","2026-09-19T14:08:52.658Z","පෙත්සම සාර්ථක වේවා!"
"SL-PET-13616","සුජාතා අතුකෝරල","71*****52V","0704198422","nuwaraeliya","2026-09-19T14:05:55.696Z",""
"SL-PET-11187","එච්. එම්. ජීවන්ත ප්‍රනාන්දු","19*****646","0704801724","matara","2026-09-19T13:56:44.563Z",""
"SL-PET-13491","ප්‍රදීප් රණවීර","19*****134","0722152960","nuwaraeliya","2026-09-19T13:56:25.350Z",""
"SL-PET-11709","දිනුෂිකා ධර්මප්‍රිය","97*****22V","0773351401","galle","2026-09-19T13:46:00.356Z",""
"SL-PET-11911","ජයවර්ධන දිනේෂ්","19*****578","0767819794","kurunegala","2026-09-19T13:45:14.521Z","සියලු සත්වයෝ සුවපත් වෙත්වා! ඉක්මන් නිදහස පතමු."
"SL-PET-12427","කේ. ඒ. සම්පත් පතිරණ","91*****51V","0776386314","matara","2026-09-19T13:44:29.832Z","අපේ ප්‍රාර්ථනාව කඩිනමින් ඉටුවේවා!"
"SL-PET-12017","එච්. එම්. කුමුදු දිසානායක","69*****46V","0778089256","trincomalee","2026-09-19T13:43:45.668Z","පෙත්සම සාර්ථක වේවා!"
"SL-PET-11451","පී. බී. කුසුම් මෙන්ඩිස්","82*****70V","0716134042","kandy","2026-09-19T13:43:18.819Z","අධිකරණ තීන්දුවලට ගරු කරමින්ම ජනාධිපති සමාව අයදිමු."
"SL-PET-13684","එච්. එම්. දිනූෂ මදුශංක","70*****59V","0759798584","kegalle","2026-09-19T13:42:05.764Z",""
"SL-PET-11475","පූජ්‍ය පොළොන්නරුවේ ධම්මජෝති හිමි","19*****398","0718219752","ampara","2026-09-19T13:34:30.731Z","ගරු ජනාධිපතිතුමනි, කරුණාවෙන් සලකා බලන්න."
"SL-PET-12947","කේ. ඒ. ධම්මික විජේසූරිය","20*****922","0752402177","galle","2026-09-19T13:33:16.654Z","ත්‍රිවිධ හමුදා හා පුරවැසි ප්‍රජාවේ පූර්ණ සුභපැතුම්."
"SL-PET-13578","පී. බී. සිතුම් සුමනසේකර","81*****70V","0725901821","nuwaraeliya","2026-09-19T13:32:18.801Z",""
"SL-PET-11689","ඩබ්. එම්. මනෝජා කුමාරසිංහ","62*****66V","0781282218","kandy","2026-09-19T13:32:16.697Z","ත්‍රිවිධ හමුදා හා පුරවැසි ප්‍රජාවේ පූර්ණ සුභපැතුම්."
"SL-PET-10555","කරුණාරත්න සුදර්ශනී","19*****161","0703934422","kalutara","2026-09-19T13:31:47.839Z","සාමකාමී ශ්‍රී ලංකාවක් උදෙසා උන්වහන්සේ නිදහස් කරන්න."
"SL-PET-11975","කේ. ඒ. ජීවන්ත විජේතුංග","90*****94V","0789831110","ratnapura","2026-09-19T13:31:06.002Z",""
"SL-PET-12074","ආර්. එම්. තිස්ස අබේසේකර","19*****270","0711434499","kurunegala","2026-09-19T13:31:03.119Z","සාමකාමී ශ්‍රී ලංකාවක් උදෙසා උන්වහන්සේ නිදහස් කරන්න."
"SL-PET-11384","ආර්. එම්. දිල්හානි අතුකෝරල","98*****98V","0718422492","kurunegala","2026-09-19T13:29:31.404Z",""
"SL-PET-12764","දිනූෂ කහඳගමගේ (දිනූෂ)","19*****772","0709777480","polonnaruwa","2026-09-19T13:26:51.656Z","ප්‍රජාතන්ත්‍රවාදී මහජන හඬට සවන් දෙන්න."
"SL-PET-11570","එච්. එම්. රුවන් රණවීර","19*****956","0754270659","kandy","2026-09-19T13:26:05.480Z",""
"SL-PET-10631","එච්. එම්. ගයාන් නවරත්න","19*****259","0789920551","kegalle","2026-09-19T13:22:12.486Z",""
"SL-PET-10676","එච්. එම්. සජිත් මාරසිංහ","19*****327","0722086248","trincomalee","2026-09-19T13:14:58.419Z","සියලු සත්වයෝ සුවපත් වෙත්වා! ඉක්මන් නිදහස පතමු."
"SL-PET-13921","එච්. එම්. ධම්මික වික්‍රමරත්න","19*****214","0763865391","matale","2026-09-19T13:14:51.360Z",""
"SL-PET-10952","පී. බී. කුමුදු රණසිංහ","75*****27V","0777198805","kegalle","2026-09-19T13:13:55.505Z","සාමකාමී ශ්‍රී ලංකාවක් උදෙසා උන්වහන්සේ නිදහස් කරන්න."
"SL-PET-12738","ඩබ්. එම්. මාලා සෙනෙවිරත්න","20*****119","0767576207","gampaha","2026-09-19T13:12:47.068Z",""
"SL-PET-10599","දිල්හානි මහවිතාන (දිල්හානි)","62*****84V","0751148860","anuradhapura","2026-09-19T13:12:01.797Z",""
"SL-PET-11615","කෞශල්‍යා රණසිංහ (කෞශල්‍යා)","79*****40V","0708671951","matara","2026-09-19T13:05:16.503Z",""
"SL-PET-10679","ආර්. එම්. ලක්ෂිකා ජයසිංහ","67*****17V","0707088485","nuwaraeliya","2026-09-19T13:00:31.795Z",""
"SL-PET-10955","තක්ෂිලා ගුණසේකර","88*****88V","0708064040","puttalam","2026-09-19T13:00:09.160Z",""
"SL-PET-11845","ඩබ්. එම්. නලින් මඩවලගේ","19*****808","0719171430","hambantota","2026-09-19T12:59:49.871Z","ප්‍රජාතන්ත්‍රවාදී මහජන හඬට සවන් දෙන්න."
"SL-PET-13314","පූජ්‍ය වටපොත විපස්සී හිමි","70*****95V","0707694935","kurunegala","2026-09-19T12:59:32.539Z","ප්‍රජාතන්ත්‍රවාදී මහජන හඬට සවන් දෙන්න."
"SL-PET-13182","ආර්. එම්. අමිල තිලකරත්න","61*****50V","0788622579","gampaha","2026-09-19T12:59:25.270Z","සියලු සත්වයෝ සුවපත් වෙත්වා! ඉක්මන් නිදහස පතමු."
"SL-PET-12241","ශ්‍රියානි වික්‍රමසිංහ","97*****39V","0754418311","trincomalee","2026-09-19T12:57:29.494Z",""
"SL-PET-13032","වික්‍රමරත්න ශිරාන්","19*****901","0708524067","kalutara","2026-09-19T12:55:25.971Z","ත්‍රිවිධ හමුදා හා පුරවැසි ප්‍රජාවේ පූර්ණ සුභපැතුම්."
"SL-PET-12647","පී. බී. ප්‍රේමරත්න විජේසිංහ","75*****44V","0727213417","kurunegala","2026-09-19T12:53:32.068Z","බුද්ධ ශාසනයේ ආරක්ෂාව උදෙසා උන්වහන්සේ මුදාහරින්න."
"SL-PET-12631","කුෂාන් ජයවර්ධන","69*****48V","0718800508","polonnaruwa","2026-09-19T12:51:23.820Z",""
"SL-PET-12361","පූජ්‍ය තිස්සමහාරාමයේ සුමන හිමි","19*****462","0757703893","ratnapura","2026-09-19T12:41:00.132Z",""
"SL-PET-12977","තිලක් අබේසේකර","85*****23V","0786897695","badulla","2026-09-19T12:38:29.644Z",""
"SL-PET-13029","රුක්මන් තිලකරත්න","19*****398","0786613697","kandy","2026-09-19T12:35:33.479Z","රට ජාතිය ආගම වෙනුවෙන් හඬක් නැගූ හිමියන්ට නිදහස ලැබේවා."
"SL-PET-10980","එච්. එම්. හිරුණි ගුණතිලක","76*****36V","0717613502","gampaha","2026-09-19T12:34:40.505Z","සමාව ලබා දී උන්වහන්සේ මුදාහරින්න."
"SL-PET-13347","පියුමි මෙන්ඩිස් (පියුමි)","19*****564","0707194340","colombo","2026-09-19T12:34:23.841Z","ගරු ජනාධිපතිතුමනි, කරුණාවෙන් සලකා බලන්න."
"SL-PET-11565","සමිත වික්‍රමරත්න","99*****46V","0708815583","kandy","2026-09-19T12:34:13.298Z",""
"SL-PET-11054","එච්. එම්. සුදර්ශනී සෝමරත්න","73*****63V","0772166387","galle","2026-09-19T12:31:49.013Z",""
"SL-PET-13307","සෙනෙවිරත්න හේමන්ත","83*****80V","0775297558","colombo","2026-09-19T12:30:35.991Z","නිරෝගී සුවය හා නිදහස ලැබේවා."
"SL-PET-11947","පී. බී. දීපිකා විජේසිංහ","19*****168","0714104859","trincomalee","2026-09-19T12:27:15.348Z",""
"SL-PET-11721","කේ. ඒ. සදුනි පතිරණ","20*****273","0715574043","overseas","2026-09-19T12:23:43.736Z",""
"SL-PET-12795","කේ. ඒ. ජනක විජේරත්න","19*****378","0774556726","puttalam","2026-09-19T12:23:35.388Z","බුද්ධ ශාසනයේ ආරක්ෂාව උදෙසා උන්වහන්සේ මුදාහරින්න."
"SL-PET-13291","ජගත් කහඳගමගේ (ජගත්)","75*****30V","0756094073","ratnapura","2026-09-19T12:22:40.391Z",""
"SL-PET-11869","පී. බී. සදුනි රණවීර","91*****88V","0788469157","kurunegala","2026-09-19T12:22:29.913Z",""
"SL-PET-12692","එච්. එම්. චම්පා රාජපක්ෂ","94*****91V","0759839385","kalutara","2026-09-19T12:11:40.735Z",""
"SL-PET-10549","කේ. ඒ. සුනේත්‍රා මදුශංක","96*****95V","0769734331","colombo","2026-09-19T12:11:34.082Z",""
"SL-PET-13878","පූජ්‍ය බදුල්ලේ ධම්මදින්න හිමි","20*****736","0776973819","kalutara","2026-09-19T12:11:13.934Z",""
"SL-PET-13218","ඩබ්. එම්. නුවන් මාරසිංහ","61*****83V","0709399355","gampaha","2026-09-19T12:07:58.939Z",""
"SL-PET-12718","කේ. ඒ. ප්‍රමෝද් නවරත්න","95*****35V","0765830850","colombo","2026-09-19T12:06:45.120Z",""
"SL-PET-10953","එච්. එම්. ධම්මික දිසානායක","67*****80V","0758555173","gampaha","2026-09-19T12:05:37.782Z",""
"SL-PET-13375","අනෝමා ජයසිංහ (අනෝමා)","97*****80V","0762183453","trincomalee","2026-09-19T12:04:11.385Z",""
"SL-PET-10531","ඩබ්. එම්. සුනේත්‍රා වික්‍රමරත්න","20*****575","0775118340","gampaha","2026-09-19T12:03:09.042Z",""
"SL-PET-11298","ඩබ්. එම්. ජනක ගුණතිලක","19*****285","0752534413","kurunegala","2026-09-19T12:02:52.512Z",""
"SL-PET-13913","ආර්. එම්. දීපිකා රත්නායක","99*****72V","0726122598","ampara","2026-09-19T12:02:37.514Z","ගරු ජනාධිපතිතුමනි, කරුණාවෙන් සලකා බලන්න."
"SL-PET-10918","කේ. ඒ. සම්පත් විතානගේ","89*****79V","0712480855","monaragala","2026-09-19T12:02:16.079Z","බුද්ධ ශාසනයේ ආරක්ෂාව උදෙසා උන්වහන්සේ මුදාහරින්න."
"SL-PET-13173","ඩබ්. එම්. තරිඳු හේරත්","62*****95V","0713374284","polonnaruwa","2026-09-19T12:00:13.601Z","අපේ පූර්ණ සහයෝගය පෙත්සමට හිමිවේ."
"SL-PET-11093","එච්. එම්. ගයාන් රාජපක්ෂ","19*****235","0723697522","kurunegala","2026-09-19T12:00:02.442Z",""
"SL-PET-11643","එච්. එම්. සුපුන් විජේරත්න","70*****95V","0756237558","kurunegala","2026-09-19T11:59:26.291Z",""
"SL-PET-11618","චතුරංග තිලකරත්න","61*****99V","0785016540","kalutara","2026-09-19T11:52:12.965Z",""
"SL-PET-12646","මාලා සුමනපාල (මාලා)","65*****26V","0766980055","kurunegala","2026-09-19T11:45:33.942Z",""
"SL-PET-11771","කේ. ඒ. සචින් රත්නායක","96*****82V","0756154336","kalutara","2026-09-19T11:44:21.312Z",""
"SL-PET-11366","එච්. එම්. චාන්දනී සිල්වා","62*****94V","0784289003","ratnapura","2026-09-19T11:42:56.476Z","ත්‍රිවිධ හමුදා හා පුරවැසි ප්‍රජාවේ පූර්ණ සුභපැතුම්."
"SL-PET-13604","කේ. ඒ. තිස්ස විජේමාන්න","19*****750","0763513110","trincomalee","2026-09-19T11:42:08.383Z",""
"SL-PET-12048","සංජීව රණසිංහ","19*****117","0787376725","gampaha","2026-09-19T11:41:40.225Z","උතුම් දළදා සමිඳු පිහිටෙන් නිදහස ලැබේවා."
"SL-PET-12771","වික්‍රමසිංහ දිල්හානි","19*****619","0783874328","puttalam","2026-09-19T11:41:34.328Z",""
"SL-PET-10626","පී. බී. චතුර ප්‍රනාන්දු","19*****486","0762061368","monaragala","2026-09-19T11:40:03.152Z",""
"SL-PET-11888","පී. බී. කුසුම් හපුආරච්චි","98*****71V","0766024997","kurunegala","2026-09-19T11:39:17.525Z",""
"SL-PET-12170","ආර්. එම්. රේණුකා ආටිගල","61*****68V","0764551451","ratnapura","2026-09-19T11:39:06.706Z",""
"SL-PET-10784","එච්. එම්. දීපිකා අතුකෝරල","85*****63V","0713212967","nuwaraeliya","2026-09-19T11:37:02.753Z",""
"SL-PET-12620","තිලකරත්න නලින්","96*****10V","0715130757","gampaha","2026-09-19T11:32:10.365Z",""
"SL-PET-12837","ආර්. එම්. රුචිරා අතුකෝරල","19*****421","0701597308","colombo","2026-09-19T11:30:08.566Z","අපේ ප්‍රාර්ථනාව කඩිනමින් ඉටුවේවා!"
"SL-PET-13283","ආර්. එම්. ප්‍රදීප් සුමනපාල","19*****203","0729395730","hambantota","2026-09-19T11:28:30.216Z",""
"SL-PET-13433","එච්. එම්. තිළිණ කරුණාරත්න","84*****12V","0724722725","puttalam","2026-09-19T11:27:49.857Z",""
"SL-PET-12424","කේ. ඒ. නිහාල් කුමාරසිංහ","84*****68V","0773690255","polonnaruwa","2026-09-19T11:25:47.342Z",""
"SL-PET-10780","පී. බී. නයනා ප්‍රේමචන්ද්‍ර","19*****130","0728875781","nuwaraeliya","2026-09-19T11:25:34.584Z","ලක්ෂ 50 ක ජනතා හඬට ඇහුම්කන් දෙන්න."
"SL-PET-12979","එච්. එම්. චතුරංග හේරත්","77*****59V","0752302111","ratnapura","2026-09-19T11:24:47.515Z","බුද්ධ ශාසනයේ ආරක්ෂාව උදෙසා උන්වහන්සේ මුදාහරින්න."
"SL-PET-12734","මහවිතාන මාලක","92*****85V","0759338462","matale","2026-09-19T11:21:37.444Z",""
"SL-PET-12815","ආර්. එම්. දිනූෂ රත්නායක","20*****432","0784376693","matale","2026-09-19T11:19:52.958Z",""
"SL-PET-10865","පූජ්‍ය තිස්සමහාරාමයේ පියරතන හිමි","19*****343","0766175818","galle","2026-09-19T11:17:47.972Z",""
"SL-PET-12862","සමිත රණවීර","76*****75V","0755451870","ratnapura","2026-09-19T11:17:44.199Z",""
"SL-PET-11226","කේ. ඒ. හේමන්ත මදුශංක","20*****880","0713547348","gampaha","2026-09-19T11:17:29.693Z","ගරු ජනාධිපතිතුමනි, කරුණාවෙන් සලකා බලන්න."
"SL-PET-13430","නයනා ඉලංගකෝන් (නයනා)","19*****243","0725415407","hambantota","2026-09-19T11:12:45.768Z",""
"SL-PET-11016","ආර්. එම්. රුක්මන් කළුවිතාරණ","88*****66V","0704265217","gampaha","2026-09-19T11:11:22.091Z",""
"SL-PET-13015","කසුන් මදුශංක","19*****573","0707827226","colombo","2026-09-19T11:10:13.443Z",""
"SL-PET-12300","ඩබ්. එම්. වසන්ත හපුආරච්චි","70*****10V","0771530033","nuwaraeliya","2026-09-19T11:08:57.581Z",""
"SL-PET-11409","අසංක සුමනසේකර","19*****159","0711461082","galle","2026-09-19T11:07:07.944Z","ඥානසාර හිමියන්ට කඩිනම් ජනාධිපති සමාව ලබා දෙන්න."
"SL-PET-10991","එච්. එම්. ඉන්දිරා සිල්වා","61*****40V","0782610872","colombo","2026-09-19T11:04:05.752Z",""
"SL-PET-13150","එච්. එම්. මහින්ද ධර්මප්‍රිය","84*****74V","0758542986","ampara","2026-09-19T11:02:38.336Z","ත්‍රිවිධ හමුදා හා පුරවැසි ප්‍රජාවේ පූර්ණ සුභපැතුම්."
"SL-PET-13355","පී. බී. සංජීව සේනාරත්න","79*****11V","0772277488","kurunegala","2026-09-19T11:01:44.212Z","අධිකරණ තීන්දුවලට ගරු කරමින්ම ජනාධිපති සමාව අයදිමු."
"SL-PET-11702","ආර්. එම්. සුනෙත්‍රා වික්‍රමරත්න","79*****86V","0787982126","kurunegala","2026-09-19T10:58:28.395Z",""
"SL-PET-13362","සෝමරත්න සුනේත්‍රා","96*****13V","0715699003","kandy","2026-09-19T10:57:15.766Z",""
"SL-PET-11581","පී. බී. රුචිරා දේවප්‍රිය","19*****999","0728251329","badulla","2026-09-19T10:56:37.741Z","රට ජාතිය ආගම වෙනුවෙන් හඬක් නැගූ හිමියන්ට නිදහස ලැබේවා."
"SL-PET-12608","රවින්ද්‍ර දිසානායක (රවින්ද්‍ර)","98*****58V","0757085508","anuradhapura","2026-09-19T10:56:16.582Z","උතුම් දළදා සමිඳු පිහිටෙන් නිදහස ලැබේවා."
"SL-PET-13479","ආර්. එම්. ජගත් රත්නායක","63*****64V","0758952165","kandy","2026-09-19T10:55:42.280Z",""
"SL-PET-13082","සනත් ප්‍රේමචන්ද්‍ර","19*****958","0762332532","colombo","2026-09-19T10:54:36.679Z",""
"SL-PET-12745","පී. බී. සමිත සේනාරත්න","71*****69V","0715321327","kurunegala","2026-09-19T10:42:28.881Z",""
"SL-PET-11658","ආර්. එම්. දිනුෂිකා විජේමාන්න","98*****44V","0754058676","nuwaraeliya","2026-09-19T10:41:48.613Z","අධිකරණ තීන්දුවලට ගරු කරමින්ම ජනාධිපති සමාව අයදිමු."
"SL-PET-13896","නලින් රණවීර (නලින්)","89*****51V","0762743017","puttalam","2026-09-19T10:39:21.287Z",""
"SL-PET-12908","පී. බී. චම්පා සිරිවර්ධන","85*****18V","0711086721","kegalle","2026-09-19T10:36:14.506Z",""
"SL-PET-13492","රවින්ද්‍ර ඉලංගකෝන්","62*****76V","0765078423","kurunegala","2026-09-19T10:36:13.696Z",""
"SL-PET-11713","කේ. ඒ. සංජීව මඩවලගේ","94*****23V","0755188680","gampaha","2026-09-19T10:29:56.831Z","අපේ පූර්ණ සහයෝගය පෙත්සමට හිමිවේ."
"SL-PET-12128","රවින්ද්‍ර සේනාරත්න (රවින්ද්‍ර)","19*****151","0727921626","matale","2026-09-19T10:27:08.121Z",""
"SL-PET-10873","අසංක සුමනසේකර (අසංක)","90*****70V","0786194669","matara","2026-09-19T10:22:03.010Z",""
"SL-PET-10993","කේ. ඒ. නුවන් අබේසේකර","86*****12V","0714582027","kandy","2026-09-19T10:21:49.889Z",""
"SL-PET-11170","ධර්මප්‍රිය තිළිණ","72*****68V","0729192016","nuwaraeliya","2026-09-19T10:17:56.925Z",""
"SL-PET-12346","ආර්. එම්. රොෂාන් ගුණසේකර","19*****130","0707769227","colombo","2026-09-19T10:16:47.454Z",""
"SL-PET-11256","ඩබ්. එම්. ප්‍රේමරත්න සමරසේකර","96*****86V","0764697133","colombo","2026-09-19T10:14:24.314Z",""
"SL-PET-11797","සුනේත්‍රා දැදිගම","77*****63V","0705043126","trincomalee","2026-09-19T10:12:48.095Z",""
"SL-PET-13477","ඩබ්. එම්. නලින් විතානගේ","97*****19V","0724838606","kalutara","2026-09-19T10:11:40.341Z","උතුම් දළදා සමිඳු පිහිටෙන් නිදහස ලැබේවා."
"SL-PET-11598","මනෝජ් සුමනපාල","19*****198","0721426179","kandy","2026-09-19T09:58:20.073Z","ත්‍රිවිධ හමුදා හා පුරවැසි ප්‍රජාවේ පූර්ණ සුභපැතුම්."
"SL-PET-13222","රණවීර උපුල්","19*****104","0705786733","matara","2026-09-19T09:57:01.100Z",""
"SL-PET-13786","ආර්. එම්. සජිත් කළුවිතාරණ","61*****95V","0768357019","matara","2026-09-19T09:55:20.556Z",""
"SL-PET-11275","පී. බී. පියුමි සිරිවර්ධන","20*****593","0719513755","kalutara","2026-09-19T09:52:18.574Z",""
"SL-PET-13676","ආර්. එම්. අතුල දේවප්‍රිය","85*****85V","0704341686","nuwaraeliya","2026-09-19T09:43:18.265Z","අපේ පූර්ණ සහයෝගය පෙත්සමට හිමිවේ."
"SL-PET-11250","ආර්. එම්. මනෝජ් මාරසිංහ","20*****643","0702527177","trincomalee","2026-09-19T09:41:50.426Z","ලක්ෂ 50 ක ජනතා හඬට ඇහුම්කන් දෙන්න."
"SL-PET-11155","පූජ්‍ය වටපොත රේවත හිමි","19*****390","0724244529","ratnapura","2026-09-19T09:41:15.577Z","සමාව ලබා දී උන්වහන්සේ මුදාහරින්න."
"SL-PET-11612","එච්. එම්. චාන්දනී විජේමාන්න","19*****676","0712369768","kandy","2026-09-19T09:40:44.254Z",""
"SL-PET-12191","ඩබ්. එම්. අනෝජ් පතිරණ","20*****702","0705925229","colombo","2026-09-19T09:39:59.411Z",""
"SL-PET-11208","එච්. එම්. රොමේෂ් දසනායක","19*****792","0712510219","ampara","2026-09-19T09:32:44.600Z","ලක්ෂ 50 ක ජනතා හඬට ඇහුම්කන් දෙන්න."
"SL-PET-13788","පී. බී. ජනක ජයසිංහ","19*****835","0723443327","ampara","2026-09-19T09:30:09.120Z","ඥානසාර හිමියන්ට කඩිනම් ජනාධිපති සමාව ලබා දෙන්න."
"SL-PET-11543","කේ. ඒ. සරත් පෙරේරා","19*****902","0726218061","anuradhapura","2026-09-19T09:29:21.503Z",""
"SL-PET-13290","පතිරණ රොෂාන්","67*****93V","0718664644","hambantota","2026-09-19T09:26:55.339Z",""
"SL-PET-13714","පූජ්‍ය මල්වත්තේ පියරතන හිමි","91*****86V","0759224422","gampaha","2026-09-19T09:22:53.950Z",""
"SL-PET-13612","හපුආරච්චි කුමුදුනී","95*****61V","0767806277","anuradhapura","2026-09-19T09:16:01.732Z","ගරු ජනාධිපතිතුමනි, කරුණාවෙන් සලකා බලන්න."
"SL-PET-10738","අතුල පතිරණ (අතුල)","66*****17V","0723714867","galle","2026-09-19T09:15:39.921Z","පෙත්සම සාර්ථක වේවා!"
"SL-PET-13668","ආර්. එම්. දර්ශන විජේතුංග","19*****100","0716260492","trincomalee","2026-09-19T09:04:36.149Z",""
"SL-PET-11430","ඩබ්. එම්. සුදර්ශනී කහඳගමගේ","19*****392","0713837905","colombo","2026-09-19T08:59:23.027Z",""
"SL-PET-12449","පී. බී. රොමේෂ් අබේසේකර","19*****420","0726516144","matara","2026-09-19T08:57:25.348Z","ගරු ජනාධිපතිතුමනි, කරුණාවෙන් සලකා බලන්න."
"SL-PET-13565","පූජ්‍ය මල්වත්තේ සුමනසාර හිමි","76*****95V","0719753403","kalutara","2026-09-19T08:57:19.025Z",""
"SL-PET-13893","කේ. ඒ. තක්ෂිලා රාජපක්ෂ","90*****67V","0767551622","kegalle","2026-09-19T08:56:46.874Z","අධිකරණ තීන්දුවලට ගරු කරමින්ම ජනාධිපති සමාව අයදිමු."
"SL-PET-11532","චතුරංග විතානගේ (චතුරංග)","19*****417","0728934288","gampaha","2026-09-19T08:55:22.688Z",""
"SL-PET-11260","තිලකරත්න නිරංජලා","20*****146","0775292015","trincomalee","2026-09-19T08:44:32.801Z",""
"SL-PET-12162","එච්. එම්. සුනෙත්‍රා වික්‍රමරත්න","79*****38V","0759643915","hambantota","2026-09-19T08:39:41.081Z",""
"SL-PET-12707","ප්‍රනාන්දු රේණුකා","19*****623","0751010260","matara","2026-09-19T08:36:28.310Z",""
"SL-PET-13278","මද්දුමගේ මධුෂිකා","83*****92V","0753086868","kandy","2026-09-19T08:34:24.281Z","සමාව ලබා දී උන්වහන්සේ මුදාහරින්න."
"SL-PET-10572","මඩවලගේ සමිත","20*****828","0767115896","kandy","2026-09-19T08:32:53.467Z",""
"SL-PET-13442","එච්. එම්. රේණුකා දැදිගම","74*****54V","0719006534","polonnaruwa","2026-09-19T08:32:38.783Z","ඥානසාර හිමියන්ට කඩිනම් ජනාධිපති සමාව ලබා දෙන්න."
"SL-PET-13908","ආර්. එම්. තිලක් කළුවිතාරණ","82*****11V","0725086378","ratnapura","2026-09-19T08:30:25.923Z",""
"SL-PET-12840","ඩබ්. එම්. තිලක් දිසානායක","19*****144","0715021872","gampaha","2026-09-19T08:28:59.286Z",""
"SL-PET-12496","පී. බී. රුචිරා තිලකරත්න","89*****21V","0768004601","gampaha","2026-09-19T08:25:55.130Z",""
"SL-PET-11859","පී. බී. දර්ශන සෙනෙවිරත්න","75*****48V","0772865291","badulla","2026-09-19T08:22:08.415Z",""
"SL-PET-11005","ඩබ්. එම්. ගයාන් විජේතුංග","66*****85V","0772743610","kurunegala","2026-09-19T08:21:16.145Z","නිරෝගී සුවය හා නිදහස ලැබේවා."
"SL-PET-11115","එච්. එම්. රංජිත් මාරසිංහ","20*****307","0718566248","polonnaruwa","2026-09-19T08:20:52.894Z",""
"SL-PET-13456","කේ. ඒ. කුමාර ඉලංගකෝන්","20*****285","0759208071","matale","2026-09-19T08:16:34.600Z","බුද්ධ ශාසනයේ ආරක්ෂාව උදෙසා උන්වහන්සේ මුදාහරින්න."
"SL-PET-13766","එච්. එම්. මාලක කුලතුංග","69*****32V","0756373961","colombo","2026-09-19T08:16:31.678Z",""
"SL-PET-10712","සෙනෙවිරත්න කුමාර","99*****32V","0783996169","colombo","2026-09-19T08:10:25.873Z",""
"SL-PET-11906","ඩබ්. එම්. කුසුම් දේවප්‍රිය","71*****94V","0725121918","badulla","2026-09-19T08:09:59.330Z",""
"SL-PET-13087","ඩබ්. එම්. පියුමි තිලකරත්න","76*****60V","0775710316","badulla","2026-09-19T08:04:26.326Z","සමාව ලබා දී උන්වහන්සේ මුදාහරින්න."
"SL-PET-13106","එච්. එම්. තිලක් රාජපක්ෂ","19*****757","0785115979","polonnaruwa","2026-09-19T08:01:14.058Z","ලක්ෂ 50 ක ජනතා හඬට ඇහුම්කන් දෙන්න."
"SL-PET-11240","පී. බී. ජගත් කරුණාරත්න","96*****78V","0789348757","colombo","2026-09-19T08:00:07.895Z",""
"SL-PET-12872","මහවිතාන හිරුණි","19*****343","0753806462","polonnaruwa","2026-09-19T07:58:53.736Z",""
"SL-PET-13468","ගයාන් ලියනගේ (ගයාන්)","75*****91V","0705345078","ratnapura","2026-09-19T07:55:05.293Z","බුද්ධ ශාසනයේ ආරක්ෂාව උදෙසා උන්වහන්සේ මුදාහරින්න."
"SL-PET-10516","සිල්වා කුසුම්","61*****23V","0771324490","kandy","2026-09-19T07:54:54.688Z","ගරු ජනාධිපතිතුමනි, කරුණාවෙන් සලකා බලන්න."
"SL-PET-11215","පී. බී. සදුනි ආටිගල","94*****30V","0702070560","kalutara","2026-09-19T07:53:48.152Z",""
"SL-PET-13075","රණසිංහ චන්දන","19*****479","0764081369","gampaha","2026-09-19T07:51:49.913Z",""
"SL-PET-12416","එච්. එම්. චතුරංග රණසිංහ","77*****76V","0725515771","hambantota","2026-09-19T07:51:25.550Z",""
"SL-PET-13464","දිල්හානි මහවිතාන (දිල්හානි)","79*****60V","0765667862","colombo","2026-09-19T07:47:14.894Z",""
"SL-PET-10893","පී. බී. අජිත් විජේසූරිය","19*****841","0782229225","monaragala","2026-09-19T07:44:08.667Z",""
"SL-PET-11138","රුචිරා විතානගේ","99*****20V","0765229670","colombo","2026-09-19T07:41:18.134Z",""
"SL-PET-10666","එච්. එම්. ගයත්‍රි හේරත්","75*****96V","0775030285","polonnaruwa","2026-09-19T07:41:15.854Z",""
"SL-PET-11090","කේ. ඒ. ධම්මික මාරසිංහ","99*****45V","0703541857","matara","2026-09-19T07:39:48.945Z","සමාව ලබා දී උන්වහන්සේ මුදාහරින්න."
"SL-PET-11884","එච්. එම්. ලක්ෂ්මන් විජේමාන්න","20*****916","0771541763","colombo","2026-09-19T07:35:13.856Z","සමාව ලබා දී උන්වහන්සේ මුදාහරින්න."
"SL-PET-10698","ඩබ්. එම්. සම්පත් සෝමරත්න","61*****70V","0728199487","gampaha","2026-09-19T07:34:25.703Z",""
"SL-PET-13666","විතානගේ ගයාන්","81*****88V","0787126672","ratnapura","2026-09-19T07:30:57.999Z",""
"SL-PET-12172","අනෝමා දේවප්‍රිය (අනෝමා)","19*****340","0704440364","kurunegala","2026-09-19T07:28:52.437Z","සාමකාමී ශ්‍රී ලංකාවක් උදෙසා උන්වහන්සේ නිදහස් කරන්න."
"SL-PET-12828","ආර්. එම්. ගයත්‍රි හේරත්","90*****32V","0771937829","matara","2026-09-19T07:26:00.653Z","සාධාරණත්වය ඉටු කරන්න."
"SL-PET-13176","චම්පා අතුකෝරල","19*****187","0721272663","ratnapura","2026-09-19T07:23:28.659Z",""
"SL-PET-11654","පී. බී. මනෝරි ප්‍රේමචන්ද්‍ර","68*****56V","0702544291","monaragala","2026-09-19T07:21:23.635Z","නිරෝගී සුවය හා නිදහස ලැබේවා."
"SL-PET-12181","පූජ්‍ය මාදුළුවාවේ ධම්මරක්ඛිත හිමි","83*****31V","0785562171","polonnaruwa","2026-09-19T07:20:03.333Z",""
"SL-PET-12301","කේ. ඒ. කසුන් වසන්ත","66*****40V","0757439846","anuradhapura","2026-09-19T07:14:40.211Z",""
"SL-PET-13030","ආර්. එම්. අසංක විජේතුංග","85*****39V","0707806447","kalutara","2026-09-19T07:10:42.120Z","සියලු සත්වයෝ සුවපත් වෙත්වා! ඉක්මන් නිදහස පතමු."
"SL-PET-13216","සමිත විජේරත්න (සමිත)","93*****44V","0788550366","matale","2026-09-19T07:10:18.750Z",""
"SL-PET-12990","අජිත් පෙරේරා","19*****831","0785164643","matale","2026-09-19T07:08:58.939Z",""
"SL-PET-11296","ආර්. එම්. සචින් වික්‍රමසිංහ","19*****291","0756433566","ampara","2026-09-19T07:02:13.701Z",""
"SL-PET-12053","පී. බී. ප්‍රදීප් විජේසිංහ","19*****403","0776009560","kegalle","2026-09-19T07:02:05.767Z","උතුම් දළදා සමිඳු පිහිටෙන් නිදහස ලැබේවා."
"SL-PET-13521","මනෝජා තිලකරත්න","19*****672","0763412251","hambantota","2026-09-19T06:58:17.186Z",""
"SL-PET-11720","රවින්ද්‍ර විජේසූරිය","99*****95V","0717547091","colombo","2026-09-19T06:56:39.953Z",""
"SL-PET-12846","ආර්. එම්. කසුන් මද්දුමගේ","81*****35V","0782512979","gampaha","2026-09-19T06:55:28.953Z","ත්‍රිවිධ හමුදා හා පුරවැසි ප්‍රජාවේ පූර්ණ සුභපැතුම්."
"SL-PET-11895","පූජ්‍ය රත්නපුරේ සුමන හිමි","84*****92V","0769042418","anuradhapura","2026-09-19T06:51:17.102Z",""
"SL-PET-13812","පී. බී. සජිත් සුමනසේකර","19*****819","0771676484","nuwaraeliya","2026-09-19T06:50:49.322Z","අපේ ප්‍රාර්ථනාව කඩිනමින් ඉටුවේවා!"
"SL-PET-12931","ඩබ්. එම්. ලක්ෂිකා ප්‍රේමචන්ද්‍ර","73*****54V","0787389174","kalutara","2026-09-19T06:49:04.036Z","සාමකාමී ශ්‍රී ලංකාවක් උදෙසා උන්වහන්සේ නිදහස් කරන්න."
"SL-PET-10500","එච්. එම්. දිනුෂිකා මදුශංක","75*****41V","0754723396","anuradhapura","2026-09-19T06:47:01.701Z",""
"SL-PET-11779","සංජීව ප්‍රනාන්දු (සංජීව)","20*****653","0756352320","overseas","2026-09-19T06:43:31.333Z",""
"SL-PET-13595","විජේමාන්න චන්දන","19*****769","0708657940","anuradhapura","2026-09-19T06:41:31.716Z",""
"SL-PET-10809","ඩබ්. එම්. චාන්දනී ප්‍රේමචන්ද්‍ර","19*****498","0762144732","colombo","2026-09-19T06:40:22.909Z",""
"SL-PET-10713","එච්. එම්. සජිත් නවරත්න","85*****53V","0719671513","kandy","2026-09-19T06:33:31.018Z",""
"SL-PET-11458","දුමින්ද බණ්ඩාර (දුමින්ද)","90*****39V","0785563272","kalutara","2026-09-19T06:33:04.803Z",""
"SL-PET-13689","ඩබ්. එම්. ලලිත් ආටිගල","20*****472","0728845422","matara","2026-09-19T06:31:48.771Z","පෙත්සම සාර්ථක වේවා!"
"SL-PET-12661","කේ. ඒ. සනත් ජයසිංහ","97*****84V","0777057058","kurunegala","2026-09-19T06:29:38.571Z","ගරු ජනාධිපතිතුමනි, කරුණාවෙන් සලකා බලන්න."
"SL-PET-12775","පී. බී. රවින්ද්‍ර සේනාරත්න","19*****874","0726679572","ampara","2026-09-19T06:29:05.480Z",""
"SL-PET-10852","ආර්. එම්. උදාරි විතානගේ","69*****40V","0716895876","ratnapura","2026-09-19T06:20:32.133Z","ගරු ජනාධිපතිතුමනි, කරුණාවෙන් සලකා බලන්න."
"SL-PET-13785","රණසිංහ දිනුෂිකා","97*****18V","0713378747","matara","2026-09-19T06:18:52.242Z",""
"SL-PET-13552","කේ. ඒ. ශ්‍රියානි ගුණතිලක","78*****83V","0702622102","hambantota","2026-09-19T06:16:31.269Z",""
"SL-PET-11578","පූජ්‍ය කොටුගොඩ ඥානාරාම හිමි","19*****209","0751579483","gampaha","2026-09-19T06:13:08.874Z","අපේ පූර්ණ සහයෝගය පෙත්සමට හිමිවේ."
"SL-PET-12399","කේ. ඒ. ප්‍රදීප් රාජපක්ෂ","94*****22V","0774057646","matale","2026-09-19T06:11:51.840Z","අපේ පූර්ණ සහයෝගය පෙත්සමට හිමිවේ."
"SL-PET-13827","ඩබ්. එම්. දිනූෂ පෙරේරා","94*****42V","0758803745","hambantota","2026-09-19T05:58:37.495Z",""
"SL-PET-13776","ආර්. එම්. කුමාර රත්නායක","20*****403","0751314297","matale","2026-09-19T05:57:10.714Z",""
"SL-PET-12242","ඩබ්. එම්. චතුරිකා කළුවිතාරණ","19*****286","0713011362","gampaha","2026-09-19T05:56:26.132Z",""
"SL-PET-13041","ඩබ්. එම්. මාලා බණ්ඩාර","84*****34V","0725645068","gampaha","2026-09-19T05:53:32.166Z",""
"SL-PET-12953","සුපුන් ප්‍රේමචන්ද්‍ර (සුපුන්)","19*****928","0712692644","matale","2026-09-19T05:53:14.827Z",""
"SL-PET-11531","රාජපක්ෂ නයනා","87*****38V","0756686936","colombo","2026-09-19T05:51:06.223Z","රට ජාතිය ආගම වෙනුවෙන් හඬක් නැගූ හිමියන්ට නිදහස ලැබේවා."
"SL-PET-12944","පී. බී. මාලා මාරසිංහ","19*****605","0761783546","kandy","2026-09-19T05:50:36.068Z","නිරෝගී සුවය හා නිදහස ලැබේවා."
"SL-PET-13570","ඩබ්. එම්. ප්‍රදීප් විජේරත්න","19*****539","0769784306","ratnapura","2026-09-19T05:49:43.631Z",""
"SL-PET-10759","අමිල අතුකෝරල (අමිල)","70*****24V","0775713785","matara","2026-09-19T05:49:36.624Z","උතුම් දළදා සමිඳු පිහිටෙන් නිදහස ලැබේවා."
"SL-PET-11743","පූජ්‍ය නාරද ධම්මරතන හිමි","87*****65V","0729289126","galle","2026-09-19T05:46:33.330Z","බුද්ධ ශාසනයේ ආරක්ෂාව උදෙසා උන්වහන්සේ මුදාහරින්න."
"SL-PET-13764","කේ. ඒ. සජිත් සෙනෙවිරත්න","19*****185","0777108045","monaragala","2026-09-19T05:45:53.845Z",""
"SL-PET-12842","එච්. එම්. සමිත විතානගේ","75*****16V","0722976475","matara","2026-09-19T05:44:06.879Z",""
"SL-PET-11239","දැදිගම නයනා","19*****213","0765882495","colombo","2026-09-19T05:41:23.192Z",""
"SL-PET-11547","කෙවින් ඉලංගකෝන් (කෙවින්)","19*****951","0761791897","trincomalee","2026-09-19T05:41:17.634Z","ලක්ෂ 50 ක ජනතා හඬට ඇහුම්කන් දෙන්න."
"SL-PET-13884","ආර්. එම්. සදුනි සිල්වා","19*****322","0704248998","kurunegala","2026-09-19T05:39:48.679Z","බුද්ධ ශාසනයේ ආරක්ෂාව උදෙසා උන්වහන්සේ මුදාහරින්න."
"SL-PET-13571","ඩබ්. එම්. සනත් ආටිගල","20*****266","0774143423","kegalle","2026-09-19T05:37:31.425Z","ගරු ජනාධිපතිතුමනි, කරුණාවෙන් සලකා බලන්න."
"SL-PET-11544","ඩබ්. එම්. ඉන්දිරා විජේරත්න","81*****86V","0722484911","kalutara","2026-09-19T05:33:25.924Z",""
"SL-PET-10899","පූජ්‍ය මාදුළුවාවේ ඥානාරාම හිමි","64*****67V","0757004996","monaragala","2026-09-19T05:29:31.125Z","බුද්ධ ශාසනයේ ආරක්ෂාව උදෙසා උන්වහන්සේ මුදාහරින්න."
"SL-PET-10610","පූජ්‍ය බදුල්ලේ ධම්මරතන හිමි","76*****76V","0717575937","anuradhapura","2026-09-19T05:24:29.452Z","අපේ ප්‍රාර්ථනාව කඩිනමින් ඉටුවේවා!"
"SL-PET-12766","ආර්. එම්. චම්පා ගුණතිලක","20*****647","0779310514","gampaha","2026-09-19T05:23:08.647Z","අධිකරණ තීන්දුවලට ගරු කරමින්ම ජනාධිපති සමාව අයදිමු."
"SL-PET-11135","කේ. ඒ. උදාරි කළුවිතාරණ","74*****43V","0777233779","kalutara","2026-09-19T05:21:45.172Z","සාමකාමී ශ්‍රී ලංකාවක් උදෙසා උන්වහන්සේ නිදහස් කරන්න."
"SL-PET-11229","පී. බී. ගයාන් මහවිතාන","67*****32V","0788930363","kandy","2026-09-19T05:18:58.022Z","අධිකරණ තීන්දුවලට ගරු කරමින්ම ජනාධිපති සමාව අයදිමු."
"SL-PET-12256","චතුරිකා හපුආරච්චි (චතුරිකා)","84*****31V","0773606837","matara","2026-09-19T05:18:29.998Z","පෙත්සම සාර්ථක වේවා!"
"SL-PET-11280","එච්. එම්. අනෝමා අතුකෝරල","96*****28V","0713243304","badulla","2026-09-19T05:16:24.604Z",""
"SL-PET-11960","පී. බී. කුමාර විජේතුංග","69*****26V","0771510966","kurunegala","2026-09-19T05:13:03.265Z",""
"SL-PET-13002","ඩබ්. එම්. චතුරිකා වික්‍රමසිංහ","84*****34V","0715894016","gampaha","2026-09-19T05:09:19.863Z","සමාව ලබා දී උන්වහන්සේ මුදාහරින්න."
"SL-PET-12464","ප්‍රනාන්දු ජගත්","63*****32V","0771842655","badulla","2026-09-19T05:05:26.806Z",""
"SL-PET-12144","එච්. එම්. කෞශල්‍යා කුලතුංග","65*****99V","0768700208","colombo","2026-09-19T05:04:14.102Z",""
"SL-PET-11075","පූජ්‍ය බදුල්ලේ පඤ්ඤානන්ද හිමි","19*****793","0781742234","colombo","2026-09-19T05:00:22.066Z",""
"SL-PET-13576","පූජ්‍ය පොළොන්නරුවේ පඤ්ඤානන්ද හිමි","19*****992","0778463243","colombo","2026-09-19T04:57:39.577Z",""
"SL-PET-10726","වික්‍රමරත්න චම්පා","20*****369","0785917257","galle","2026-09-19T04:56:41.154Z",""
"SL-PET-13842","කේ. ඒ. රංජිත් වික්‍රමරත්න","85*****24V","0774654652","kegalle","2026-09-19T04:55:43.137Z",""
"SL-PET-10959","මල්කාන්ති ඉලංගකෝන් (මල්කාන්ති)","93*****19V","0707535488","colombo","2026-09-19T04:54:56.510Z",""
"SL-PET-10598","හිරුණි මහවිතාන","94*****35V","0787033582","gampaha","2026-09-19T04:53:32.135Z",""
"SL-PET-11832","ආර්. එම්. නිරෝෂා කළුවිතාරණ","89*****32V","0728598888","matale","2026-09-19T04:53:17.682Z","බුද්ධ ශාසනයේ ආරක්ෂාව උදෙසා උන්වහන්සේ මුදාහරින්න."
"SL-PET-12042","පූජ්‍ය පොළොන්නරුවේ ඥානාලෝක හිමි","20*****637","0716371673","galle","2026-09-19T04:45:30.917Z","අධිකරණ තීන්දුවලට ගරු කරමින්ම ජනාධිපති සමාව අයදිමු."
"SL-PET-13874","ඩබ්. එම්. හේමන්ත සිල්වා","74*****21V","0708601894","ampara","2026-09-19T04:44:30.071Z",""
"SL-PET-12505","කුමුදුනී අතුකෝරල","19*****105","0712353013","kandy","2026-09-19T04:41:29.246Z","අපේ ප්‍රාර්ථනාව කඩිනමින් ඉටුවේවා!"
"SL-PET-12590","ඩබ්. එම්. මහේෂ් දිසානායක","19*****435","0781427486","anuradhapura","2026-09-19T04:38:59.870Z",""
"SL-PET-10523","ජගත් කුලතුංග (ජගත්)","79*****73V","0775693812","kandy","2026-09-19T04:37:56.690Z",""
"SL-PET-13169","අනුර සිරිවර්ධන (අනුර)","19*****906","0788537269","gampaha","2026-09-19T04:37:23.921Z",""
"SL-PET-12562","කුමුදුනී රත්නායක (කුමුදුනී)","72*****32V","0728563317","kandy","2026-09-19T04:31:03.464Z","රට ජාතිය ආගම වෙනුවෙන් හඬක් නැගූ හිමියන්ට නිදහස ලැබේවා."
"SL-PET-12722","ඩබ්. එම්. තිලක් දිසානායක","19*****842","0762363005","kegalle","2026-09-19T04:28:51.542Z","සාධාරණත්වය ඉටු කරන්න."
"SL-PET-12095","පී. බී. ජගත් ජයසිංහ","81*****49V","0773403445","kandy","2026-09-19T04:27:13.486Z","ලක්ෂ 50 ක ජනතා හඬට ඇහුම්කන් දෙන්න."
"SL-PET-10690","ඉන්දිරා මදුශංක","83*****61V","0705489459","gampaha","2026-09-19T04:26:43.211Z","සාධාරණත්වය ඉටු කරන්න."
"SL-PET-11195","පූජ්‍ය මල්වත්තේ විපස්සී හිමි","95*****55V","0729996395","anuradhapura","2026-09-19T04:22:14.988Z","උතුම් දළදා සමිඳු පිහිටෙන් නිදහස ලැබේවා."
"SL-PET-11224","ඩබ්. එම්. සන්ධ්‍යා රණවීර","20*****879","0757368116","kandy","2026-09-19T04:20:44.278Z",""
"SL-PET-11829","ආර්. එම්. දිල්හානි මඩවලගේ","96*****84V","0779066479","colombo","2026-09-19T04:16:08.173Z",""
"SL-PET-12994","නිරෝෂා මෙන්ඩිස්","19*****858","0727323856","monaragala","2026-09-19T04:16:00.243Z",""
"SL-PET-12396","ඩබ්. එම්. ගයාන් අතුකෝරල","84*****39V","0762510119","galle","2026-09-19T04:11:51.319Z","අපේ පූර්ණ සහයෝගය පෙත්සමට හිමිවේ."
"SL-PET-11883","එච්. එම්. තරිඳු දිසානායක","19*****914","0769435748","colombo","2026-09-19T04:11:04.185Z",""
"SL-PET-11857","පී. බී. හේමන්ත සමරසේකර","81*****39V","0776699451","kandy","2026-09-19T04:07:57.966Z",""
"SL-PET-11623","පී. බී. චතුරිකා දිසානායක","70*****28V","0724031937","colombo","2026-09-19T04:07:37.357Z","අධිකරණ තීන්දුවලට ගරු කරමින්ම ජනාධිපති සමාව අයදිමු."
"SL-PET-11265","පී. බී. රොමේෂ් රණවීර","19*****279","0714897664","matale","2026-09-19T04:03:27.278Z",""
"SL-PET-12439","අබේසේකර සුපුන්","20*****403","0714192611","matale","2026-09-19T03:55:31.831Z",""
"SL-PET-13225","චමින්ද කළුවිතාරණ","66*****13V","0713992040","monaragala","2026-09-19T03:55:29.465Z",""
"SL-PET-10939","කෙවින් මඩවලගේ","98*****65V","0722811218","overseas","2026-09-19T03:55:25.265Z",""
"SL-PET-12389","පී. බී. උපුල් ගුණසේකර","73*****91V","0764386540","colombo","2026-09-19T03:51:04.169Z",""
"SL-PET-13898","රත්නායක තරිඳු","61*****81V","0769467097","ratnapura","2026-09-19T03:48:05.209Z",""
"SL-PET-10650","ඩබ්. එම්. සිතුම් කහඳගමගේ","20*****699","0752792872","ratnapura","2026-09-19T03:33:27.797Z",""
"SL-PET-12909","ආර්. එම්. තිස්ස මඩවලගේ","64*****77V","0729628189","polonnaruwa","2026-09-19T03:30:53.767Z","සාමකාමී ශ්‍රී ලංකාවක් උදෙසා උන්වහන්සේ නිදහස් කරන්න."
"SL-PET-12208","ඩබ්. එම්. සම්පත් දසනායක","19*****470","0754196313","anuradhapura","2026-09-19T03:29:12.124Z","නිරෝගී සුවය හා නිදහස ලැබේවා."
"SL-PET-10746","එච්. එම්. තක්ෂිලා අතුකෝරල","19*****630","0778700880","kurunegala","2026-09-19T03:28:31.040Z",""
"SL-PET-12586","එච්. එම්. අනෝමා හපුආරච්චි","19*****925","0771209975","galle","2026-09-19T03:22:07.425Z",""
"SL-PET-11408","පූජ්‍ය ගංගොඩවිල ඥානවිමල හිමි","19*****251","0721770475","kalutara","2026-09-19T03:18:02.610Z","සියලු සත්වයෝ සුවපත් වෙත්වා! ඉක්මන් නිදහස පතමු."
"SL-PET-11474","පූජ්‍ය අස්ගිරියේ රේවත හිමි","19*****323","0772472662","hambantota","2026-09-19T03:13:56.729Z",""
"SL-PET-11184","කේ. ඒ. රංජිත් කුලතුංග","69*****45V","0778906317","gampaha","2026-09-19T03:10:13.456Z","පෙත්සම සාර්ථක වේවා!"
"SL-PET-11040","සිතුම් මහවිතාන (සිතුම්)","77*****89V","0714984175","kegalle","2026-09-19T03:06:51.295Z",""
"SL-PET-12209","කෙවින් මාරසිංහ","72*****23V","0755923402","puttalam","2026-09-19T03:02:42.459Z",""
"SL-PET-11176","ධම්මික ලියනගේ","63*****83V","0726987846","hambantota","2026-09-19T03:00:08.182Z",""
"SL-PET-12371","අනුර ජයසිංහ","19*****269","0761689675","colombo","2026-09-19T02:59:09.101Z","අපේ ප්‍රාර්ථනාව කඩිනමින් ඉටුවේවා!"
"SL-PET-12933","ප්‍රමෝද් කහඳගමගේ","20*****695","0785283410","gampaha","2026-09-19T02:53:45.561Z",""
"SL-PET-11120","සනත් ගුණසේකර (සනත්)","65*****35V","0753637276","gampaha","2026-09-19T02:48:59.601Z",""
"SL-PET-11326","ජයසිංහ සමිත","75*****65V","0773954380","anuradhapura","2026-09-19T02:48:17.900Z","ගරු ජනාධිපතිතුමනි, කරුණාවෙන් සලකා බලන්න."
"SL-PET-10656","මහින්ද තිලකරත්න (මහින්ද)","19*****340","0782527216","trincomalee","2026-09-19T02:45:29.578Z",""
"SL-PET-10547","පී. බී. සුජාතා වික්‍රමරත්න","91*****20V","0773010249","kalutara","2026-09-19T02:39:52.767Z",""
"SL-PET-13763","එච්. එම්. ප්‍රේමරත්න විජේරත්න","19*****670","0726780955","kandy","2026-09-19T02:39:52.483Z",""
"SL-PET-13322","ආර්. එම්. සරත් විජේතුංග","74*****44V","0788558296","badulla","2026-09-19T02:36:03.195Z",""
"SL-PET-12525","පී. බී. හේමන්ත විජේරත්න","77*****16V","0773064545","anuradhapura","2026-09-19T02:35:26.414Z",""
"SL-PET-13408","කේ. ඒ. උපුල් විතානගේ","78*****67V","0773209224","overseas","2026-09-19T02:33:17.824Z","උතුම් දළදා සමිඳු පිහිටෙන් නිදහස ලැබේවා."
"SL-PET-11548","කේ. ඒ. සජිත් හේරත්","19*****675","0704111222","kandy","2026-09-19T02:27:08.547Z",""
"SL-PET-10932","කේ. ඒ. රුක්මන් ලියනගේ","94*****63V","0764204874","colombo","2026-09-19T02:26:47.531Z",""
"SL-PET-10787","රොමේෂ් මහවිතාන","65*****92V","0727717439","kandy","2026-09-19T02:23:18.796Z","සාධාරණත්වය ඉටු කරන්න."
"SL-PET-11188","එච්. එම්. චාන්දනී සෙනෙවිරත්න","79*****65V","0704094185","ratnapura","2026-09-19T02:22:51.873Z",""
"SL-PET-13352","පූජ්‍ය අස්ගිරියේ ධම්මදින්න හිමි","61*****18V","0769077440","hambantota","2026-09-19T02:18:16.164Z","අධිකරණ තීන්දුවලට ගරු කරමින්ම ජනාධිපති සමාව අයදිමු."
"SL-PET-11683","ආර්. එම්. ප්‍රමෝද් අබේසේකර","75*****49V","0714684050","anuradhapura","2026-09-19T02:16:46.040Z",""
"SL-PET-10793","ආර්. එම්. ප්‍රේමරත්න නවරත්න","65*****53V","0719201353","kurunegala","2026-09-19T02:14:03.575Z",""
"SL-PET-12264","ලක්ෂිකා විජේතුංග","87*****48V","0716484301","overseas","2026-09-19T02:12:19.841Z",""
"SL-PET-10854","ප්‍රදීප් සෝමරත්න","92*****55V","0729437419","ampara","2026-09-19T02:11:40.051Z",""
"SL-PET-13389","රොමේෂ් සේනාරත්න","19*****986","0767930298","ratnapura","2026-09-19T02:04:51.821Z",""
"SL-PET-10768","ආර්. එම්. දර්ශන විජේසූරිය","19*****448","0724179989","monaragala","2026-09-19T02:04:47.168Z",""
"SL-PET-10583","ඩබ්. එම්. ප්‍රදීප් මඩවලගේ","60*****48V","0781936203","matara","2026-09-19T02:04:17.467Z","ත්‍රිවිධ හමුදා හා පුරවැසි ප්‍රජාවේ පූර්ණ සුභපැතුම්."
"SL-PET-11889","ආර්. එම්. සංජීව කුලතුංග","19*****523","0787555638","matara","2026-09-19T02:03:53.890Z","සමාව ලබා දී උන්වහන්සේ මුදාහරින්න."
"SL-PET-10682","ආර්. එම්. මනෝජ් ප්‍රේමචන්ද්‍ර","19*****297","0707292763","kandy","2026-09-19T02:02:07.793Z","අපගේ ආශිර්වාදය හා සහයෝගය උන්වහන්සේ සමගයි."
"SL-PET-12796","අතුකෝරල දීපිකා","19*****335","0765707613","polonnaruwa","2026-09-19T02:01:41.051Z",""
"SL-PET-12134","එච්. එම්. චාන්දනී වික්‍රමසිංහ","66*****96V","0765154417","nuwaraeliya","2026-09-19T01:54:18.286Z","සමාව ලබා දී උන්වහන්සේ මුදාහරින්න."
"SL-PET-12834","සිල්වා සුනිල්","93*****82V","0713681509","polonnaruwa","2026-09-19T01:41:53.741Z","උතුම් දළදා සමිඳු පිහිටෙන් නිදහස ලැබේවා."
"SL-PET-11717","ධම්මික කහඳගමගේ","20*****487","0709520177","overseas","2026-09-19T01:41:38.392Z",""
"SL-PET-12754","එච්. එම්. මාලා වික්‍රමරත්න","84*****99V","0719896113","matara","2026-09-19T01:39:42.461Z","ප්‍රජාතන්ත්‍රවාදී මහජන හඬට සවන් දෙන්න."
"SL-PET-12355","ආර්. එම්. සජිත් මඩවලගේ","95*****88V","0701340011","badulla","2026-09-19T01:36:46.230Z","පෙත්සම සාර්ථක වේවා!"
"SL-PET-12454","පූජ්‍ය ගංගොඩවිල ධම්මරක්ඛිත හිමි","19*****711","0718969998","anuradhapura","2026-09-19T01:35:45.292Z","සමාව ලබා දී උන්වහන්සේ මුදාහරින්න."
"SL-PET-12343","ඩබ්. එම්. සම්පත් සෝමරත්න","85*****96V","0713736780","badulla","2026-09-19T01:35:34.350Z",""
"SL-PET-12827","එච්. එම්. දර්ශන හපුආරච්චි","93*****56V","0785682470","galle","2026-09-19T01:34:54.514Z","අපේ පූර්ණ සහයෝගය පෙත්සමට හිමිවේ."
"SL-PET-10716","පූජ්‍ය ගංගොඩවිල ආනන්ද හිමි","19*****909","0783365699","galle","2026-09-19T01:34:14.605Z",""
"SL-PET-13332","සිරිවර්ධන සුනේත්‍රා","91*****93V","0768973881","puttalam","2026-09-19T01:32:50.221Z",""
"SL-PET-12941","අතුරලියේ පියරතන හිමි","20*****484","0707039393","matara","2026-09-19T01:31:39.300Z",""
"SL-PET-13134","කේ. ඒ. කුමුදු අබේසේකර","71*****54V","0759665423","anuradhapura","2026-09-19T01:26:02.324Z",""
"SL-PET-11379","රොමේෂ් විජේරත්න (රොමේෂ්)","19*****318","0718979532","gampaha","2026-09-19T01:19:20.369Z","ඥානසාර හිමියන්ට කඩිනම් ජනාධිපති සමාව ලබා දෙන්න."
"SL-PET-13009","පූජ්‍ය මාදුළුවාවේ චන්දරතන හිමි","80*****95V","0752120014","gampaha","2026-09-19T01:19:13.996Z",""
"SL-PET-13743","වසන්ති ජයවර්ධන","62*****23V","0777282957","kandy","2026-09-19T01:18:07.501Z","ප්‍රජාතන්ත්‍රවාදී මහජන හඬට සවන් දෙන්න."
"SL-PET-11688","ඩබ්. එම්. කුමුදු කුලතුංග","89*****78V","0721943634","kalutara","2026-09-19T01:14:09.693Z",""
"SL-PET-11015","පූජ්‍ය ගංගොඩවිල ධම්මරක්ඛිත හිමි","72*****56V","0769078980","ratnapura","2026-09-19T01:12:35.540Z","උතුම් දළදා සමිඳු පිහිටෙන් නිදහස ලැබේවා."
"SL-PET-11535","ඩබ්. එම්. දිල්හානි සේනාරත්න","19*****371","0763647511","kalutara","2026-09-19T01:10:25.787Z",""
"SL-PET-11490","පී. බී. රුචිරා රාජපක්ෂ","83*****78V","0786813170","kandy","2026-09-19T01:08:18.536Z","සමාව ලබා දී උන්වහන්සේ මුදාහරින්න."
"SL-PET-11413","කේ. ඒ. තිලක් කුලතුංග","67*****35V","0781184149","kurunegala","2026-09-19T01:07:58.844Z","ලක්ෂ 50 ක ජනතා හඬට ඇහුම්කන් දෙන්න."
"SL-PET-10872","ඩබ්. එම්. රංජිත් කුමාරසිංහ","19*****302","0782097593","colombo","2026-09-19T01:00:56.918Z",""
"SL-PET-12482","ඩබ්. එම්. හර්ෂ රණසිංහ","19*****916","0786232338","kurunegala","2026-09-19T00:52:27.691Z","ලක්ෂ 50 ක ජනතා හඬට ඇහුම්කන් දෙන්න."
"SL-PET-13131","චම්පා සුමනසේකර","61*****57V","0704908141","gampaha","2026-09-19T00:48:44.261Z",""
"SL-PET-13259","විජේසිංහ ශිරාන්","19*****562","0704076537","gampaha","2026-09-19T00:46:57.603Z",""
"SL-PET-13079","එච්. එම්. මාලා ගුණසේකර","90*****82V","0762954419","kegalle","2026-09-19T00:44:41.126Z",""
"SL-PET-10981","එච්. එම්. මාලා මෙන්ඩිස්","19*****361","0729005760","matale","2026-09-19T00:43:55.986Z","ත්‍රිවිධ හමුදා හා පුරවැසි ප්‍රජාවේ පූර්ණ සුභපැතුම්."
"SL-PET-11985","සම්පත් අතුකෝරල","19*****846","0777502523","matara","2026-09-19T00:43:02.574Z",""
"SL-PET-13733","ආර්. එම්. කුෂාන් හේරත්","99*****28V","0722996648","kandy","2026-09-19T00:36:20.202Z",""
"SL-PET-13405","කේ. ඒ. අයේෂා වික්‍රමසිංහ","89*****21V","0728003946","matara","2026-09-19T00:28:04.467Z","සාධාරණත්වය ඉටු කරන්න."
"SL-PET-10526","පූජ්‍ය තිස්සමහාරාමයේ සීලරතන හිමි","20*****446","0769260247","ampara","2026-09-19T00:27:36.028Z","සියලු සත්වයෝ සුවපත් වෙත්වා! ඉක්මන් නිදහස පතමු."
"SL-PET-11416","උපුල් වික්‍රමසිංහ (උපුල්)","83*****60V","0715121218","monaragala","2026-09-19T00:26:05.232Z",""
"SL-PET-12092","මහින්ද කළුවිතාරණ","20*****654","0763291218","galle","2026-09-19T00:22:33.788Z",""
"SL-PET-10573","කේ. ඒ. නිරෝෂා කුමාරසිංහ","76*****84V","0762378561","polonnaruwa","2026-09-19T00:19:49.263Z",""
"SL-PET-13392","එච්. එම්. දිනුෂිකා කරුණාරත්න","70*****24V","0724272928","matale","2026-09-19T00:18:20.174Z",""
"SL-PET-12259","පූජ්‍ය නාරද ධම්මදින්න හිමි","89*****93V","0755524836","kurunegala","2026-09-19T00:15:25.690Z","ගරු ජනාධිපතිතුමනි, කරුණාවෙන් සලකා බලන්න."
"SL-PET-10733","කරුණාරත්න දුමින්ද","19*****542","0769291494","kurunegala","2026-09-19T00:15:02.239Z",""
"SL-PET-12140","පී. බී. දර්ශන හේරත්","19*****686","0716254418","monaragala","2026-09-19T00:12:20.952Z",""
"SL-PET-12368","මධුෂිකා විතානගේ","20*****179","0754729856","hambantota","2026-09-19T00:12:18.167Z",""
"SL-PET-10702","එච්. එම්. සන්ධ්‍යා විජේසූරිය","19*****145","0751644542","matara","2026-09-19T00:10:21.866Z","උතුම් දළදා සමිඳු පිහිටෙන් නිදහස ලැබේවා."
"SL-PET-11708","ආර්. එම්. අනුරාධා ලියනගේ","20*****752","0759622663","ratnapura","2026-09-19T00:09:25.216Z","ත්‍රිවිධ හමුදා හා පුරවැසි ප්‍රජාවේ පූර්ණ සුභපැතුම්."
"SL-PET-12811","කේ. ඒ. ඉන්දිරා කළුවිතාරණ","87*****88V","0786536460","kurunegala","2026-09-19T00:08:40.404Z",""
"SL-PET-12906","මාලා ප්‍රේමචන්ද්‍ර","96*****72V","0703398081","anuradhapura","2026-09-19T00:08:38.965Z",""
"SL-PET-12040","එච්. එම්. සංජීව විජේතුංග","19*****281","0786414467","puttalam","2026-09-19T00:03:26.995Z",""
"SL-PET-11167","ජනක මදුශංක","20*****310","0724193310","kandy","2026-09-18T23:55:25.199Z",""
"SL-PET-13605","කේ. ඒ. තිසර ගුණසේකර","80*****30V","0761080916","ratnapura","2026-09-18T23:54:33.753Z",""
"SL-PET-13792","එච්. එම්. උපුල් විජේතුංග","19*****698","0707639219","kegalle","2026-09-18T23:54:22.854Z",""
"SL-PET-11368","මහවිතාන චාන්දනී","74*****99V","0784587329","ampara","2026-09-18T23:53:36.457Z","සියලු සත්වයෝ සුවපත් වෙත්වා! ඉක්මන් නිදහස පතමු."
"SL-PET-13388","තිසර වසන්ත (තිසර)","19*****344","0722813540","kurunegala","2026-09-18T23:53:25.315Z",""
"SL-PET-11949","වසන්ති දිසානායක (වසන්ති)","19*****973","0729431757","colombo","2026-09-18T23:52:14.164Z",""
"SL-PET-10947","පූජ්‍ය අනුරාධපුර චන්දරතන හිමි","19*****372","0781157580","kurunegala","2026-09-18T23:45:11.671Z","සාධාරණත්වය ඉටු කරන්න."
"SL-PET-12630","පී. බී. නයනා මාරසිංහ","73*****67V","0718953300","galle","2026-09-18T23:44:08.641Z","සියලු සත්වයෝ සුවපත් වෙත්වා! ඉක්මන් නිදහස පතමු."
"SL-PET-11252","පී. බී. අමිල විජේරත්න","87*****39V","0726849890","kurunegala","2026-09-18T23:43:42.951Z",""
"SL-PET-11714","පූජ්‍ය තිස්සමහාරාමයේ ආනන්ද හිමි","71*****67V","0722059276","kalutara","2026-09-18T23:39:55.603Z","ප්‍රජාතන්ත්‍රවාදී මහජන හඬට සවන් දෙන්න."
"SL-PET-11365","පී. බී. ප්‍රේමරත්න සුමනපාල","19*****105","0709984648","ampara","2026-09-18T23:38:09.828Z","උතුම් දළදා සමිඳු පිහිටෙන් නිදහස ලැබේවා."
"SL-PET-11287","වසන්ත ප්‍රදීප්","19*****762","0752948321","matale","2026-09-18T23:37:22.572Z",""
"SL-PET-10596","නිහාල් කහඳගමගේ (නිහාල්)","94*****14V","0787650664","kegalle","2026-09-18T23:36:53.814Z",""
"SL-PET-13220","බෙල්ලන්විල ධම්මජෝති හිමි","20*****531","0706497570","kurunegala","2026-09-18T23:35:08.141Z",""
"SL-PET-10638","පූජ්‍ය මල්වත්තේ සෝභිත හිමි","61*****67V","0722985655","puttalam","2026-09-18T23:29:22.444Z",""
"SL-PET-13836","ආර්. එම්. චතුර රණසිංහ","95*****18V","0754308261","kegalle","2026-09-18T23:26:04.048Z",""
"SL-PET-12724","ඩබ්. එම්. සුදර්ශනී පෙරේරා","19*****185","0765281461","ratnapura","2026-09-18T23:25:51.063Z",""
"SL-PET-11071","පී. බී. පියුමි පෙරේරා","61*****52V","0724994759","kandy","2026-09-18T23:23:43.175Z","ප්‍රජාතන්ත්‍රවාදී මහජන හඬට සවන් දෙන්න."
"SL-PET-12563","පී. බී. රංජිත් කළුවිතාරණ","88*****63V","0718652106","puttalam","2026-09-18T23:20:54.220Z",""
"SL-PET-11114","ඩබ්. එම්. කුමාර වසන්ත","85*****34V","0774116805","kurunegala","2026-09-18T23:18:09.354Z","ගරු ජනාධිපතිතුමනි, කරුණාවෙන් සලකා බලන්න."
"SL-PET-12253","ආර්. එම්. කුමුදුනී කුමාරසිංහ","19*****804","0758359914","ampara","2026-09-18T23:16:09.945Z",""
"SL-PET-12075","පී. බී. කෙවින් රණවීර","68*****53V","0751111932","kalutara","2026-09-18T23:11:11.417Z",""
"SL-PET-11432","ආටිගල අනෝජ්","19*****843","0762348266","matara","2026-09-18T23:10:18.178Z",""
"SL-PET-11894","එච්. එම්. ගයාන් විතානගේ","19*****495","0784908766","colombo","2026-09-18T23:09:15.667Z",""
"SL-PET-10940","ආර්. එම්. නුවන් කුමාරසිංහ","88*****63V","0706742359","kurunegala","2026-09-18T23:06:51.003Z","රට ජාතිය ආගම වෙනුවෙන් හඬක් නැගූ හිමියන්ට නිදහස ලැබේවා."
"SL-PET-12462","ඩබ්. එම්. තරිඳු ධර්මප්‍රිය","19*****436","0763633592","polonnaruwa","2026-09-18T23:04:40.184Z",""
"SL-PET-12986","රවින්ද්‍ර විජේතුංග (රවින්ද්‍ර)","81*****77V","0766023964","colombo","2026-09-18T23:04:38.149Z",""
"SL-PET-12395","කේ. ඒ. නලින් සේනාරත්න","19*****746","0773984138","ampara","2026-09-18T22:59:10.398Z","සියලු සත්වයෝ සුවපත් වෙත්වා! ඉක්මන් නිදහස පතමු."
"SL-PET-13480","ඩබ්. එම්. මනෝජා මද්දුමගේ","19*****693","0709385121","ratnapura","2026-09-18T22:56:35.787Z",""
"SL-PET-11534","පූජ්‍ය අනුරාධපුර සුමනසාර හිමි","20*****789","0783699017","kurunegala","2026-09-18T22:51:16.553Z",""
"SL-PET-12818","ආර්. එම්. සරත් ජයසිංහ","20*****399","0766401746","kegalle","2026-09-18T22:44:50.863Z","ගරු ජනාධිපතිතුමනි, කරුණාවෙන් සලකා බලන්න."
"SL-PET-11802","ආර්. එම්. දීපිකා සිල්වා","19*****451","0783332898","trincomalee","2026-09-18T22:44:33.240Z",""
"SL-PET-12247","එච්. එම්. චාන්දනී ප්‍රනාන්දු","19*****580","0754865146","badulla","2026-09-18T22:25:23.116Z","නිරෝගී සුවය හා නිදහස ලැබේවා."
"SL-PET-12177","කේ. ඒ. ධම්මික කළුවිතාරණ","83*****58V","0723099561","colombo","2026-09-18T22:24:52.866Z","පෙත්සම සාර්ථක වේවා!"
"SL-PET-10585","අනෝජ් රාජපක්ෂ","19*****168","0766862582","badulla","2026-09-18T22:24:01.917Z","අපගේ ආශිර්වාදය හා සහයෝගය උන්වහන්සේ සමගයි."
"SL-PET-13000","ඩබ්. එම්. මාලක නවරත්න","95*****90V","0724364373","kalutara","2026-09-18T22:23:06.787Z",""
"SL-PET-10671","ඩබ්. එම්. ප්‍රේමරත්න තිලකරත්න","19*****530","0722059103","galle","2026-09-18T22:21:27.465Z",""
"SL-PET-11927","ජීවන්ත ඉලංගකෝන්","65*****59V","0759854160","kandy","2026-09-18T22:21:12.040Z",""
"SL-PET-13744","ආර්. එම්. මල්කාන්ති දැදිගම","91*****62V","0764496957","anuradhapura","2026-09-18T22:14:02.664Z","අපේ පූර්ණ සහයෝගය පෙත්සමට හිමිවේ."
"SL-PET-11749","පී. බී. අජිත් මඩවලගේ","72*****90V","0787261946","gampaha","2026-09-18T22:12:24.642Z",""
"SL-PET-10618","උදාරි අතුකෝරල","76*****75V","0751887178","anuradhapura","2026-09-18T22:10:35.159Z","සමාව ලබා දී උන්වහන්සේ මුදාහරින්න."
"SL-PET-10954","පූජ්‍ය බදුල්ලේ සීලරතන හිමි","82*****97V","0763038250","colombo","2026-09-18T22:07:02.283Z","පෙත්සම සාර්ථක වේවා!"
"SL-PET-10623","එච්. එම්. අයේෂා සිරිවර්ධන","95*****12V","0783994088","gampaha","2026-09-18T22:05:44.955Z","සාධාරණත්වය ඉටු කරන්න."
"SL-PET-12327","රොමේෂ් සිරිවර්ධන (රොමේෂ්)","60*****52V","0754683546","kandy","2026-09-18T22:03:00.124Z",""
"SL-PET-11249","සිරිවර්ධන උදාරි","65*****35V","0704412830","anuradhapura","2026-09-18T21:55:20.215Z",""
"SL-PET-13050","කේ. ඒ. ලක්ෂිකා අතුකෝරල","20*****162","0777573680","polonnaruwa","2026-09-18T21:49:55.148Z","පෙත්සම සාර්ථක වේවා!"
"SL-PET-10823","මධුෂිකා ගුණතිලක (මධුෂිකා)","80*****95V","0756613378","ratnapura","2026-09-18T21:44:01.011Z",""
"SL-PET-12289","බෙල්ලන්විල පඤ්ඤානන්ද හිමි","84*****72V","0705626150","gampaha","2026-09-18T21:19:26.131Z",""
"SL-PET-12051","එච්. එම්. දර්ශන විතානගේ","19*****520","0758413972","gampaha","2026-09-18T21:16:53.416Z","නිරෝගී සුවය හා නිදහස ලැබේවා."
"SL-PET-11144","පූජ්‍ය නාරද සෝභිත හිමි","19*****388","0768837062","colombo","2026-09-18T21:15:29.179Z",""
"SL-PET-13626","ආර්. එම්. ප්‍රමෝද් ප්‍රනාන්දු","99*****78V","0762739738","matale","2026-09-18T21:13:50.442Z",""
"SL-PET-11953","පී. බී. මහින්ද හේරත්","98*****63V","0722575878","gampaha","2026-09-18T21:12:13.745Z",""
"SL-PET-10546","එච්. එම්. මනෝරි කුලතුංග","88*****25V","0714855032","polonnaruwa","2026-09-18T21:11:12.769Z",""
"SL-PET-13108","ප්‍රනාන්දු නිහාල්","19*****658","0752286969","anuradhapura","2026-09-18T21:10:34.508Z",""
"SL-PET-13119","ආර්. එම්. දීපිකා සුමනපාල","78*****78V","0705000826","nuwaraeliya","2026-09-18T21:09:17.511Z",""
"SL-PET-12898","කේ. ඒ. කසුන් කහඳගමගේ","19*****307","0766547904","galle","2026-09-18T21:05:55.473Z",""
"SL-PET-12359","ආර්. එම්. කුමුදු කහඳගමගේ","93*****62V","0705072104","gampaha","2026-09-18T21:05:09.483Z",""
"SL-PET-12184","රංජිත් මඩවලගේ","65*****27V","0772561537","ratnapura","2026-09-18T21:04:35.255Z",""
"SL-PET-13712","ආර්. එම්. සරත් සේනාරත්න","93*****25V","0752356711","kalutara","2026-09-18T20:58:49.606Z",""
"SL-PET-12274","ලක්ෂ්මන් සුමනසේකර","19*****676","0724709782","monaragala","2026-09-18T20:53:43.713Z",""
"SL-PET-11110","රණසිංහ අසංක","19*****619","0712887756","overseas","2026-09-18T20:50:02.025Z",""
"SL-PET-13642","පී. බී. සිතුම් දසනායක","93*****42V","0774404841","kandy","2026-09-18T20:45:03.412Z",""
"SL-PET-10789","විජේසූරිය නිලන්ති","95*****17V","0774824214","kegalle","2026-09-18T20:37:55.782Z",""
"SL-PET-13036","රණවීර තිළිණ","19*****741","0713478812","kurunegala","2026-09-18T20:33:40.541Z",""
"SL-PET-11961","ගයාන් සුමනසේකර (ගයාන්)","85*****65V","0728471189","kurunegala","2026-09-18T20:33:38.109Z","නිරෝගී සුවය හා නිදහස ලැබේවා."
"SL-PET-11129","දැදිගම මනෝජා","74*****43V","0708197929","kurunegala","2026-09-18T20:30:55.428Z","ගරු ජනාධිපතිතුමනි, කරුණාවෙන් සලකා බලන්න."
"SL-PET-12351","ආර්. එම්. නිරෝෂා අබේසේකර","61*****15V","0764700074","galle","2026-09-18T20:28:56.952Z",""
"SL-PET-13679","රුක්මන් තිලකරත්න","20*****391","0763071662","polonnaruwa","2026-09-18T20:26:09.027Z","බුද්ධ ශාසනයේ ආරක්ෂාව උදෙසා උන්වහන්සේ මුදාහරින්න."
"SL-PET-11306","එච්. එම්. ලලිත් වික්‍රමසිංහ","19*****712","0727154839","kandy","2026-09-18T20:25:02.773Z",""
"SL-PET-12889","නලින් අබේසේකර (නලින්)","68*****16V","0782329228","kurunegala","2026-09-18T20:24:33.108Z",""
"SL-PET-13719","මදුශංක නිරංජලා","69*****28V","0763795930","colombo","2026-09-18T20:19:03.561Z","අධිකරණ තීන්දුවලට ගරු කරමින්ම ජනාධිපති සමාව අයදිමු."
"SL-PET-13566","එච්. එම්. හර්ෂ සෝමරත්න","19*****709","0783751165","galle","2026-09-18T20:17:22.882Z",""
"SL-PET-10816","දිල්හානි ප්‍රනාන්දු","70*****69V","0719135566","ampara","2026-09-18T20:16:35.562Z",""
"SL-PET-12139","ආර්. එම්. මාලක ගුණතිලක","19*****631","0778615229","matale","2026-09-18T20:15:52.811Z",""
"SL-PET-13488","පී. බී. අජිත් සමරසේකර","64*****31V","0775617362","hambantota","2026-09-18T20:15:17.141Z",""
"SL-PET-12806","පී. බී. උපුල් ජයවර්ධන","19*****376","0772599336","anuradhapura","2026-09-18T20:11:32.366Z",""
"SL-PET-11756","කේ. ඒ. චමින්ද දැදිගම","19*****843","0722027174","galle","2026-09-18T20:09:40.583Z","සාමකාමී ශ්‍රී ලංකාවක් උදෙසා උන්වහන්සේ නිදහස් කරන්න."
"SL-PET-10668","කේ. ඒ. කුසුම් රණසිංහ","77*****15V","0785793328","matara","2026-09-18T20:05:19.737Z","සාමකාමී ශ්‍රී ලංකාවක් උදෙසා උන්වහන්සේ නිදහස් කරන්න."
"SL-PET-13066","ආර්. එම්. ශිරාන් සිල්වා","20*****109","0773279825","ampara","2026-09-18T20:02:38.154Z",""
"SL-PET-10669","ආර්. එම්. ඉසුරු රණසිංහ","91*****70V","0729238591","galle","2026-09-18T20:00:42.805Z","රට ජාතිය ආගම වෙනුවෙන් හඬක් නැගූ හිමියන්ට නිදහස ලැබේවා."
"SL-PET-11213","චමින්ද ගුණසේකර","99*****68V","0719292642","kurunegala","2026-09-18T20:00:07.969Z",""
"SL-PET-12121","එච්. එම්. සංජීව ඉලංගකෝන්","72*****58V","0702494804","anuradhapura","2026-09-18T19:59:29.564Z","නිරෝගී සුවය හා නිදහස ලැබේවා."
"SL-PET-10557","ආර්. එම්. අනුර සිල්වා","19*****457","0768986570","badulla","2026-09-18T19:56:35.187Z",""
"SL-PET-13133","සමරසේකර අජිත්","19*****907","0721958652","ampara","2026-09-18T19:50:18.971Z",""
"SL-PET-11912","පී. බී. දිනේෂ් ගුණතිලක","73*****76V","0775445358","galle","2026-09-18T19:45:44.107Z",""
"SL-PET-13261","ශ්‍රියානි දේවප්‍රිය","83*****85V","0786215908","colombo","2026-09-18T19:43:45.128Z",""
"SL-PET-11599","ඩබ්. එම්. සංජීව මාරසිංහ","19*****940","0721465527","kegalle","2026-09-18T19:42:53.075Z",""
"SL-PET-12896","පී. බී. කුෂාන් ගුණතිලක","61*****52V","0786948572","badulla","2026-09-18T19:39:45.944Z",""
"SL-PET-10990","අතුරලියේ රේවත හිමි","69*****15V","0727103291","kalutara","2026-09-18T19:38:21.384Z",""
"SL-PET-11932","කේ. ඒ. මනෝජ් සෝමරත්න","19*****779","0775563547","matara","2026-09-18T19:36:49.141Z",""
"SL-PET-13476","පී. බී. දිනූෂ ගුණතිලක","90*****67V","0751399126","overseas","2026-09-18T19:28:14.731Z",""
"SL-PET-12166","ඩබ්. එම්. සම්පත් අබේසේකර","87*****24V","0722873342","ratnapura","2026-09-18T19:09:48.103Z",""
"SL-PET-13397","පී. බී. කෙවින් දේවප්‍රිය","19*****403","0771227406","colombo","2026-09-18T19:09:20.852Z","සියලු සත්වයෝ සුවපත් වෙත්වා! ඉක්මන් නිදහස පතමු."
"SL-PET-13872","පී. බී. කුමුදු ජයවර්ධන","68*****48V","0703747487","gampaha","2026-09-18T19:08:49.322Z",""
"SL-PET-11150","පූජ්‍ය අස්ගිරියේ ධම්මදින්න හිමි","80*****14V","0782723519","galle","2026-09-18T19:04:37.373Z",""
"SL-PET-10842","ඩබ්. එම්. සංජීව විජේතුංග","19*****187","0763438710","ampara","2026-09-18T19:02:47.373Z",""
"SL-PET-12002","චතුර පතිරණ","72*****99V","0727166878","anuradhapura","2026-09-18T18:58:08.333Z","උතුම් දළදා සමිඳු පිහිටෙන් නිදහස ලැබේවා."
"SL-PET-11026","කේ. ඒ. හර්ෂ විජේසූරිය","19*****238","0782673518","kandy","2026-09-18T18:57:05.319Z",""
"SL-PET-12914","පූජ්‍ය වටපොත චන්දරතන හිමි","19*****142","0723647273","nuwaraeliya","2026-09-18T18:52:06.848Z",""
"SL-PET-11468","තිලක් රණවීර","19*****706","0755259974","kegalle","2026-09-18T18:50:15.515Z",""
"SL-PET-13092","එච්. එම්. උදාරි මෙන්ඩිස්","19*****135","0715367240","colombo","2026-09-18T18:47:48.951Z",""
"SL-PET-13308","වසන්ති සෙනෙවිරත්න","19*****396","0725538843","kurunegala","2026-09-18T18:42:49.260Z",""
"SL-PET-11746","ප්‍රනාන්දු සමිත","19*****379","0753090307","galle","2026-09-18T18:42:41.666Z",""
"SL-PET-11791","ආර්. එම්. දිනේෂ් සේනාරත්න","19*****596","0717718750","trincomalee","2026-09-18T18:42:25.079Z",""
"SL-PET-11881","කේ. ඒ. නිලන්ති මාරසිංහ","99*****60V","0751503904","polonnaruwa","2026-09-18T18:38:39.763Z",""
"SL-PET-13381","රුවන් දසනායක (රුවන්)","60*****18V","0722075917","kandy","2026-09-18T18:36:34.625Z",""
"SL-PET-11107","ආර්. එම්. නිහාල් ලියනගේ","62*****12V","0716202244","nuwaraeliya","2026-09-18T18:35:38.548Z","ප්‍රජාතන්ත්‍රවාදී මහජන හඬට සවන් දෙන්න."
"SL-PET-13048","කේ. ඒ. කෞශල්‍යා දැදිගම","20*****810","0773671201","anuradhapura","2026-09-18T18:34:38.854Z",""
"SL-PET-12318","සජිත් සෝමරත්න","98*****18V","0717077481","nuwaraeliya","2026-09-18T18:33:52.353Z",""
"SL-PET-11434","තිලකරත්න අනුරාධා","19*****294","0718699471","gampaha","2026-09-18T18:28:40.809Z",""
"SL-PET-12934","එච්. එම්. ඉසුරු මඩවලගේ","19*****451","0704191348","ratnapura","2026-09-18T18:23:48.278Z","උතුම් දළදා සමිඳු පිහිටෙන් නිදහස ලැබේවා."
"SL-PET-10705","පී. බී. නයනා කුලතුංග","68*****82V","0766799175","colombo","2026-09-18T18:23:40.680Z","ත්‍රිවිධ හමුදා හා පුරවැසි ප්‍රජාවේ පූර්ණ සුභපැතුම්."
"SL-PET-11447","රොෂාන් සේනාරත්න (රොෂාන්)","96*****82V","0762507146","matale","2026-09-18T18:23:28.201Z","අපගේ ආශිර්වාදය හා සහයෝගය උන්වහන්සේ සමගයි."
"SL-PET-13877","දේවප්‍රිය ගයත්‍රි","89*****17V","0787679051","nuwaraeliya","2026-09-18T18:20:33.350Z",""
"SL-PET-11435","ඩබ්. එම්. හර්ෂ ප්‍රනාන්දු","65*****79V","0752151870","anuradhapura","2026-09-18T18:20:21.782Z","උතුම් දළදා සමිඳු පිහිටෙන් නිදහස ලැබේවා."
"SL-PET-10986","ආර්. එම්. ඉන්දිරා ලියනගේ","20*****525","0726153260","matara","2026-09-18T18:17:51.734Z","අධිකරණ තීන්දුවලට ගරු කරමින්ම ජනාධිපති සමාව අයදිමු."
"SL-PET-11538","දසනායක ගයාන්","95*****59V","0776935499","galle","2026-09-18T18:17:01.161Z","උතුම් දළදා සමිඳු පිහිටෙන් නිදහස ලැබේවා."
"SL-PET-10524","පී. බී. රොෂාන් වසන්ත","76*****82V","0751852711","kalutara","2026-09-18T18:09:45.854Z",""
"SL-PET-12511","සනත් හේරත්","19*****409","0715070343","kurunegala","2026-09-18T18:09:24.950Z",""
"SL-PET-12723","කේ. ඒ. රවින්ද්‍ර රාජපක්ෂ","20*****606","0717690196","overseas","2026-09-18T18:07:36.847Z",""
"SL-PET-13829","ඉසුරු ගුණතිලක","68*****65V","0777701085","overseas","2026-09-18T18:07:21.762Z","ඥානසාර හිමියන්ට කඩිනම් ජනාධිපති සමාව ලබා දෙන්න."
"SL-PET-11050","පී. බී. සංජීව ප්‍රේමචන්ද්‍ර","73*****39V","0714245358","galle","2026-09-18T18:05:00.154Z",""
"SL-PET-12163","කේ. ඒ. අජිත් දැදිගම","62*****29V","0728388133","kandy","2026-09-18T18:03:58.993Z",""
"SL-PET-12321","උදාරි වික්‍රමසිංහ (උදාරි)","83*****33V","0759031684","trincomalee","2026-09-18T17:50:50.955Z",""
"SL-PET-12965","විජේමාන්න ප්‍රමෝද්","64*****25V","0752532911","trincomalee","2026-09-18T17:42:53.825Z","රට ජාතිය ආගම වෙනුවෙන් හඬක් නැගූ හිමියන්ට නිදහස ලැබේවා."
"SL-PET-13515","සරත් කළුවිතාරණ","63*****37V","0766896360","kandy","2026-09-18T17:40:04.786Z","උතුම් දළදා සමිඳු පිහිටෙන් නිදහස ලැබේවා."
"SL-PET-13137","එච්. එම්. සංජීව සුමනසේකර","19*****547","0773168404","anuradhapura","2026-09-18T17:39:18.895Z",""
"SL-PET-10805","කේ. ඒ. සුනෙත්‍රා සිල්වා","73*****18V","0778208880","galle","2026-09-18T17:37:39.934Z",""
"SL-PET-13795","ශිරාන් මාරසිංහ (ශිරාන්)","93*****45V","0761215329","kegalle","2026-09-18T17:36:27.076Z","රට ජාතිය ආගම වෙනුවෙන් හඬක් නැගූ හිමියන්ට නිදහස ලැබේවා."
"SL-PET-12149","ඩබ්. එම්. සිතුම් ජයසිංහ","19*****763","0787239093","kurunegala","2026-09-18T17:36:21.428Z","බුද්ධ ශාසනයේ ආරක්ෂාව උදෙසා උන්වහන්සේ මුදාහරින්න."
"SL-PET-10925","හේමන්ත මඩවලගේ (හේමන්ත)","19*****813","0701701471","gampaha","2026-09-18T17:36:10.164Z",""
"SL-PET-13693","ඩබ්. එම්. චන්දන සේනාරත්න","20*****903","0714751867","kurunegala","2026-09-18T17:33:23.328Z",""
"SL-PET-10591","තිස්ස නවරත්න","98*****35V","0764346341","kurunegala","2026-09-18T17:30:58.077Z",""
"SL-PET-11641","අතුකෝරල ධම්මික","19*****312","0751841931","colombo","2026-09-18T17:30:16.675Z",""
"SL-PET-11573","ඩබ්. එම්. නිලන්ති ගුණතිලක","19*****146","0788805364","kurunegala","2026-09-18T17:28:12.490Z",""
"SL-PET-10958","කේ. ඒ. මනෝජ් විජේරත්න","63*****35V","0719058395","anuradhapura","2026-09-18T17:26:55.075Z","අපේ පූර්ණ සහයෝගය පෙත්සමට හිමිවේ."
"SL-PET-12810","පූජ්‍ය මාදුළුවාවේ ධම්මරතන හිමි","61*****31V","0756551024","ampara","2026-09-18T17:26:50.798Z",""
"SL-PET-11567","පී. බී. චතුරංග පෙරේරා","77*****73V","0706004558","kalutara","2026-09-18T17:21:57.546Z","අධිකරණ තීන්දුවලට ගරු කරමින්ම ජනාධිපති සමාව අයදිමු."
"SL-PET-13207","අයේෂා කහඳගමගේ (අයේෂා)","19*****426","0787771010","ratnapura","2026-09-18T17:21:41.246Z","රට ජාතිය ආගම වෙනුවෙන් හඬක් නැගූ හිමියන්ට නිදහස ලැබේවා."
"SL-PET-12255","රුවන් කුලතුංග (රුවන්)","66*****72V","0714043953","hambantota","2026-09-18T17:21:38.613Z",""
"SL-PET-11119","එච්. එම්. රොමේෂ් ලියනගේ","19*****154","0779718235","matara","2026-09-18T17:21:25.607Z",""
"SL-PET-13244","මඩවලගේ තක්ෂිලා","93*****72V","0758622174","monaragala","2026-09-18T17:21:18.492Z",""
"SL-PET-13722","පී. බී. දුමින්ද ප්‍රේමචන්ද්‍ර","64*****69V","0774559010","puttalam","2026-09-18T17:20:14.528Z",""
"SL-PET-11009","පී. බී. නිලන්ති විජේරත්න","89*****45V","0728913001","kurunegala","2026-09-18T17:17:36.820Z","ඥානසාර හිමියන්ට කඩිනම් ජනාධිපති සමාව ලබා දෙන්න."
"SL-PET-11038","එච්. එම්. චතුරිකා රණසිංහ","94*****27V","0729518264","kalutara","2026-09-18T17:17:18.486Z",""
"SL-PET-11564","නිරංජලා ආටිගල","83*****57V","0725903853","gampaha","2026-09-18T17:14:07.192Z",""
"SL-PET-10511","ප්‍රේමරත්න සේනාරත්න (ප්‍රේමරත්න)","87*****80V","0713657841","matale","2026-09-18T17:12:53.316Z",""
"SL-PET-12112","උදාරි ජයවර්ධන (උදාරි)","19*****703","0768920889","kegalle","2026-09-18T16:59:16.469Z","බුද්ධ ශාසනයේ ආරක්ෂාව උදෙසා උන්වහන්සේ මුදාහරින්න."
"SL-PET-10577","කේ. ඒ. නලින් මහවිතාන","76*****96V","0776340154","colombo","2026-09-18T16:59:00.142Z",""
"SL-PET-12782","ආර්. එම්. දර්ශන රාජපක්ෂ","65*****28V","0751660338","kurunegala","2026-09-18T16:57:01.120Z",""
"SL-PET-10508","එච්. එම්. රවින්ද්‍ර අතුකෝරල","19*****913","0718867540","kurunegala","2026-09-18T16:53:13.323Z","පෙත්සම සාර්ථක වේවා!"
"SL-PET-12705","පූජ්‍ය කුරුණෑගල ඥානාරාම හිමි","99*****58V","0762097867","ampara","2026-09-18T16:52:35.644Z","පෙත්සම සාර්ථක වේවා!"
"SL-PET-12632","පූජ්‍ය නාරද මේධානන්ද හිමි","97*****90V","0776736417","kalutara","2026-09-18T16:51:50.962Z",""
"SL-PET-12708","චම්පා දිසානායක (චම්පා)","19*****584","0781943385","gampaha","2026-09-18T16:50:08.862Z",""
"SL-PET-12470","පූජ්‍ය නාරද ඥානවිමල හිමි","79*****19V","0726958775","polonnaruwa","2026-09-18T16:35:01.421Z","නිරෝගී සුවය හා නිදහස ලැබේවා."
"SL-PET-11231","මහේෂ් මෙන්ඩිස් (මහේෂ්)","19*****449","0706485097","polonnaruwa","2026-09-18T16:33:55.504Z","අධිකරණ තීන්දුවලට ගරු කරමින්ම ජනාධිපති සමාව අයදිමු."
"SL-PET-10628","පූජ්‍ය මාදුළුවාවේ ආනන්ද හිමි","19*****151","0723027270","ratnapura","2026-09-18T16:32:48.332Z",""
"SL-PET-12917","ආර්. එම්. සනත් සෙනෙවිරත්න","99*****11V","0724113142","kegalle","2026-09-18T16:30:13.137Z",""
"SL-PET-11410","එච්. එම්. සන්ධ්‍යා කුලතුංග","84*****22V","0774519434","ratnapura","2026-09-18T16:27:03.163Z",""
"SL-PET-13073","විජේසිංහ රුචිරා","20*****417","0767507977","monaragala","2026-09-18T16:24:16.518Z",""
"SL-PET-12835","ගුණතිලක අයේෂා","69*****34V","0771234514","anuradhapura","2026-09-18T16:23:59.214Z","ලක්ෂ 50 ක ජනතා හඬට ඇහුම්කන් දෙන්න."
"SL-PET-10620","එච්. එම්. අජිත් රාජපක්ෂ","90*****46V","0756362194","puttalam","2026-09-18T16:23:58.932Z",""
"SL-PET-12528","සුනේත්‍රා ජයසිංහ (සුනේත්‍රා)","93*****55V","0766902881","colombo","2026-09-18T16:21:32.128Z","ත්‍රිවිධ හමුදා හා පුරවැසි ප්‍රජාවේ පූර්ණ සුභපැතුම්."
"SL-PET-11579","එච්. එම්. සුනෙත්‍රා කහඳගමගේ","84*****79V","0716214348","matale","2026-09-18T16:21:30.731Z","පෙත්සම සාර්ථක වේවා!"
"SL-PET-10915","කේ. ඒ. ජගත් මදුශංක","19*****422","0707609115","colombo","2026-09-18T16:21:23.631Z","නිරෝගී සුවය හා නිදහස ලැබේවා."
"SL-PET-12404","ඩබ්. එම්. රුක්මන් දේවප්‍රිය","75*****94V","0766564900","kurunegala","2026-09-18T16:13:40.204Z",""
"SL-PET-10861","එච්. එම්. මනෝජ් ඉලංගකෝන්","19*****683","0751960745","kegalle","2026-09-18T16:13:03.347Z",""
"SL-PET-10665","පී. බී. සුනෙත්‍රා ධර්මප්‍රිය","19*****574","0707203402","ratnapura","2026-09-18T16:12:35.736Z","නිරෝගී සුවය හා නිදහස ලැබේවා."
"SL-PET-11269","එච්. එම්. සිතුම් වික්‍රමසිංහ","85*****72V","0785021781","kurunegala","2026-09-18T16:10:34.797Z",""
"SL-PET-13095","ආර්. එම්. ගයාන් කුලතුංග","19*****789","0702931652","ampara","2026-09-18T16:04:04.677Z","රට ජාතිය ආගම වෙනුවෙන් හඬක් නැගූ හිමියන්ට නිදහස ලැබේවා."
"SL-PET-13194","ලක්ෂ්මන් සමරසේකර","66*****16V","0719351556","colombo","2026-09-18T16:03:04.912Z","ත්‍රිවිධ හමුදා හා පුරවැසි ප්‍රජාවේ පූර්ණ සුභපැතුම්."
"SL-PET-11885","කේ. ඒ. කුමාර සේනාරත්න","89*****44V","0719987260","galle","2026-09-18T16:03:04.160Z",""
"SL-PET-11800","කේ. ඒ. ලලිත් විජේරත්න","75*****60V","0755153621","trincomalee","2026-09-18T16:01:58.489Z",""
"SL-PET-13083","බුද්ධික මාරසිංහ","19*****577","0706435397","nuwaraeliya","2026-09-18T15:59:48.442Z",""
"SL-PET-11971","පූජ්‍ය කුරුණෑගල සීලරතන හිමි","63*****51V","0775216496","hambantota","2026-09-18T15:58:41.962Z",""
"SL-PET-12284","තිසර රත්නායක","19*****565","0702208850","puttalam","2026-09-18T15:57:33.346Z",""
"SL-PET-12382","කේ. ඒ. මනෝරි රණවීර","19*****961","0758713367","anuradhapura","2026-09-18T15:55:16.496Z",""
"SL-PET-13123","එච්. එම්. නිහාල් දිසානායක","19*****358","0716065390","ratnapura","2026-09-18T15:54:36.509Z","ත්‍රිවිධ හමුදා හා පුරවැසි ප්‍රජාවේ පූර්ණ සුභපැතුම්."
"SL-PET-12238","පී. බී. ඉන්දිරා මඩවලගේ","91*****13V","0789106451","colombo","2026-09-18T15:52:26.136Z",""
"SL-PET-10815","පූජ්‍ය කුරුණෑගල සුමනසාර හිමි","99*****48V","0754315823","gampaha","2026-09-18T15:49:34.345Z",""
"SL-PET-10774","අජිත් මහවිතාන","19*****314","0753549811","galle","2026-09-18T15:48:10.350Z","අධිකරණ තීන්දුවලට ගරු කරමින්ම ජනාධිපති සමාව අයදිමු."
"SL-PET-12195","ඩබ්. එම්. සමිත හපුආරච්චි","19*****390","0785856365","ratnapura","2026-09-18T15:47:08.767Z",""
"SL-PET-11279","කේ. ඒ. සිතුම් මාරසිංහ","76*****15V","0707604938","monaragala","2026-09-18T15:43:35.478Z",""
"SL-PET-13808","ප්‍රනාන්දු චතුර","96*****35V","0761563268","galle","2026-09-18T15:43:06.253Z","අපේ පූර්ණ සහයෝගය පෙත්සමට හිමිවේ."
"SL-PET-11019","පී. බී. මනෝජ් සමරසේකර","19*****379","0757204388","galle","2026-09-18T15:35:42.794Z","සියලු සත්වයෝ සුවපත් වෙත්වා! ඉක්මන් නිදහස පතමු."
"SL-PET-13271","කේ. ඒ. කෙවින් රාජපක්ෂ","74*****30V","0717602105","polonnaruwa","2026-09-18T15:31:09.781Z",""
"SL-PET-11261","ආර්. එම්. රංජිත් සුමනපාල","19*****425","0777101613","ampara","2026-09-18T15:30:30.348Z","අපේ ප්‍රාර්ථනාව කඩිනමින් ඉටුවේවා!"
"SL-PET-13609","කේ. ඒ. කුමාර ගුණසේකර","80*****19V","0765333986","kurunegala","2026-09-18T15:28:57.581Z",""
"SL-PET-12520","ආර්. එම්. කුමුදු සෙනෙවිරත්න","85*****82V","0783365296","galle","2026-09-18T15:28:23.825Z",""
"SL-PET-12607","අතුකෝරල ජගත්","84*****89V","0768356944","anuradhapura","2026-09-18T15:26:23.977Z",""
"SL-PET-13541","කේ. ඒ. සුනිල් මහවිතාන","69*****56V","0724811944","nuwaraeliya","2026-09-18T15:16:49.001Z","ලක්ෂ 50 ක ජනතා හඬට ඇහුම්කන් දෙන්න."
"SL-PET-13012","ඩබ්. එම්. රුචිරා දැදිගම","19*****220","0719448337","ampara","2026-09-18T15:16:17.990Z",""
"SL-PET-13026","පූජ්‍ය ගංගොඩවිල සෝභිත හිමි","91*****45V","0781223696","matale","2026-09-18T15:07:50.719Z","රට ජාතිය ආගම වෙනුවෙන් හඬක් නැගූ හිමියන්ට නිදහස ලැබේවා."
"SL-PET-12614","ඩබ්. එම්. කෙවින් වික්‍රමරත්න","62*****69V","0779375408","kurunegala","2026-09-18T14:55:08.607Z","අධිකරණ තීන්දුවලට ගරු කරමින්ම ජනාධිපති සමාව අයදිමු."
"SL-PET-10927","නයනා වසන්ත (නයනා)","98*****94V","0704735838","kurunegala","2026-09-18T14:48:37.705Z","උතුම් දළදා සමිඳු පිහිටෙන් නිදහස ලැබේවා."
"SL-PET-12855","පී. බී. අනෝජ් ලියනගේ","19*****516","0728106581","colombo","2026-09-18T14:44:40.501Z",""
"SL-PET-10977","පී. බී. කුමුදු දැදිගම","99*****19V","0773608170","monaragala","2026-09-18T14:39:57.878Z",""
"SL-PET-11521","මනෝජා කහඳගමගේ","79*****74V","0727485518","matara","2026-09-18T14:39:57.556Z",""
"SL-PET-13526","ඩබ්. එම්. සිතුම් වසන්ත","19*****352","0783622592","colombo","2026-09-18T14:38:02.363Z",""
"SL-PET-12143","පී. බී. අසංක සේනාරත්න","97*****24V","0768591964","colombo","2026-09-18T14:37:27.231Z",""
"SL-PET-11962","ඩබ්. එම්. මධුෂිකා ජයසිංහ","83*****90V","0786109779","colombo","2026-09-18T14:31:32.983Z",""
"SL-PET-11012","රණවීර අජිත්","91*****24V","0727784568","overseas","2026-09-18T14:31:24.344Z","පෙත්සම සාර්ථක වේවා!"
"SL-PET-13495","සචින් රාජපක්ෂ","70*****70V","0719419919","ampara","2026-09-18T14:26:52.756Z",""
"SL-PET-10686","මෙන්ඩිස් චාන්දනී","20*****857","0715662985","matale","2026-09-18T14:25:46.650Z",""
"SL-PET-11018","ඩබ්. එම්. අතුල ජයවර්ධන","19*****763","0726521287","kegalle","2026-09-18T14:24:10.221Z",""
"SL-PET-13400","පූජ්‍ය රජවත්තේ ධම්මරක්ඛිත හිමි","19*****851","0773919130","kegalle","2026-09-18T14:22:14.535Z",""
"SL-PET-13309","එච්. එම්. නලින් තිලකරත්න","19*****639","0715744832","matara","2026-09-18T14:21:15.829Z",""
"SL-PET-11878","තරිඳු මදුශංක","62*****52V","0714919399","kegalle","2026-09-18T14:18:22.582Z","ත්‍රිවිධ හමුදා හා පුරවැසි ප්‍රජාවේ පූර්ණ සුභපැතුම්."
"SL-PET-13185","ඩබ්. එම්. කුෂාන් මදුශංක","60*****53V","0724539712","kurunegala","2026-09-18T14:14:34.437Z",""
"SL-PET-11033","පූජ්‍ය අනුරාධපුර ඥානාරාම හිමි","95*****44V","0753201138","colombo","2026-09-18T14:13:12.183Z",""
"SL-PET-13840","කේ. ඒ. සජිත් තිලකරත්න","66*****70V","0768746609","gampaha","2026-09-18T14:10:19.219Z",""
"SL-PET-12609","ඩබ්. එම්. තිළිණ සෙනෙවිරත්න","19*****913","0787907246","kandy","2026-09-18T14:10:02.733Z","අපේ ප්‍රාර්ථනාව කඩිනමින් ඉටුවේවා!"
"SL-PET-12498","කේ. ඒ. මහේෂ් ගුණසේකර","94*****12V","0776558275","gampaha","2026-09-18T14:05:46.490Z",""
"SL-PET-13240","සජිත් විජේසිංහ","19*****391","0774360599","galle","2026-09-18T14:04:18.071Z","සමාව ලබා දී උන්වහන්සේ මුදාහරින්න."
"SL-PET-13867","බෙල්ලන්විල මේධානන්ද හිමි","19*****572","0772878977","kurunegala","2026-09-18T14:04:11.271Z","ත්‍රිවිධ හමුදා හා පුරවැසි ප්‍රජාවේ පූර්ණ සුභපැතුම්."
"SL-PET-12173","පී. බී. ජගත් සුමනසේකර","95*****90V","0765762977","matara","2026-09-18T14:00:49.947Z","ප්‍රජාතන්ත්‍රවාදී මහජන හඬට සවන් දෙන්න."
"SL-PET-13699","කේ. ඒ. ගයත්‍රි විජේසූරිය","19*****478","0768658869","gampaha","2026-09-18T13:57:38.462Z","ඥානසාර හිමියන්ට කඩිනම් ජනාධිපති සමාව ලබා දෙන්න."
"SL-PET-12551","එච්. එම්. නලින් ප්‍රනාන්දු","95*****38V","0763604464","badulla","2026-09-18T13:55:21.546Z","ගරු ජනාධිපතිතුමනි, කරුණාවෙන් සලකා බලන්න."
"SL-PET-12642","පූජ්‍ය කොටුගොඩ විපස්සී හිමි","70*****39V","0727194243","matara","2026-09-18T13:55:05.249Z",""
"SL-PET-13560","කේ. ඒ. අනෝජ් ජයසිංහ","19*****462","0787018837","kandy","2026-09-18T13:53:17.066Z",""
"SL-PET-10857","කේ. ඒ. ධම්මික අතුකෝරල","93*****42V","0766555926","puttalam","2026-09-18T13:49:38.565Z","සාධාරණත්වය ඉටු කරන්න."
"SL-PET-12367","කේ. ඒ. ඉන්දිරා මද්දුමගේ","96*****47V","0762795114","kandy","2026-09-18T13:44:49.593Z",""
"SL-PET-10641","ඩබ්. එම්. හර්ෂ කහඳගමගේ","73*****91V","0728512332","anuradhapura","2026-09-18T13:42:32.747Z",""
"SL-PET-10848","එච්. එම්. දිනූෂ විජේසූරිය","20*****291","0766888879","monaragala","2026-09-18T13:37:09.654Z",""
"SL-PET-13527","මල්කාන්ති හේරත් (මල්කාන්ති)","62*****45V","0711070776","ampara","2026-09-18T13:34:14.173Z",""
"SL-PET-12939","එච්. එම්. අනුරාධා විජේමාන්න","19*****484","0707466574","overseas","2026-09-18T13:33:48.515Z",""
"SL-PET-11218","පී. බී. සජිත් රණවීර","85*****73V","0704053685","polonnaruwa","2026-09-18T13:28:38.250Z",""
"SL-PET-11191","ප්‍රදීප් කුලතුංග (ප්‍රදීප්)","19*****958","0784627612","ratnapura","2026-09-18T13:26:09.783Z",""
"SL-PET-13876","එච්. එම්. පියුමි විජේතුංග","19*****675","0753774843","kandy","2026-09-18T13:15:58.793Z",""
"SL-PET-10826","ආටිගල කුසුම්","19*****597","0752411614","matale","2026-09-18T13:15:34.222Z",""
"SL-PET-11405","දිනේෂ් සුමනසේකර (දිනේෂ්)","67*****49V","0707434124","badulla","2026-09-18T13:13:14.303Z","අපගේ ආශිර්වාදය හා සහයෝගය උන්වහන්සේ සමගයි."
"SL-PET-11271","පූජ්‍ය තිස්සමහාරාමයේ චන්දරතන හිමි","79*****77V","0761611582","badulla","2026-09-18T13:12:43.336Z","රට ජාතිය ආගම වෙනුවෙන් හඬක් නැගූ හිමියන්ට නිදහස ලැබේවා."
"SL-PET-10761","ඉලංගකෝන් මධුෂිකා","19*****540","0706200360","galle","2026-09-18T13:09:34.120Z","අපේ පූර්ණ සහයෝගය පෙත්සමට හිමිවේ."
"SL-PET-11938","අනුරාධා ඉලංගකෝන්","62*****65V","0781582445","hambantota","2026-09-18T13:07:42.233Z","සාමකාමී ශ්‍රී ලංකාවක් උදෙසා උන්වහන්සේ නිදහස් කරන්න."
"SL-PET-12832","එච්. එම්. ශ්‍රියානි ගුණතිලක","19*****523","0716254235","overseas","2026-09-18T13:06:50.457Z",""
"SL-PET-12698","පතිරණ චන්දන","93*****62V","0705895582","kurunegala","2026-09-18T13:01:47.078Z",""
"SL-PET-12018","ආර්. එම්. චන්දන මාරසිංහ","19*****931","0784393723","matara","2026-09-18T12:59:19.924Z",""
"SL-PET-10685","ආර්. එම්. අනෝජ් කරුණාරත්න","20*****565","0772485660","anuradhapura","2026-09-18T12:59:01.786Z",""
"SL-PET-11308","දිල්හානි මහවිතාන","62*****36V","0725978174","colombo","2026-09-18T12:54:34.078Z","රට ජාතිය ආගම වෙනුවෙන් හඬක් නැගූ හිමියන්ට නිදහස ලැබේවා."
"SL-PET-13735","ඩබ්. එම්. කසුන් රණවීර","89*****75V","0751748029","matara","2026-09-18T12:53:47.847Z","ත්‍රිවිධ හමුදා හා පුරවැසි ප්‍රජාවේ පූර්ණ සුභපැතුම්."
"SL-PET-11263","ආර්. එම්. මාලා සුමනපාල","20*****665","0713815265","ratnapura","2026-09-18T12:50:50.646Z","ඥානසාර හිමියන්ට කඩිනම් ජනාධිපති සමාව ලබා දෙන්න."
"SL-PET-10722","පූජ්‍ය බදුල්ලේ ධම්මරතන හිමි","84*****99V","0755879034","badulla","2026-09-18T12:46:03.632Z",""
"SL-PET-12583","සිල්වා හිරුණි","98*****43V","0786253648","colombo","2026-09-18T12:40:43.305Z",""
"SL-PET-10884","පූජ්‍ය මාදුළුවාවේ තිස්ස හිමි","86*****16V","0751991479","kurunegala","2026-09-18T12:30:36.199Z","ඥානසාර හිමියන්ට කඩිනම් ජනාධිපති සමාව ලබා දෙන්න."
"SL-PET-11317","පී. බී. රුක්මන් කුමාරසිංහ","19*****267","0709283172","trincomalee","2026-09-18T12:28:47.490Z","බුද්ධ ශාසනයේ ආරක්ෂාව උදෙසා උන්වහන්සේ මුදාහරින්න."
"SL-PET-10772","සුමනපාල පියුමි","20*****458","0767375519","nuwaraeliya","2026-09-18T12:24:56.368Z",""
"SL-PET-13383","ඩබ්. එම්. ජගත් ධර්මප්‍රිය","82*****59V","0756381460","kalutara","2026-09-18T12:21:42.856Z","ඥානසාර හිමියන්ට කඩිනම් ජනාධිපති සමාව ලබා දෙන්න."
"SL-PET-13341","කේ. ඒ. සුජාතා ලියනගේ","90*****67V","0765963030","galle","2026-09-18T12:18:54.276Z","සමාව ලබා දී උන්වහන්සේ මුදාහරින්න."
"SL-PET-12737","ඩබ්. එම්. කෙවින් ආටිගල","70*****52V","0775294680","gampaha","2026-09-18T12:18:06.728Z","ලක්ෂ 50 ක ජනතා හඬට ඇහුම්කන් දෙන්න."
"SL-PET-11319","විජේසිංහ සුනේත්‍රා","96*****28V","0703195970","hambantota","2026-09-18T12:08:59.441Z","අපගේ ආශිර්වාදය හා සහයෝගය උන්වහන්සේ සමගයි."
"SL-PET-12175","ප්‍රනාන්දු රුචිරා","74*****17V","0785434955","kalutara","2026-09-18T12:07:55.210Z",""
"SL-PET-13564","දිල්හානි තිලකරත්න","73*****57V","0753675741","galle","2026-09-18T12:07:26.901Z",""
"SL-PET-11939","කේ. ඒ. අනුරාධා විජේරත්න","86*****34V","0778671258","kegalle","2026-09-18T12:06:39.763Z",""
"SL-PET-12198","ආර්. එම්. නිලන්ති දසනායක","19*****439","0728312132","galle","2026-09-18T12:01:14.257Z","සාමකාමී ශ්‍රී ලංකාවක් උදෙසා උන්වහන්සේ නිදහස් කරන්න."
"SL-PET-13709","එච්. එම්. දර්ශන කහඳගමගේ","19*****559","0761051628","hambantota","2026-09-18T11:57:49.376Z",""
"SL-PET-12678","කේ. ඒ. ප්‍රමෝද් මාරසිංහ","70*****59V","0705467581","polonnaruwa","2026-09-18T11:54:37.617Z","ලක්ෂ 50 ක ජනතා හඬට ඇහුම්කන් දෙන්න."
"SL-PET-11935","කේ. ඒ. කුමුදුනී විජේතුංග","92*****83V","0712819383","gampaha","2026-09-18T11:52:58.033Z",""
"SL-PET-11540","ආර්. එම්. තිස්ස කහඳගමගේ","61*****54V","0713741136","monaragala","2026-09-18T11:50:30.457Z","බුද්ධ ශාසනයේ ආරක්ෂාව උදෙසා උන්වහන්සේ මුදාහරින්න."
"SL-PET-10972","පී. බී. මාලක සෙනෙවිරත්න","98*****98V","0724907223","colombo","2026-09-18T11:50:24.232Z",""
"SL-PET-11636","ආර්. එම්. ප්‍රේමරත්න හේරත්","82*****80V","0754013999","hambantota","2026-09-18T11:50:22.285Z",""
"SL-PET-10740","ආර්. එම්. අනුරාධා විජේතුංග","19*****482","0782463918","galle","2026-09-18T11:49:17.430Z",""
"SL-PET-10989","ආර්. එම්. ප්‍රේමරත්න මඩවලගේ","87*****96V","0721491602","galle","2026-09-18T11:45:52.696Z","අපගේ ආශිර්වාදය හා සහයෝගය උන්වහන්සේ සමගයි."
"SL-PET-13750","චන්දන සමරසේකර (චන්දන)","65*****27V","0716389320","polonnaruwa","2026-09-18T11:43:00.655Z","අපගේ ආශිර්වාදය හා සහයෝගය උන්වහන්සේ සමගයි."
"SL-PET-12234","එච්. එම්. සුනිල් වසන්ත","19*****455","0782290743","monaragala","2026-09-18T11:42:52.923Z",""
"SL-PET-12615","ආර්. එම්. දිනේෂ් ප්‍රනාන්දු","20*****246","0727568520","anuradhapura","2026-09-18T11:41:45.888Z","උතුම් දළදා සමිඳු පිහිටෙන් නිදහස ලැබේවා."
"SL-PET-11347","එච්. එම්. දිනූෂ ලියනගේ","19*****917","0789932874","kegalle","2026-09-18T11:39:08.494Z",""
"SL-PET-12483","නයනා මාරසිංහ","88*****12V","0766000324","badulla","2026-09-18T11:37:03.929Z","සියලු සත්වයෝ සුවපත් වෙත්වා! ඉක්මන් නිදහස පතමු."
"SL-PET-13070","චන්දන දිසානායක","19*****981","0751646575","anuradhapura","2026-09-18T11:36:48.542Z",""
"SL-PET-11063","ගුණතිලක බුද්ධික","19*****196","0773987060","anuradhapura","2026-09-18T11:34:46.169Z",""
"SL-PET-11577","මහින්ද ලියනගේ (මහින්ද)","19*****391","0769197953","matale","2026-09-18T11:31:31.375Z",""
"SL-PET-11866","තිලක් පෙරේරා","19*****499","0709466938","trincomalee","2026-09-18T11:30:30.395Z","අධිකරණ තීන්දුවලට ගරු කරමින්ම ජනාධිපති සමාව අයදිමු."
"SL-PET-12851","කහඳගමගේ අනෝජ්","94*****81V","0702856744","kurunegala","2026-09-18T11:29:37.985Z","සාමකාමී ශ්‍රී ලංකාවක් උදෙසා උන්වහන්සේ නිදහස් කරන්න."
"SL-PET-13835","ඩබ්. එම්. ලලිත් සෝමරත්න","83*****77V","0766398315","matara","2026-09-18T11:20:04.465Z","සියලු සත්වයෝ සුවපත් වෙත්වා! ඉක්මන් නිදහස පතමු."
"SL-PET-12760","ආර්. එම්. චම්පා මහවිතාන","66*****86V","0707714033","gampaha","2026-09-18T11:19:02.474Z",""
"SL-PET-13451","පතිරණ අමිල","78*****43V","0783756594","kandy","2026-09-18T11:18:50.604Z","අපගේ ආශිර්වාදය හා සහයෝගය උන්වහන්සේ සමගයි."
"SL-PET-12156","එච්. එම්. අමිල ජයවර්ධන","93*****42V","0782973116","colombo","2026-09-18T11:14:44.529Z",""
"SL-PET-10600","ආර්. එම්. ලක්ෂ්මන් කළුවිතාරණ","19*****473","0721274011","anuradhapura","2026-09-18T11:12:49.975Z",""
"SL-PET-13591","ආර්. එම්. ජීවන්ත මහවිතාන","19*****563","0787642264","galle","2026-09-18T11:12:47.155Z",""
"SL-PET-13787","ඩබ්. එම්. සනත් වසන්ත","96*****19V","0756217765","monaragala","2026-09-18T11:07:04.827Z","ඥානසාර හිමියන්ට කඩිනම් ජනාධිපති සමාව ලබා දෙන්න."
"SL-PET-13423","එච්. එම්. හිරුණි රණවීර","93*****74V","0775812420","kurunegala","2026-09-18T11:03:52.270Z",""
"SL-PET-12743","ආර්. එම්. සුනිල් රණසිංහ","63*****16V","0727018228","kurunegala","2026-09-18T11:03:47.831Z",""
"SL-PET-12788","ඩබ්. එම්. මනෝරි රාජපක්ෂ","63*****59V","0728389972","kandy","2026-09-18T11:00:50.926Z","අපේ පූර්ණ සහයෝගය පෙත්සමට හිමිවේ."
"SL-PET-13802","පූජ්‍ය කොටුගොඩ සෝභිත හිමි","89*****54V","0779277314","anuradhapura","2026-09-18T11:00:49.052Z",""
"SL-PET-12940","ආර්. එම්. මාලක විජේරත්න","95*****63V","0757866046","ratnapura","2026-09-18T10:59:18.734Z",""
"SL-PET-12477","ඩබ්. එම්. ශිරාන් පෙරේරා","93*****15V","0702335435","anuradhapura","2026-09-18T10:46:03.943Z",""
"SL-PET-12640","ඩබ්. එම්. ජගත් මද්දුමගේ","73*****29V","0779412072","kegalle","2026-09-18T10:44:26.099Z",""
"SL-PET-10762","එච්. එම්. රුචිරා සිල්වා","19*****490","0725968260","kandy","2026-09-18T10:42:26.641Z","ඥානසාර හිමියන්ට කඩිනම් ජනාධිපති සමාව ලබා දෙන්න."
"SL-PET-12036","සම්පත් දිසානායක","20*****877","0755119501","matale","2026-09-18T10:41:41.034Z",""
"SL-PET-10788","එච්. එම්. තිස්ස කළුවිතාරණ","71*****65V","0702688371","colombo","2026-09-18T10:32:04.971Z",""
"SL-PET-12893","කේ. ඒ. මනෝජ් නවරත්න","20*****588","0756194364","kurunegala","2026-09-18T10:31:17.855Z","ලක්ෂ 50 ක ජනතා හඬට ඇහුම්කන් දෙන්න."
"SL-PET-13221","එච්. එම්. උපුල් සමරසේකර","67*****14V","0702330244","anuradhapura","2026-09-18T10:28:13.445Z","ලක්ෂ 50 ක ජනතා හඬට ඇහුම්කන් දෙන්න."
"SL-PET-11438","විජේරත්න දුමින්ද","19*****520","0719224964","galle","2026-09-18T10:27:33.178Z",""
"SL-PET-11500","එච්. එම්. අනෝජ් රණවීර","19*****982","0722192765","matara","2026-09-18T10:25:48.287Z",""
"SL-PET-12702","ඩබ්. එම්. හර්ෂ දැදිගම","70*****75V","0723963027","kurunegala","2026-09-18T10:24:05.166Z","ලක්ෂ 50 ක ජනතා හඬට ඇහුම්කන් දෙන්න."
"SL-PET-12981","ආර්. එම්. දර්ශන විජේසිංහ","19*****652","0723026114","galle","2026-09-18T10:20:42.612Z",""
"SL-PET-10904","දර්ශන සේනාරත්න (දර්ශන)","93*****86V","0763196921","matale","2026-09-18T10:18:27.936Z",""
"SL-PET-12612","ප්‍රදීප් කරුණාරත්න","87*****60V","0713216191","monaragala","2026-09-18T10:16:03.312Z","නිරෝගී සුවය හා නිදහස ලැබේවා."
"SL-PET-11509","ඩබ්. එම්. තිළිණ වික්‍රමරත්න","19*****873","0755809796","anuradhapura","2026-09-18T10:13:49.162Z",""
"SL-PET-11681","තිසර දේවප්‍රිය (තිසර)","72*****15V","0766041387","kurunegala","2026-09-18T10:13:36.231Z",""
"SL-PET-13038","පී. බී. නිහාල් සිරිවර්ධන","19*****443","0779986698","galle","2026-09-18T10:02:59.064Z","සමාව ලබා දී උන්වහන්සේ මුදාහරින්න."
"SL-PET-11393","සනත් සිල්වා","80*****31V","0788164853","hambantota","2026-09-18T10:02:11.377Z","අපේ ප්‍රාර්ථනාව කඩිනමින් ඉටුවේවා!"
"SL-PET-12336","ඩබ්. එම්. සිතුම් හේරත්","90*****66V","0726466104","polonnaruwa","2026-09-18T09:59:52.691Z",""
"SL-PET-13315","හේමන්ත අතුකෝරල","89*****32V","0715483971","nuwaraeliya","2026-09-18T09:56:44.731Z","සමාව ලබා දී උන්වහන්සේ මුදාහරින්න."
"SL-PET-10846","චතුරංග විජේරත්න","19*****482","0711139674","ratnapura","2026-09-18T09:54:20.034Z","අපගේ ආශිර්වාදය හා සහයෝගය උන්වහන්සේ සමගයි."
"SL-PET-12530","කේ. ඒ. මාලක ඉලංගකෝන්","19*****105","0729724023","matara","2026-09-18T09:46:50.851Z",""
"SL-PET-13525","කේ. ඒ. අනෝමා වික්‍රමරත්න","71*****24V","0771848163","ratnapura","2026-09-18T09:46:25.979Z","සියලු සත්වයෝ සුවපත් වෙත්වා! ඉක්මන් නිදහස පතමු."
"SL-PET-13499","පී. බී. නිරෝෂා අබේසේකර","82*****40V","0788951543","kandy","2026-09-18T09:42:33.851Z","අපගේ ආශිර්වාදය හා සහයෝගය උන්වහන්සේ සමගයි."
"SL-PET-10570","පතිරණ කුමුදු","74*****87V","0762495491","badulla","2026-09-18T09:42:25.634Z","රට ජාතිය ආගම වෙනුවෙන් හඬක් නැගූ හිමියන්ට නිදහස ලැබේවා."
"SL-PET-12853","වික්‍රමරත්න දුමින්ද","71*****56V","0783743535","overseas","2026-09-18T09:41:54.683Z",""
"SL-PET-13004","ආර්. එම්. ප්‍රදීප් නවරත්න","74*****63V","0757950180","anuradhapura","2026-09-18T09:41:34.612Z",""
"SL-PET-13443","ආර්. එම්. නිහාල් ආටිගල","81*****18V","0788808420","matara","2026-09-18T09:38:04.176Z",""
"SL-PET-11367","දේවප්‍රිය සනත්","19*****972","0788438888","anuradhapura","2026-09-18T09:32:00.755Z",""
"SL-PET-13417","පූජ්‍ය ගංගොඩවිල සුමනසාර හිමි","63*****81V","0728112396","colombo","2026-09-18T09:31:13.510Z",""
"SL-PET-10721","එච්. එම්. සුනිල් විජේසිංහ","79*****16V","0702839903","puttalam","2026-09-18T09:29:01.418Z",""
"SL-PET-13701","කේ. ඒ. අනෝමා රණසිංහ","20*****773","0708883753","anuradhapura","2026-09-18T09:28:20.179Z",""
"SL-PET-12430","සනත් ලියනගේ (සනත්)","69*****89V","0725751391","ratnapura","2026-09-18T09:21:33.516Z",""
"SL-PET-13742","ආර්. එම්. තිස්ස සෝමරත්න","62*****85V","0786864382","kurunegala","2026-09-18T09:20:07.247Z","ප්‍රජාතන්ත්‍රවාදී මහජන හඬට සවන් දෙන්න."
"SL-PET-12792","පී. බී. අනෝමා තිලකරත්න","19*****951","0729481553","kandy","2026-09-18T09:19:21.978Z","පෙත්සම සාර්ථක වේවා!"
"SL-PET-10566","ආර්. එම්. අජිත් දැදිගම","69*****60V","0754567919","trincomalee","2026-09-18T09:15:08.059Z",""
"SL-PET-12748","ලියනගේ ඉසුරු","19*****702","0721727478","colombo","2026-09-18T09:12:55.794Z","නිරෝගී සුවය හා නිදහස ලැබේවා."
"SL-PET-12038","අමිල මෙන්ඩිස්","19*****718","0763668382","gampaha","2026-09-18T09:12:52.482Z",""
"SL-PET-13622","පූජ්‍ය මාදුළුවාවේ ධම්මදින්න හිමි","66*****74V","0701273509","ampara","2026-09-18T09:11:22.590Z",""
"SL-PET-10649","නිරෝෂා සිරිවර්ධන (නිරෝෂා)","68*****30V","0717787214","anuradhapura","2026-09-18T09:05:55.762Z","සියලු සත්වයෝ සුවපත් වෙත්වා! ඉක්මන් නිදහස පතමු."
"SL-PET-12975","පී. බී. කුසුම් දසනායක","19*****470","0768962003","colombo","2026-09-18T09:04:09.986Z","පෙත්සම සාර්ථක වේවා!"
"SL-PET-10907","අතුල අතුකෝරල","70*****56V","0752832000","kandy","2026-09-18T09:00:05.069Z",""
"SL-PET-11902","ඩබ්. එම්. අතුල කුමාරසිංහ","99*****27V","0766957667","puttalam","2026-09-18T08:57:53.849Z",""
"SL-PET-12105","පූජ්‍ය රත්නපුරේ පඤ්ඤානන්ද හිමි","19*****171","0722611202","anuradhapura","2026-09-18T08:51:20.483Z",""
"SL-PET-12581","ඩබ්. එම්. වසන්ත ගුණසේකර","73*****98V","0723479860","polonnaruwa","2026-09-18T08:50:18.015Z",""
"SL-PET-13028","ඩබ්. එම්. මධුෂිකා සුමනපාල","20*****376","0705242488","hambantota","2026-09-18T08:50:10.706Z",""
"SL-PET-12995","ආර්. එම්. චතුරංග ජයවර්ධන","67*****61V","0722990725","kurunegala","2026-09-18T08:50:01.531Z","උතුම් දළදා සමිඳු පිහිටෙන් නිදහස ලැබේවා."
"SL-PET-13810","පී. බී. තිළිණ ජයසිංහ","62*****72V","0722530963","trincomalee","2026-09-18T08:48:41.671Z","රට ජාතිය ආගම වෙනුවෙන් හඬක් නැගූ හිමියන්ට නිදහස ලැබේවා."
"SL-PET-12638","කේ. ඒ. රුචිරා ලියනගේ","19*****636","0777607931","badulla","2026-09-18T08:45:42.356Z","සාධාරණත්වය ඉටු කරන්න."
"SL-PET-13055","ආර්. එම්. දුමින්ද අබේසේකර","87*****58V","0723589196","kalutara","2026-09-18T08:43:41.754Z",""
"SL-PET-12993","සිතුම් මෙන්ඩිස්","84*****19V","0715877607","colombo","2026-09-18T08:41:21.228Z","ගරු ජනාධිපතිතුමනි, කරුණාවෙන් සලකා බලන්න."
"SL-PET-11827","එච්. එම්. මනෝජ් නවරත්න","78*****64V","0719724081","ratnapura","2026-09-18T08:39:44.559Z",""
"SL-PET-12055","එච්. එම්. ජනක ප්‍රනාන්දු","86*****27V","0706131971","monaragala","2026-09-18T08:34:14.180Z","උතුම් දළදා සමිඳු පිහිටෙන් නිදහස ලැබේවා."
"SL-PET-13465","පී. බී. මනෝජ් ජයසිංහ","19*****995","0759514016","kurunegala","2026-09-18T08:23:28.794Z","ඥානසාර හිමියන්ට කඩිනම් ජනාධිපති සමාව ලබා දෙන්න."
"SL-PET-13395","සමරසේකර තිස්ස","73*****55V","0723816439","badulla","2026-09-18T08:16:44.678Z","ඥානසාර හිමියන්ට කඩිනම් ජනාධිපති සමාව ලබා දෙන්න."
"SL-PET-12014","හපුආරච්චි කෞශල්‍යා","91*****55V","0761677601","ampara","2026-09-18T08:13:09.287Z",""
"SL-PET-12365","එච්. එම්. රුවන් විජේසූරිය","77*****34V","0708860132","galle","2026-09-18T08:12:04.929Z","ප්‍රජාතන්ත්‍රවාදී මහජන හඬට සවන් දෙන්න."
"SL-PET-13340","බෙල්ලන්විල මේධානන්ද හිමි","19*****293","0729361728","kurunegala","2026-09-18T08:09:07.525Z",""
"SL-PET-11346","ආර්. එම්. අනෝමා ජයවර්ධන","73*****77V","0708694908","ratnapura","2026-09-18T08:06:07.563Z",""
"SL-PET-11258","පූජ්‍ය කුරුණෑගල පියරතන හිමි","88*****84V","0788541669","kurunegala","2026-09-18T08:00:15.259Z",""